company_id,year,net_profit_margin_pct,operating_profit_margin_pct,return_on_equity_pct,return_on_capital_employed_pct,return_on_assets_pct,debt_to_equity,interest_coverage,asset_turnover,free_cash_flow_cr,capex_cr,earnings_per_share,book_value_per_share,dividend_payout_ratio_pct,total_debt_cr,cash_from_operations_cr,revenue_cagr_5yr,pat_cagr_5yr,eps_cagr_5yr,composite_quality_score
ABB,Dec 2012,8.77,12.22,22.41,31.22,15.99,0.0,,1.82,42.0,59.0,68.0,308.1,25.0,0.0,101.0,,,,95.71
ABB,Mar 2014,8.7,11.73,25.13,33.88,17.38,0.0,,2.0,11.0,144.0,93.0,375.24,25.0,0.0,155.0,,,,96.86
ABB,Mar 2015,10.0,13.63,24.44,33.3,16.67,0.0,,1.67,28.0,187.0,108.0,446.19,29.0,0.0,215.0,,,,99.14
ABB,Mar 2016,9.76,13.96,21.34,30.54,15.78,0.0,138.33,1.62,172.0,77.0,120.0,569.05,29.0,0.0,249.0,,,,99.71
ABB,Mar 2017,9.54,13.71,19.97,28.7,13.41,0.0,227.5,1.41,152.0,155.0,130.0,660.48,31.0,0.0,307.0,11.92,13.82,13.84,95.71
ABB,Mar 2018,12.16,15.92,23.69,31.01,16.6,0.0,160.5,1.37,-62.0,215.0,189.0,806.19,29.0,0.0,153.0,,,,91.14
ABB,Mar 2019,12.23,16.44,22.41,30.13,15.3,0.0,359.0,1.25,242.0,257.0,212.0,956.19,31.0,0.0,499.0,10.08,17.84,17.92,95.08
ABB,Mar 2020,14.49,18.49,24.39,29.05,16.72,0.07,96.78,1.15,225.0,401.0,279.0,1157.62,90.0,175.0,626.0,12.33,20.96,20.9,97.33
ABB,Mar 2021,16.03,21.39,26.56,33.47,17.99,0.06,55.72,1.12,655.0,72.0,325.0,1239.05,85.0,153.0,727.0,10.52,22.06,22.05,95.52
ABB,Mar 2022,16.26,22.02,28.33,36.41,18.92,0.05,61.32,1.16,552.0,396.0,376.0,1342.86,73.0,152.0,948.0,11.1,23.6,23.67,96.1
ABB,Mar 2023,17.74,22.55,29.77,36.53,20.83,0.04,85.0,1.17,745.0,148.0,447.0,1518.1,73.0,113.0,893.0,10.16,18.8,18.79,94.56
ABB,Mar 2024,20.53,24.84,32.47,38.42,23.13,0.02,141.75,1.13,797.0,416.0,565.0,1761.43,73.0,83.0,1213.0,9.72,21.69,21.66,94.72
ABB,TTM,21.18,25.5,,,,,164.73,,,,605.0,,,,,,,,100.0
ADANIENSOL,Mar 2014,,,0.0,0.0,,0.0,,,0.0,0.0,0.0,10.0,,0.0,0.0,,,,33.33
ADANIENSOL,Mar 2015,-5.34,77.1,-0.65,0.94,-0.06,8.96,1.42,0.01,-1899.0,1864.0,0.0,9.94,0.0,9701.0,-35.0,,,,2.34
ADANIENSOL,Mar 2016,16.77,87.83,13.77,17.12,3.13,3.21,2.09,0.19,728.0,816.0,3.0,24.29,0.0,8585.0,1544.0,,,,60.14
ADANIENSOL,Mar 2017,14.46,68.95,14.12,16.63,3.25,3.05,2.22,0.22,459.0,1730.0,4.0,26.79,0.0,8975.0,2189.0,,,,60.15
ADANIENSOL,Mar 2018,28.98,71.65,18.87,17.14,6.62,1.72,3.31,0.23,-994.0,3192.0,10.0,55.06,0.0,10428.0,2198.0,,,,72.06
ADANIENSOL,Mar 2019,7.65,38.03,6.95,9.86,1.72,2.5,2.24,0.22,-459.0,3050.0,5.0,73.12,0.0,20137.0,2591.0,,,,40.27
ADANIENSOL,Mar 2020,6.18,37.3,8.31,13.0,1.78,2.85,2.02,0.29,-206.0,5643.0,7.0,77.26,0.0,24246.0,5437.0,144.37,,,55.82
ADANIENSOL,Mar 2021,13.0,39.79,14.46,10.97,2.98,3.04,2.39,0.23,-225.0,4009.0,11.0,81.08,0.0,27095.0,3784.0,35.24,28.51,29.67,66.97
ADANIENSOL,Mar 2022,10.98,37.36,12.47,10.56,2.6,3.02,2.32,0.24,161.0,3936.0,11.0,90.12,0.0,29902.0,4097.0,31.38,24.33,22.42,64.5
ADANIENSOL,Mar 2023,9.64,33.99,10.9,9.82,2.38,2.92,2.19,0.25,-922.0,4699.0,11.0,105.37,0.0,34270.0,3777.0,27.51,2.31,1.92,49.35
ADANIENSOL,Mar 2024,7.2,34.39,9.46,11.49,2.04,2.93,2.28,0.28,1095.0,4943.0,10.0,113.37,0.0,37070.0,6038.0,17.85,16.43,14.87,62.37
ADANIENSOL,TTM,2.67,29.83,,,,,1.81,,,,6.0,,,,,,,,9.0
ADANIENT,Mar 2013,2.63,12.98,5.69,6.64,1.09,3.24,2.23,0.41,-7124.0,14790.0,15.0,194.51,10.0,69332.0,7666.0,,,,33.85
ADANIENT,Mar 2014,4.82,17.08,11.14,9.8,2.24,3.03,1.85,0.47,221.0,8007.0,20.0,215.97,7.0,71980.0,8228.0,,,,45.55
ADANIENT,Mar 2015,3.56,19.31,8.93,11.39,1.76,3.25,1.88,0.49,-2933.0,11465.0,18.0,233.89,8.0,83571.0,8532.0,,,,44.71
ADANIENT,Mar 2016,2.94,4.95,7.47,5.17,2.4,1.43,2.01,0.82,3287.0,1825.0,9.0,121.62,4.0,19169.0,5112.0,,,,39.37
ADANIENT,Mar 2017,2.53,5.21,6.54,5.44,1.94,1.47,2.11,0.77,-686.0,1460.0,9.0,128.51,4.0,20846.0,774.0,,,,35.92
ADANIENT,Mar 2018,1.65,5.67,3.94,6.23,1.05,1.17,1.92,0.64,-4707.0,7649.0,7.0,137.17,6.0,17637.0,2942.0,-4.98,-13.38,-14.14,26.73
ADANIENT,Mar 2019,1.25,4.88,3.43,7.57,1.19,0.76,1.52,0.95,5723.0,2487.0,7.0,134.15,6.0,11243.0,3236.0,-5.98,-28.17,-18.94,29.84
ADANIENT,Mar 2020,2.4,5.29,6.14,7.81,2.22,0.73,2.01,0.93,1372.0,1082.0,10.0,154.06,10.0,12419.0,2454.0,-7.61,-14.66,-11.09,33.54
ADANIENT,Mar 2021,2.65,6.34,6.1,7.51,2.03,0.95,2.18,0.77,-4568.0,8611.0,8.0,155.99,12.0,16227.0,4043.0,3.06,0.9,-2.33,35.88
ADANIENT,Mar 2022,1.14,5.35,3.54,5.82,0.78,1.87,1.87,0.68,-15656.0,17041.0,7.0,202.34,14.0,41604.0,1385.0,13.7,-3.16,-4.9,34.89
ADANIENT,Mar 2023,1.9,6.91,7.33,10.22,1.71,1.61,2.43,0.9,2167.0,15459.0,22.0,289.92,6.0,53200.0,17626.0,28.84,32.46,25.74,61.74
ADANIENT,Mar 2024,3.46,11.8,8.53,10.9,2.08,1.67,2.75,0.6,-8455.0,18767.0,28.0,342.77,5.0,65310.0,10312.0,19.02,45.81,31.95,63.57
ADANIENT,TTM,5.95,13.58,,,,,3.71,,,,49.0,,,,,,,,30.11
ADANIGREEN,Mar 2017,-9.36,80.28,-3.91,7.26,-0.76,3.61,1.45,0.08,-1483.0,1511.0,0.0,9.44,0.0,4347.0,28.0,,,,12.93
ADANIGREEN,Mar 2018,-9.32,56.96,-10.29,7.52,-0.88,7.36,1.6,0.09,-3779.0,4428.0,-1.0,8.57,0.0,9864.0,649.0,,,,13.64
ADANIGREEN,Mar 2019,-23.08,74.15,-24.57,11.67,-3.24,5.76,1.43,0.14,-1041.0,2666.0,-3.0,12.36,0.0,11142.0,1625.0,,,,20.25
ADANIGREEN,Mar 2020,-2.67,56.89,-2.89,8.42,-0.37,6.31,1.35,0.14,-1778.0,3743.0,0.0,15.07,0.0,14866.0,1965.0,,,,14.68
ADANIGREEN,Mar 2021,5.83,71.73,8.27,8.49,0.63,11.0,1.35,0.11,-7536.0,9137.0,1.0,14.07,0.0,24209.0,1601.0,,,,38.78
ADANIGREEN,Mar 2022,9.53,68.42,18.71,6.33,0.83,20.21,1.54,0.09,-15603.0,18730.0,3.0,16.71,0.0,52832.0,3127.0,59.2,,,59.58
ADANIGREEN,Mar 2023,12.51,63.91,13.32,8.08,1.45,7.42,1.94,0.12,3408.0,3857.0,6.0,46.11,0.0,54223.0,7265.0,39.35,,,55.82
ADANIGREEN,Mar 2024,13.67,79.37,12.81,9.8,1.43,6.6,1.71,0.1,-13347.0,21060.0,7.0,62.08,0.0,64858.0,7713.0,34.98,,,56.94
ADANIGREEN,TTM,17.88,75.13,,,,,1.81,,,,9.0,,0.0,,,,,,9.0
ADANIPORTS,Mar 2013,45.82,66.59,25.63,13.22,7.79,1.82,5.03,0.17,-3757.0,5136.0,8.0,31.89,12.0,11620.0,1379.0,,,,67.57
ADANIPORTS,Mar 2014,36.05,60.43,19.86,13.42,7.06,1.48,3.69,0.2,-1378.0,2510.0,8.0,42.34,12.0,12979.0,1132.0,,,,66.05
ADANIPORTS,Mar 2015,37.78,63.43,21.59,13.67,7.24,1.65,3.9,0.19,572.0,2485.0,11.0,52.0,10.0,17776.0,3057.0,,,,70.32
ADANIPORTS,Mar 2016,40.17,64.38,21.15,12.77,7.44,1.65,4.72,0.19,-1772.0,4153.0,14.0,65.24,8.0,22342.0,2381.0,,,,67.91
ADANIPORTS,Mar 2017,46.24,64.2,22.26,13.63,9.0,1.27,5.78,0.19,1434.0,2629.0,19.0,84.67,7.0,22214.0,4063.0,,,,76.87
ADANIPORTS,Mar 2018,32.59,63.21,17.65,16.54,7.81,1.07,5.07,0.24,1762.0,3846.0,18.0,100.98,11.0,22370.0,5608.0,25.92,17.62,17.61,84.91
ADANIPORTS,Mar 2019,37.03,60.38,16.6,12.66,7.18,1.14,5.69,0.19,1661.0,4368.0,19.0,117.74,1.0,27712.0,6029.0,17.73,18.37,18.89,80.2
ADANIPORTS,Mar 2020,31.88,50.09,14.87,10.68,6.11,1.19,4.04,0.19,6653.0,749.0,19.0,125.4,17.0,30242.0,7402.0,14.05,10.25,11.55,68.63
ADANIPORTS,Mar 2021,40.23,69.23,16.59,13.1,6.77,1.18,4.73,0.17,-6508.0,14064.0,25.0,149.96,20.0,35855.0,7556.0,12.04,12.07,12.3,73.41
ADANIPORTS,Mar 2022,28.93,55.66,11.84,10.62,5.04,1.15,4.47,0.17,4927.0,5493.0,23.0,198.2,22.0,47935.0,10420.0,15.2,4.89,3.9,61.87
ADANIPORTS,Mar 2023,25.85,52.5,11.88,11.08,4.79,1.18,4.77,0.19,-4816.0,16716.0,25.0,210.13,20.0,53434.0,11900.0,12.99,7.88,6.79,63.49
ADANIPORTS,Mar 2024,30.34,58.36,15.35,15.25,6.93,0.94,5.95,0.23,8250.0,6768.0,38.0,244.34,16.0,49470.0,15018.0,19.58,14.91,14.87,83.08
ADANIPORTS,TTM,34.25,60.35,,,,,7.03,,,,45.0,,,,,,,,67.0
ADANIPOWER,Mar 2013,-34.29,14.35,-53.46,2.08,-4.2,9.74,0.69,0.12,-1063.0,4064.0,-10.0,17.94,0.0,41795.0,3001.0,,,,3.47
ADANIPOWER,Mar 2014,-1.9,29.96,-4.45,9.06,-0.5,6.75,1.14,0.26,-1462.0,4700.0,-1.0,22.78,0.0,44150.0,3238.0,,,,15.36
ADANIPOWER,Mar 2015,-4.37,25.04,-14.25,9.27,-1.4,7.82,1.21,0.32,1087.0,4737.0,-3.0,19.93,0.0,44742.0,5824.0,,,,15.84
ADANIPOWER,Mar 2016,2.17,34.68,7.38,14.62,0.73,7.06,1.55,0.33,2565.0,2692.0,2.0,22.4,0.0,52729.0,5257.0,,,,46.59
ADANIPOWER,Mar 2017,-27.3,26.44,-205.8,10.78,-8.63,17.49,0.39,0.32,3513.0,1212.0,-16.0,7.78,0.0,52484.0,4725.0,,,,17.97
ADANIPOWER,Mar 2018,-10.36,26.77,-236.56,10.12,-3.02,59.43,1.11,0.29,4581.0,520.0,-5.0,2.3,0.0,52835.0,5101.0,24.85,,,33.66
ADANIPOWER,Mar 2019,-4.12,20.86,-12.76,9.11,-1.45,6.09,1.31,0.35,4626.0,984.0,-3.0,19.99,0.0,46980.0,5610.0,9.28,,,24.98
ADANIPOWER,Mar 2020,-8.6,21.66,-35.1,9.3,-3.03,8.52,1.14,0.35,3294.0,2304.0,-6.0,16.8,0.0,55199.0,5598.0,7.21,,,22.22
ADANIPOWER,Mar 2021,4.84,33.13,9.69,13.24,1.61,4.01,2.08,0.33,4826.0,2188.0,3.0,34.0,0.0,52519.0,7014.0,0.66,18.18,8.45,49.79
ADANIPOWER,Mar 2022,17.73,35.66,26.61,14.62,5.99,2.66,3.37,0.34,11007.0,774.0,13.0,47.85,0.0,49145.0,10233.0,4.15,,,60.47
ADANIPOWER,Mar 2023,27.67,26.04,35.91,13.98,12.5,1.42,4.29,0.45,9976.0,1545.0,28.0,77.46,0.0,42350.0,8431.0,13.81,,,74.37
ADANIPOWER,Mar 2024,41.37,36.2,48.28,23.44,22.64,0.8,8.3,0.55,17651.0,3481.0,54.0,111.86,0.0,34616.0,14170.0,16.09,,,91.66
ADANIPOWER,TTM,23.21,38.36,,,,,7.14,,,,33.0,,,,,,,,68.22
AMBUJACEM,Dec 2012,13.25,25.37,14.69,27.92,10.47,0.01,32.59,0.79,1472.0,388.0,8.0,57.12,43.0,60.0,1860.0,,,,92.41
AMBUJACEM,Dec 2013,13.95,18.22,13.51,17.55,9.86,0.01,30.73,0.71,771.0,496.0,8.0,61.24,44.0,48.0,1267.0,,,,87.09
AMBUJACEM,Dec 2014,14.94,19.43,14.77,19.14,10.71,0.0,35.65,0.72,1219.0,456.0,10.0,64.97,46.0,34.0,1675.0,,,,91.3
AMBUJACEM,Dec 2015,8.56,16.34,7.87,14.96,5.72,0.0,20.6,0.67,1474.0,83.0,5.0,66.26,54.0,35.0,1557.0,,,,75.47
AMBUJACEM,Dec 2016,7.14,15.83,7.23,16.03,4.37,0.0,23.67,0.61,-1355.0,4165.0,6.0,99.85,50.0,29.0,2810.0,,,,76.09
AMBUJACEM,Dec 2017,8.24,16.34,9.41,18.64,5.48,0.0,20.35,0.66,2678.0,738.0,8.0,104.14,47.0,24.0,3416.0,19.35,8.53,0.0,81.58
AMBUJACEM,Dec 2018,11.42,15.4,13.29,17.9,7.95,0.0,24.96,0.7,938.0,765.0,11.0,112.7,14.0,40.0,1703.0,23.24,18.39,6.58,86.89
AMBUJACEM,Dec 2019,10.27,16.96,11.56,19.06,6.93,0.0,30.58,0.67,3548.0,1191.0,11.0,121.3,14.0,41.0,4739.0,22.18,13.35,1.92,88.97
AMBUJACEM,Dec 2020,12.67,20.42,13.65,21.55,7.82,0.02,37.81,0.62,3515.0,1317.0,12.0,114.64,151.0,471.0,4832.0,21.04,30.91,19.14,93.65
AMBUJACEM,Dec 2021,12.81,21.44,14.64,24.04,8.21,0.02,44.26,0.64,3302.0,2007.0,14.0,127.73,45.0,477.0,5309.0,7.59,20.95,18.47,87.23
AMBUJACEM,Mar 2023 15,7.77,13.15,,,,,28.56,,,,13.0,,19.0,,,8.38,0.34,3.4,46.8
AMBUJACEM,Mar 2024,14.29,19.3,11.43,15.18,7.26,0.02,28.26,0.51,-3295.0,8941.0,16.0,188.44,12.0,699.0,5646.0,4.12,11.23,7.78,71.96
AMBUJACEM,TTM,11.78,17.72,,,,,23.66,,,,13.0,,,,,,,,100.0
APOLLOHOSP,Mar 2013,8.04,16.24,11.03,15.45,6.29,0.44,6.26,0.78,-290.0,733.0,22.0,196.21,25.0,1213.0,443.0,,,,74.75
APOLLOHOSP,Mar 2014,7.23,15.52,10.58,15.64,5.89,0.45,5.83,0.81,17.0,356.0,23.0,212.64,25.0,1344.0,373.0,,,,73.7
APOLLOHOSP,Mar 2015,6.53,14.37,10.56,14.27,5.19,0.63,6.64,0.79,-289.0,759.0,24.0,226.57,24.0,1992.0,470.0,,,,71.76
APOLLOHOSP,Mar 2016,3.82,11.12,7.05,11.09,3.19,0.85,4.31,0.84,-291.0,888.0,17.0,238.0,35.0,2834.0,597.0,,,,56.41
APOLLOHOSP,Mar 2017,1.81,10.12,3.95,11.4,1.62,0.94,3.09,0.9,-529.0,1152.0,16.0,236.71,38.0,3125.0,623.0,,,,49.63
APOLLOHOSP,Mar 2018,0.73,9.72,1.85,11.99,0.7,1.05,2.8,0.96,132.0,405.0,8.0,232.29,59.0,3427.0,537.0,16.94,-27.67,-18.32,47.17
APOLLOHOSP,Mar 2019,2.08,11.13,6.0,15.27,2.18,1.1,3.35,1.05,194.0,711.0,17.0,238.14,35.0,3673.0,905.0,17.16,-8.68,-5.87,54.88
APOLLOHOSP,Mar 2020,3.84,14.15,12.93,22.94,3.83,1.08,3.4,1.0,1004.0,289.0,33.0,238.57,18.0,3596.0,1293.0,17.0,5.22,6.58,71.95
APOLLOHOSP,Mar 2021,1.3,10.8,2.98,13.01,1.2,0.9,2.77,0.93,385.0,880.0,10.0,319.65,29.0,4160.0,1265.0,11.42,-10.23,-10.07,46.71
APOLLOHOSP,Mar 2022,7.56,14.93,19.7,22.59,8.36,0.72,6.75,1.11,949.0,747.0,73.0,390.49,16.0,4068.0,1696.0,15.11,53.27,35.47,94.62
APOLLOHOSP,Mar 2023,5.08,12.43,13.62,19.61,5.85,0.7,5.62,1.15,520.0,857.0,57.0,430.42,26.0,4332.0,1377.0,15.04,69.68,48.1,87.03
APOLLOHOSP,Mar 2024,4.91,12.56,13.48,19.51,5.58,0.77,5.57,1.14,383.0,1537.0,63.0,481.67,26.0,5333.0,1920.0,14.66,36.13,29.95,85.93
APOLLOHOSP,TTM,5.98,13.41,,,,,6.23,,,,82.0,,,,,,,,58.11
ASIANPAINT,Mar 2013,11.04,16.54,34.28,47.79,17.1,0.07,44.07,1.55,724.0,463.0,12.0,35.25,40.0,251.0,1187.0,,,,100.0
ASIANPAINT,Mar 2014,10.34,16.4,31.27,46.74,15.64,0.06,44.33,1.51,816.0,586.0,13.0,42.07,42.0,249.0,1402.0,,,,100.0
ASIANPAINT,Mar 2015,10.48,16.47,30.09,43.47,16.01,0.09,56.79,1.53,723.0,465.0,15.0,49.4,42.0,418.0,1188.0,,,,97.57
ASIANPAINT,Mar 2016,12.63,19.09,27.63,39.79,17.08,0.05,59.96,1.35,1377.0,866.0,18.0,67.97,41.0,323.0,2243.0,,,,100.0
ASIANPAINT,Mar 2017,13.38,19.88,26.51,36.67,16.25,0.07,90.05,1.21,846.0,681.0,20.0,79.21,51.0,560.0,1527.0,,,,96.57
ASIANPAINT,Mar 2018,12.47,19.04,24.95,35.83,15.24,0.06,86.34,1.22,557.0,1556.0,21.0,87.6,41.0,533.0,2113.0,9.88,12.58,11.84,92.46
ASIANPAINT,Mar 2019,11.48,19.57,23.31,34.89,13.59,0.14,36.72,1.18,1552.0,918.0,22.0,98.66,47.0,1320.0,2470.0,9.5,11.82,11.1,91.32
ASIANPAINT,Mar 2020,13.73,20.57,27.38,36.96,17.19,0.11,44.24,1.25,2520.0,518.0,28.0,105.52,43.0,1118.0,3038.0,8.22,14.22,13.3,92.44
ASIANPAINT,Mar 2021,14.77,22.36,25.04,34.94,15.76,0.09,56.39,1.07,3142.0,541.0,33.0,133.4,55.0,1093.0,3683.0,8.76,12.21,12.89,90.97
ASIANPAINT,Mar 2022,10.6,16.51,22.34,31.2,13.44,0.11,53.68,1.27,669.0,317.0,32.0,143.88,61.0,1587.0,986.0,14.08,8.88,9.86,86.16
ASIANPAINT,Mar 2023,12.16,18.15,26.23,34.92,16.27,0.12,46.47,1.34,2911.0,1282.0,43.0,166.58,60.0,1933.0,4193.0,15.44,14.86,15.41,99.86
ASIANPAINT,Mar 2024,15.66,21.37,29.68,35.77,18.59,0.13,41.0,1.19,3556.0,2548.0,57.0,195.08,58.0,2474.0,6104.0,13.03,20.28,20.97,98.03
ASIANPAINT,TTM,13.3,19.18,,,,,32.15,,,,48.0,,,,,,,,100.0
ATGL,Mar 2018,11.79,26.64,15.94,15.5,5.78,1.32,3.57,0.49,,,6.0,3.95,0.0,1345.0,,,,,64.71
ATGL,Mar 2019,13.32,26.47,20.78,30.41,11.18,0.36,5.71,0.84,,,2.0,10.02,12.0,394.0,,,,,92.06
ATGL,Mar 2020,23.25,31.73,29.64,31.33,17.61,0.29,15.59,0.76,,,4.0,13.37,6.0,428.0,,,,,100.0
ATGL,Mar 2021,27.3,41.51,23.94,28.58,14.45,0.27,18.35,0.53,,,4.0,17.58,6.0,529.0,,,,,100.0
ATGL,Mar 2022,16.75,25.44,21.07,22.4,11.53,0.43,15.45,0.69,,,5.0,21.96,5.0,1035.0,,,,,100.0
ATGL,Mar 2023,12.47,19.87,18.57,19.94,9.67,0.48,11.85,0.78,,,5.0,26.74,5.0,1422.0,,26.08,27.51,-3.58,98.34
ATGL,Mar 2024,14.93,24.67,18.66,21.49,10.13,0.43,10.5,0.68,,,6.0,32.55,4.0,1557.0,,21.09,23.88,24.57,98.51
ATGL,TTM,13.84,23.89,,,,,11.37,,,,6.0,,,,,,,,100.0
BAJAJ-AUTO,Mar 2013,15.65,18.26,38.85,44.69,24.78,0.01,4446.0,1.58,824.0,1394.0,108.0,279.07,42.0,116.0,2218.0,,,,95.86
BAJAJ-AUTO,Mar 2014,16.79,20.67,33.24,40.71,22.08,0.01,4837.0,1.32,1430.0,2072.0,117.0,351.8,43.0,59.0,3502.0,,,,100.0
BAJAJ-AUTO,Mar 2015,14.01,19.12,27.27,36.83,18.95,0.01,726.0,1.35,1734.0,380.0,105.0,383.91,48.0,112.0,2114.0,,,,95.71
BAJAJ-AUTO,Mar 2016,17.99,21.23,28.97,33.9,23.56,0.01,5987.0,1.31,3622.0,68.0,140.0,485.12,39.0,118.0,3690.0,,,,98.71
BAJAJ-AUTO,Mar 2017,18.75,20.36,22.84,24.64,18.85,0.01,5897.0,1.01,-343.0,3610.0,141.0,617.85,39.0,120.0,3267.0,,,,97.14
BAJAJ-AUTO,Mar 2018,16.74,19.22,20.66,23.59,16.78,0.01,6250.0,1.0,2374.0,1954.0,146.0,706.75,41.0,121.0,4328.0,4.71,6.13,6.21,80.84
BAJAJ-AUTO,Mar 2019,16.23,17.12,21.21,22.25,17.09,0.01,1806.5,1.05,2214.0,273.0,170.0,803.91,35.0,125.0,2487.0,8.56,7.83,7.76,81.39
BAJAJ-AUTO,Mar 2020,17.42,17.08,24.06,23.45,19.66,0.01,2313.67,1.13,5616.0,1766.0,180.0,749.55,67.0,126.0,3850.0,6.74,11.49,11.38,85.63
BAJAJ-AUTO,Mar 2021,17.51,17.8,17.81,18.03,14.45,0.0,929.71,0.83,251.0,2869.0,168.0,943.7,83.0,121.0,3120.0,4.21,3.64,3.71,70.09
BAJAJ-AUTO,Mar 2022,18.6,15.87,20.65,17.54,17.56,0.0,881.11,0.94,4473.0,276.0,213.0,1033.18,66.0,123.0,4197.0,8.79,8.62,8.6,81.75
BAJAJ-AUTO,Mar 2023,16.62,17.73,20.64,21.93,17.25,0.0,204.2,1.04,6488.0,1211.0,214.0,1037.53,65.0,124.0,5277.0,7.66,7.51,7.95,83.87
BAJAJ-AUTO,Mar 2024,17.18,19.53,26.61,28.39,19.59,0.07,174.42,1.14,6486.0,72.0,276.0,1038.06,29.0,1912.0,6558.0,8.13,9.36,10.18,85.99
BAJAJ-AUTO,TTM,15.07,18.7,,,,,65.11,,,,263.0,,,,,,,,100.0
AXISBANK,Mar 2013,19.05,30.58,15.62,2.52,1.52,8.93,1.27,0.08,-8366.0,10939.0,22.0,141.7,16.0,296254.0,2573.0,,,,33.49
AXISBANK,Mar 2014,20.29,31.47,16.19,2.59,1.61,8.68,1.3,0.08,298.0,14166.0,26.0,163.39,15.0,333280.0,14464.0,,,,41.59
AXISBANK,Mar 2015,20.74,31.36,16.37,2.46,1.57,9.05,1.33,0.08,-23134.0,7972.0,31.0,189.66,15.0,406638.0,-15162.0,,,,27.42
AXISBANK,Mar 2016,20.06,32.61,15.36,2.54,1.51,8.82,1.43,0.08,-25284.0,9211.0,35.0,224.57,14.0,472150.0,-34495.0,,,,26.25
AXISBANK,Mar 2017,8.26,53.45,6.53,4.08,0.6,9.36,2.04,0.07,19751.0,12458.0,15.0,235.41,33.0,527437.0,32209.0,,,,31.09
AXISBANK,Mar 2018,0.6,63.12,0.43,4.28,0.04,9.52,2.63,0.07,-48397.0,10007.0,1.0,250.32,0.0,611425.0,-38390.0,10.99,-44.37,-46.11,17.51
AXISBANK,Mar 2019,8.51,49.39,6.9,3.48,0.57,10.5,2.07,0.07,18451.0,18674.0,18.0,263.82,6.0,711996.0,37125.0,12.41,-5.54,-7.09,33.98
AXISBANK,Mar 2020,2.6,55.98,1.88,3.97,0.18,9.23,2.26,0.07,20931.0,9485.0,6.0,306.17,0.0,797337.0,30416.0,12.04,-26.05,-28.0,29.29
AXISBANK,Mar 2021,10.4,50.12,6.36,3.33,0.66,8.21,2.59,0.06,-41655.0,54288.0,22.0,337.99,0.0,850551.0,12633.0,9.1,-4.34,-8.87,30.56
AXISBANK,Mar 2022,19.33,44.47,11.01,2.63,1.09,8.63,1.97,0.06,1025.0,27112.0,42.0,385.21,2.0,1020943.0,28137.0,8.63,28.77,22.87,48.35
AXISBANK,Mar 2023,11.25,34.16,7.38,2.27,0.71,8.88,1.8,0.06,-10276.0,32351.0,31.0,422.05,3.0,1152038.0,22075.0,13.22,103.28,98.73,48.76
AXISBANK,Mar 2024,22.73,34.69,15.83,2.61,1.64,8.25,1.69,0.07,-14556.0,9001.0,81.0,508.99,1.0,1295302.0,-5555.0,14.74,39.67,35.1,48.95
AXISBANK,TTM,21.87,36.94,,,,,1.77,,,,85.0,,,,,,,,8.56
BAJAJFINSV,Mar 2013,27.49,48.8,28.38,18.91,3.39,1.67,3.27,0.12,-3969.0,2953.0,10.0,97.53,2.0,12991.0,-6922.0,,,,62.33
BAJAJFINSV,Mar 2014,36.38,74.56,23.53,15.58,2.95,2.09,2.88,0.08,-6043.0,3764.0,10.0,116.4,2.0,19507.0,-9807.0,,,,53.81
BAJAJFINSV,Mar 2015,21.25,48.62,21.72,14.73,2.73,2.37,2.47,0.13,-7022.0,3709.0,11.0,138.61,2.0,26312.0,-10731.0,,,,51.95
BAJAJFINSV,Mar 2016,13.51,32.82,20.41,13.57,2.67,2.65,2.34,0.2,-10681.0,886.0,12.0,169.99,1.0,36062.0,-9795.0,,,,50.08
BAJAJFINSV,Mar 2017,14.08,35.55,21.36,13.52,2.68,2.99,2.34,0.19,-10771.0,151.0,14.0,201.89,1.0,48282.0,-10922.0,,,,50.01
BAJAJFINSV,Mar 2018,12.71,32.83,20.39,12.52,2.59,3.21,2.38,0.2,-20502.0,922.0,17.0,256.04,1.0,65695.0,-19580.0,32.47,13.53,11.2,62.58
BAJAJFINSV,Mar 2019,12.61,35.29,22.64,12.18,2.58,4.2,2.26,0.2,-33979.0,6903.0,20.0,296.75,1.0,99754.0,-27076.0,47.89,19.66,14.87,63.58
BAJAJFINSV,Mar 2020,11.03,33.59,19.15,11.52,2.39,4.06,1.92,0.22,-33317.0,9948.0,21.0,391.27,2.0,127212.0,-23369.0,36.82,20.0,13.81,61.69
BAJAJFINSV,Mar 2021,12.16,32.42,20.56,11.96,2.63,3.59,2.12,0.22,863.0,3684.0,28.0,447.88,1.0,128461.0,4547.0,24.16,21.56,18.47,69.4
BAJAJFINSV,Mar 2022,12.15,31.36,20.66,10.65,2.49,4.0,2.23,0.21,-32225.0,1445.0,29.0,503.09,1.0,161179.0,-33670.0,22.79,19.23,15.68,62.02
BAJAJFINSV,Mar 2023,14.88,36.39,26.31,11.55,3.01,4.57,2.41,0.2,-53425.0,13945.0,40.0,291.87,2.0,212265.0,-39480.0,20.09,23.93,18.66,63.12
BAJAJFINSV,Mar 2024,14.13,37.04,25.85,11.71,2.9,4.79,2.2,0.21,-79634.0,10960.0,51.0,379.42,2.0,288933.0,-68674.0,20.97,23.75,20.59,63.04
BAJAJFINSV,TTM,13.08,36.02,,,,,2.11,,,,53.0,,,,,,,,12.33
BAJAJHLDNG,Mar 2013,550.74,95.55,17.94,3.11,17.23,0.0,,0.03,104.0,369.0,167.0,931.98,15.0,0.0,473.0,,,,62.21
BAJAJHLDNG,Mar 2014,469.98,94.56,16.57,3.33,15.97,0.0,,0.03,353.0,519.0,179.0,1080.99,17.0,0.0,872.0,,,,63.29
BAJAJHLDNG,Mar 2015,387.21,92.37,15.15,3.61,14.6,0.0,,0.04,332.0,464.0,182.0,1206.58,19.0,0.0,796.0,,,,60.94
BAJAJHLDNG,Mar 2016,481.91,91.28,14.81,2.81,14.64,0.0,,0.03,2166.0,1019.0,204.0,1377.75,16.0,0.0,1147.0,,,,61.03
BAJAJHLDNG,Mar 2017,293.71,74.58,13.88,3.52,13.82,0.0,,0.05,-1295.0,372.0,222.0,1605.23,15.0,0.0,-923.0,,,,53.43
BAJAJHLDNG,Mar 2018,632.14,84.52,10.54,1.41,10.51,0.0,,0.02,508.0,1123.0,239.0,2270.36,17.0,0.0,1631.0,4.5,7.42,7.43,49.97
BAJAJHLDNG,Mar 2019,707.19,80.51,11.31,1.29,11.29,0.0,,0.02,465.0,163.0,274.0,2428.11,12.0,0.0,628.0,0.38,8.92,8.89,44.0
BAJAJHLDNG,Mar 2020,708.05,69.2,11.09,1.08,9.41,0.01,258.38,0.01,1120.0,800.0,269.0,2501.17,15.0,168.0,1920.0,-3.65,8.71,8.13,47.08
BAJAJHLDNG,Mar 2021,799.56,77.02,9.83,0.94,8.03,0.0,950.75,0.01,-36.0,308.0,328.0,3348.38,12.0,136.0,272.0,-0.56,10.04,9.96,41.51
BAJAJHLDNG,Mar 2022,852.48,75.83,9.63,0.85,7.7,0.0,1421.0,0.01,1459.0,151.0,364.0,3859.64,32.0,114.0,1610.0,-10.48,10.78,10.4,45.16
BAJAJHLDNG,Mar 2023,947.51,72.8,11.19,0.86,9.3,0.0,721.86,0.01,1591.0,137.0,436.0,3980.36,28.0,93.0,1728.0,4.44,13.25,12.78,53.24
BAJAJHLDNG,Mar 2024,432.73,91.77,13.58,2.88,11.3,0.0,3764.5,0.03,1469.0,472.0,653.0,4887.12,20.0,63.0,1941.0,31.61,19.3,18.97,69.06
BAJAJHLDNG,TTM,431.97,89.67,,,,,3804.5,,,,666.0,,,,,,,,100.0
BAJFINANCE,Mar 2015,16.65,32.49,18.71,5.57,2.74,5.55,68.35,0.16,-7424.0,360.0,18.0,192.0,10.0,26655.0,-7064.0,,,,48.97
BAJFINANCE,Mar 2016,17.52,32.25,17.22,5.3,2.72,4.99,68.03,0.16,-10557.0,687.0,24.0,275.07,10.0,37025.0,-9870.0,,,,46.46
BAJFINANCE,Mar 2017,18.42,32.6,19.12,5.52,2.88,5.13,149.05,0.16,-13486.0,3047.0,33.0,176.15,11.0,49250.0,-10439.0,,,,49.49
BAJFINANCE,Mar 2018,19.58,32.28,15.75,4.99,2.94,4.2,414.6,0.15,-19491.0,1075.0,43.0,275.62,9.0,66557.0,-20566.0,,,,43.91
BAJFINANCE,Mar 2019,21.61,29.5,20.28,4.5,3.22,5.16,422.15,0.15,-34441.0,5379.0,69.0,342.56,9.0,101588.0,-29062.0,,,,49.29
BAJFINANCE,Mar 2020,19.96,34.73,16.28,5.65,3.2,4.02,1020.89,0.16,-33170.0,8758.0,87.0,538.8,11.0,129806.0,-24412.0,37.37,42.43,37.04,61.93
BAJFINANCE,Mar 2021,16.57,40.64,11.97,6.43,2.58,3.57,3621.0,0.16,-1236.0,429.0,73.0,615.3,14.0,131634.0,-807.0,29.59,28.15,24.92,58.4
BAJFINANCE,Mar 2022,22.21,37.55,16.08,5.69,3.31,3.78,,0.15,-30743.0,6347.0,116.0,722.53,17.0,165232.0,-37090.0,25.98,30.8,28.58,57.52
BAJFINANCE,Mar 2023,27.79,30.65,21.17,4.68,4.18,3.99,,0.15,-52506.0,10394.0,190.0,898.71,16.0,216690.0,-42112.0,26.58,35.75,34.6,60.76
BAJFINANCE,Mar 2024,26.29,29.29,18.84,4.35,3.85,3.82,2689.17,0.15,-79931.0,7171.0,233.0,1237.03,15.0,293346.0,-72760.0,24.35,29.32,27.56,63.19
BAJFINANCE,TTM,24.71,30.42,,,,,654.38,,,,248.0,,,,,,,,100.0
BANKBARODA,Mar 2013,13.25,30.05,14.51,2.02,0.86,15.3,2.43,0.07,22682.0,514.0,23.0,157.36,19.0,509192.0,23196.0,,,,40.17
BANKBARODA,Mar 2014,12.45,29.78,13.31,1.84,0.74,16.3,2.17,0.06,41503.0,730.0,23.0,175.62,19.0,616973.0,42233.0,,,,37.79
BANKBARODA,Mar 2015,8.79,29.98,9.4,1.9,0.54,15.84,2.47,0.06,17282.0,556.0,18.0,189.27,18.0,665483.0,17838.0,,,,32.76
BANKBARODA,Mar 2016,-10.99,55.44,-11.84,3.83,-0.73,14.6,4.23,0.07,-14016.0,4005.0,-22.0,184.0,0.0,620536.0,-10011.0,,,,12.36
BANKBARODA,Mar 2017,4.17,43.28,4.31,2.78,0.26,15.06,2.42,0.06,17314.0,551.0,8.0,186.44,15.0,648499.0,17865.0,,,,26.67
BANKBARODA,Mar 2018,-3.99,56.65,-3.94,3.63,-0.25,14.44,3.26,0.06,-60106.0,414.0,-7.0,175.72,0.0,672311.0,-59692.0,4.79,,,14.57
BANKBARODA,Mar 2019,2.2,48.79,2.12,3.27,0.14,13.35,3.27,0.06,-3986.0,2537.0,4.0,207.53,0.0,734456.0,-1449.0,5.51,-25.37,-29.52,13.42
BANKBARODA,Mar 2020,1.24,51.44,1.29,3.54,0.08,14.05,3.33,0.07,18392.0,139.0,2.0,164.55,0.0,1068981.0,18531.0,11.93,-24.31,-35.56,29.35
BANKBARODA,Mar 2021,2.18,51.23,1.97,3.31,0.13,12.95,2.59,0.06,-1358.0,471.0,3.0,159.05,0.0,1067173.0,-887.0,10.16,,,20.24
BANKBARODA,Mar 2022,10.81,51.12,8.64,2.94,0.59,12.9,2.61,0.05,2565.0,3645.0,15.0,177.35,19.0,1185331.0,6210.0,10.54,33.73,13.4,46.71
BANKBARODA,Mar 2023,15.88,40.45,14.28,2.64,0.98,12.78,2.35,0.06,-22450.0,1096.0,29.0,202.81,19.0,1342592.0,-21354.0,15.46,,,39.32
BANKBARODA,Mar 2024,15.94,37.49,15.76,2.82,1.14,12.14,1.9,0.07,-7559.0,1285.0,36.0,231.11,21.0,1453761.0,-6274.0,17.48,74.51,55.18,49.58
BANKBARODA,TTM,16.23,37.42,,,,,1.95,,,,39.0,,,,,,,,10.56
BHARTIARTL,Mar 2013,2.95,29.84,4.5,19.61,1.44,1.33,5.34,0.49,3932.0,18676.0,4.0,132.5,17.0,66736.0,22608.0,,,,62.0
BHARTIARTL,Mar 2014,3.52,30.88,5.05,19.54,1.66,1.27,5.0,0.47,1052.0,25181.0,5.0,149.46,26.0,75896.0,26233.0,,,,62.72
BHARTIARTL,Mar 2015,5.25,34.97,12.69,27.28,2.77,2.1,7.84,0.53,5758.0,22301.0,8.0,99.49,33.0,83415.0,28059.0,,,,71.84
BHARTIARTL,Mar 2016,7.14,35.2,10.32,20.3,3.07,1.51,4.55,0.43,13851.0,14091.0,11.0,167.01,9.0,100646.0,27942.0,,,,67.9
BHARTIARTL,Mar 2017,4.44,37.01,6.29,20.22,1.83,1.59,3.88,0.41,-2400.0,30680.0,7.0,168.73,11.0,107288.0,28280.0,,,,60.32
BHARTIARTL,Mar 2018,2.64,36.4,3.14,16.63,0.88,1.6,3.41,0.33,1914.0,27940.0,2.0,173.92,194.0,111334.0,29854.0,1.44,-0.74,-12.94,36.55
BHARTIARTL,Mar 2019,2.09,31.89,2.36,13.09,0.62,1.76,2.85,0.29,-8216.0,28286.0,1.0,178.65,244.0,125428.0,20070.0,-1.21,-10.98,-27.52,29.11
BHARTIARTL,Mar 2020,-35.03,41.82,-39.75,16.24,-8.54,1.92,-0.08,0.24,-11469.0,29598.0,-55.0,141.39,-3.0,148228.0,18129.0,-1.85,,,22.36
BHARTIARTL,Mar 2021,-12.29,45.0,-20.97,20.42,-3.59,2.76,2.72,0.29,20919.0,27286.0,-26.0,107.34,0.0,162785.0,48205.0,0.83,,,30.32
BHARTIARTL,Mar 2022,7.13,49.37,12.48,24.35,2.3,2.55,3.74,0.32,13539.0,41478.0,7.0,119.06,39.0,169678.0,55017.0,4.07,14.39,0.0,63.98
BHARTIARTL,Mar 2023,8.83,51.22,15.84,23.48,2.76,2.91,3.75,0.31,26093.0,39232.0,15.0,136.7,27.0,226020.0,65325.0,10.98,41.27,49.63,74.88
BHARTIARTL,Mar 2024,5.71,52.2,10.36,26.25,1.94,2.61,3.31,0.34,27809.0,51089.0,13.0,143.59,62.0,215592.0,78898.0,13.17,38.36,67.03,71.1
BHARTIARTL,TTM,8.89,51.93,,,,,3.7,,,,22.0,,,,,,,,30.0
BEL,Mar 2013,14.52,10.66,15183.33,2230.0,2024.44,4.0,184.43,139.4,214.0,1753.0,1.0,3.0,20.0,24.0,-1539.0,,,,71.43
BEL,Mar 2014,14.61,14.19,13600.0,3303.57,2069.57,3.0,194.71,141.7,190.0,759.0,1.0,3.5,20.0,21.0,-569.0,,,,71.43
BEL,Mar 2015,16.88,16.62,17100.0,3572.73,2442.86,3.71,240.86,144.76,595.0,839.0,2.0,3.5,20.0,26.0,1434.0,,,,85.71
BEL,Mar 2016,18.18,18.94,11141.67,3764.86,2571.15,2.08,196.6,141.42,790.0,1470.0,2.0,1.33,31.0,25.0,2260.0,,,,85.71
BEL,Mar 2017,17.59,20.7,10153.33,4072.73,1977.92,1.93,122.89,112.42,3054.0,3115.0,2.0,1.67,33.0,29.0,-61.0,,,,72.1
BEL,Mar 2018,13.76,19.6,4616.13,2581.01,1182.64,1.55,372.5,85.96,-693.0,6.0,2.0,3.1,34.0,48.0,-687.0,10.64,9.45,14.87,73.09
BEL,Mar 2019,15.51,23.91,3851.02,3030.21,1497.62,0.96,186.38,96.54,618.0,896.0,3.0,4.45,44.0,47.0,1514.0,13.29,14.66,24.57,92.88
BEL,Mar 2020,14.07,21.28,3318.18,2786.87,1495.9,0.8,357.25,106.3,1921.0,649.0,3.0,5.0,37.0,44.0,2570.0,12.83,8.8,8.45,89.63
BEL,Mar 2021,14.88,22.78,3559.32,2975.93,1381.58,0.83,333.9,92.82,2498.0,2595.0,3.0,5.36,46.0,49.0,5093.0,13.92,9.45,8.45,91.17
BEL,Mar 2022,15.62,21.76,3478.26,2633.07,1472.39,0.84,397.33,94.28,-665.0,4872.0,3.0,6.27,46.0,58.0,4207.0,12.17,9.52,8.45,89.42
BEL,Mar 2023,16.84,23.06,3981.33,3587.72,2073.61,0.52,230.05,123.15,3907.0,2708.0,4.0,6.82,44.0,39.0,1199.0,11.26,15.85,14.87,90.13
BEL,Mar 2024,19.66,24.92,4744.05,3977.17,2475.16,0.51,476.75,125.89,-1265.0,5924.0,5.0,7.64,40.0,43.0,4659.0,10.75,16.13,10.76,95.68
BEL,TTM,21.05,26.46,,,,,923.14,,,,6.0,,,,,,,,100.0
BHEL,Mar 2013,13.69,19.39,21.91,28.52,9.32,0.09,82.93,0.68,646.0,1113.0,18.0,124.69,20.0,2698.0,1759.0,,,,89.43
BHEL,Mar 2014,8.85,11.57,10.56,12.09,4.65,0.14,46.59,0.53,3644.0,868.0,10.0,135.39,20.0,4693.0,4512.0,,,,75.21
BHEL,Mar 2015,4.63,6.84,4.24,5.93,2.04,0.06,36.54,0.44,1471.0,650.0,4.0,139.62,20.0,1889.0,821.0,,,,51.24
BHEL,Mar 2016,-2.77,-5.32,-2.18,-4.17,-1.08,0.01,0.38,0.39,397.0,23.0,-2.0,131.9,-14.0,211.0,374.0,,,,16.67
BHEL,Mar 2017,1.6,3.85,1.4,3.36,0.74,0.0,4.47,0.46,-5.0,565.0,1.0,132.2,85.0,156.0,560.0,,,,40.88
BHEL,Mar 2018,1.52,5.73,1.35,5.09,0.69,0.0,7.07,0.45,1950.0,961.0,1.0,88.11,151.0,110.0,989.0,-10.03,-42.03,-43.9,33.18
BHEL,Mar 2019,3.29,6.68,3.24,6.07,1.55,0.08,7.13,0.47,-1941.0,1919.0,3.0,88.8,69.0,2598.0,-3860.0,-5.11,-22.14,-21.4,26.12
BHEL,Mar 2020,-6.84,-0.62,-5.12,-0.39,-2.43,0.18,0.75,0.36,-1015.0,1877.0,-4.0,82.36,0.0,5080.0,-2892.0,-7.28,,,13.33
BHEL,Mar 2021,-15.6,-17.62,-10.39,-9.86,-4.82,0.19,-5.69,0.31,518.0,42.0,-8.0,74.66,0.0,4951.0,560.0,-7.46,,,13.33
BHEL,Mar 2022,2.1,3.9,1.68,2.64,0.78,0.18,2.75,0.37,-458.0,1118.0,1.0,76.17,31.0,4830.0,660.0,-5.71,-0.44,0.0,26.26
BHEL,Mar 2023,2.8,4.47,2.68,3.5,1.13,0.22,2.59,0.41,739.0,1480.0,2.0,70.05,21.0,5454.0,-741.0,-4.11,8.35,14.87,26.3
BHEL,Mar 2024,1.18,2.98,1.15,2.14,0.47,0.36,1.59,0.4,-2382.0,1331.0,1.0,70.22,31.0,8856.0,-3713.0,-4.73,-22.4,-19.73,13.95
BHEL,TTM,1.72,4.06,,,,,2.11,,,,1.0,,,,,,,,12.33
BOSCHLTD,Dec 2012,11.06,15.59,17.19,23.26,12.12,0.04,286.5,1.1,47.0,824.0,305.0,1797.74,20.0,230.0,871.0,,,,94.7
BOSCHLTD,Dec 2013,10.11,14.72,14.06,19.9,9.95,0.03,,0.98,211.0,846.0,282.0,2030.32,20.0,183.0,1057.0,,,,89.93
BOSCHLTD,Mar 2015,11.07,16.39,18.21,26.56,12.83,0.02,179.86,1.16,213.0,1183.0,426.0,2370.0,20.0,111.0,1396.0,,,,97.44
BOSCHLTD,Mar 2016,15.78,19.36,16.06,19.59,12.31,0.01,192.38,0.78,323.0,995.0,488.0,3075.81,17.0,50.0,1318.0,,,,91.79
BOSCHLTD,Mar 2017,16.68,18.81,19.79,22.31,14.75,0.0,106.48,0.88,2703.0,1246.0,570.0,2933.0,29.0,0.0,1457.0,3.8,12.69,13.32,84.68
BOSCHLTD,Mar 2018,11.73,17.9,13.74,20.97,9.84,0.0,837.0,0.84,559.0,1170.0,449.0,3327.0,22.0,0.0,1729.0,5.95,9.15,9.75,78.84
BOSCHLTD,Mar 2019,13.22,17.82,17.51,23.6,12.57,0.0,211.85,0.95,2359.0,1766.0,542.0,3042.33,19.0,0.0,593.0,,,,87.44
BOSCHLTD,Mar 2020,6.6,15.07,7.01,15.87,4.88,0.01,137.8,0.74,463.0,873.0,220.0,3090.0,48.0,74.0,1336.0,-4.02,-13.45,-12.38,52.88
BOSCHLTD,Mar 2021,4.96,11.97,4.91,11.77,3.26,0.01,65.86,0.66,372.0,463.0,164.0,3274.33,70.0,54.0,835.0,0.04,-20.64,-19.59,46.72
BOSCHLTD,Mar 2022,10.33,12.41,11.39,13.59,7.9,0.01,63.9,0.76,238.0,33.0,413.0,3562.67,51.0,73.0,271.0,2.46,-6.91,-6.24,49.64
BOSCHLTD,Mar 2023,9.54,12.12,12.93,16.36,8.76,0.0,190.08,0.92,1476.0,262.0,483.0,3671.0,99.0,53.0,1214.0,5.01,0.76,1.47,63.56
BOSCHLTD,Mar 2024,14.89,12.52,20.64,17.31,14.35,0.0,71.78,0.96,1536.0,283.0,844.0,4021.33,44.0,39.0,1253.0,6.72,9.28,9.26,78.31
BOSCHLTD,TTM,12.15,12.92,,,,,237.85,,,,707.0,,,,,,,,100.0
BPCL,Mar 2013,0.8,2.77,11.54,13.44,2.43,1.98,3.26,3.04,2322.0,3604.0,4.0,232.02,42.0,33157.0,5926.0,,,,53.75
BPCL,Mar 2014,1.53,3.56,20.85,17.9,4.58,1.71,5.43,2.99,2707.0,6881.0,9.0,268.88,31.0,33152.0,9588.0,,,,78.22
BPCL,Mar 2015,2.09,4.03,22.52,20.35,5.89,1.13,10.08,2.81,10206.0,10536.0,11.0,312.06,34.0,25492.0,20742.0,,,,94.0
BPCL,Mar 2016,4.31,6.91,29.1,25.34,9.36,0.84,21.89,2.17,1886.0,9233.0,19.0,423.69,25.0,23388.0,11119.0,,,,96.76
BPCL,Mar 2017,4.72,6.85,30.85,20.71,8.72,1.16,23.71,1.84,-6233.0,15274.0,20.0,235.08,49.0,35725.0,9041.0,,,,93.0
BPCL,Mar 2018,4.15,6.49,26.74,20.62,8.14,1.03,15.38,1.96,4002.0,7066.0,21.0,186.17,46.0,37659.0,11068.0,-0.52,38.29,39.33,81.47
BPCL,Mar 2019,2.86,5.07,22.0,18.08,6.23,1.16,10.25,2.18,-294.0,10451.0,18.0,197.08,48.0,44839.0,10157.0,2.44,16.04,14.87,81.12
BPCL,Mar 2020,1.29,3.15,10.04,8.8,2.43,1.79,3.93,1.89,-3254.0,11135.0,7.0,185.72,106.0,65476.0,7881.0,3.24,-6.32,-8.64,36.74
BPCL,Mar 2021,7.52,9.12,32.34,19.43,10.76,1.02,16.54,1.43,20981.0,2474.0,37.0,255.88,102.0,54532.0,23455.0,4.15,16.45,14.26,85.11
BPCL,Mar 2022,3.37,5.52,22.51,16.44,6.23,1.24,9.24,1.85,12198.0,8138.0,27.0,243.8,29.0,64534.0,20336.0,11.5,4.21,6.19,76.37
BPCL,Mar 2023,0.45,2.3,3.98,8.87,1.13,1.3,3.45,2.52,4660.0,7806.0,5.0,251.4,40.0,69376.0,12466.0,14.94,-26.29,-24.95,45.18
BPCL,Mar 2024,5.99,9.84,35.51,33.85,13.27,0.72,11.36,2.21,25415.0,10521.0,62.0,354.1,33.0,54599.0,35936.0,8.48,25.79,28.06,92.01
BPCL,TTM,3.08,5.96,,,,,8.13,,,,32.0,,,,,,,,79.22
BRITANNIA,Mar 2013,4.2,6.81,46.59,44.88,13.81,0.68,11.54,3.28,348.0,28.0,11.0,23.25,39.0,380.0,320.0,,,,98.29
BRITANNIA,Mar 2014,5.71,9.07,49.5,66.14,18.75,0.19,82.62,3.28,425.0,246.0,16.0,33.25,36.0,150.0,671.0,,,,100.0
BRITANNIA,Mar 2015,8.77,11.07,55.34,62.59,24.67,0.12,274.5,2.81,134.0,450.0,29.0,51.88,28.0,145.0,584.0,,,,97.86
BRITANNIA,Mar 2016,9.82,14.58,39.44,55.06,23.61,0.06,267.8,2.4,254.0,705.0,34.0,87.17,29.0,131.0,959.0,,,,100.0
BRITANNIA,Mar 2017,9.77,14.12,32.83,45.3,21.54,0.05,285.8,2.2,291.0,150.0,37.0,112.33,30.0,125.0,441.0,,,,92.86
BRITANNIA,Mar 2018,10.13,15.14,29.48,41.61,19.35,0.06,208.38,1.91,292.0,957.0,42.0,141.92,30.0,201.0,1249.0,9.9,31.02,30.73,94.9
BRITANNIA,Mar 2019,10.45,15.67,27.16,39.28,18.52,0.04,215.33,1.77,304.0,852.0,48.0,177.21,31.0,156.0,1156.0,9.84,23.94,24.57,94.84
BRITANNIA,Mar 2020,12.02,15.89,31.66,31.02,17.8,0.35,27.35,1.48,-41.0,1526.0,58.0,183.46,60.0,1538.0,1485.0,8.1,15.14,14.87,93.1
BRITANNIA,Mar 2021,14.09,19.1,52.17,44.25,23.14,0.6,25.42,1.64,2309.0,433.0,77.0,147.83,204.0,2122.0,1876.0,9.36,17.54,17.76,93.69
BRITANNIA,Mar 2022,10.72,15.57,59.27,43.68,20.14,0.97,16.83,1.88,2214.0,914.0,63.0,106.58,89.0,2481.0,1300.0,9.32,11.37,11.23,86.16
BRITANNIA,Mar 2023,14.21,17.37,65.53,43.35,24.77,0.85,20.28,1.74,1019.0,1507.0,96.0,147.25,75.0,2997.0,2526.0,10.46,18.2,17.98,93.13
BRITANNIA,Mar 2024,12.73,18.89,54.15,52.73,23.52,0.52,20.6,1.85,3050.0,477.0,89.0,164.21,83.0,2065.0,2573.0,8.69,13.06,13.14,91.62
BRITANNIA,TTM,12.35,18.19,,,,,27.42,,,,89.0,,,,,,,,100.0
CANBK,Mar 2013,8.79,21.18,11.9,1.8,0.71,14.94,2.18,0.08,7575.0,435.0,12.0,113.66,19.0,376040.0,8010.0,,,,35.73
CANBK,Mar 2014,6.75,24.35,8.85,2.02,0.53,14.84,2.32,0.08,13864.0,380.0,10.0,130.92,19.0,447913.0,14244.0,,,,31.91
CANBK,Mar 2015,6.69,23.51,9.02,1.94,0.52,15.37,2.18,0.08,5240.0,1104.0,11.0,136.81,17.0,499488.0,6344.0,,,,31.82
CANBK,Mar 2016,-5.76,40.38,-7.82,3.3,-0.45,15.63,3.37,0.08,8903.0,443.0,-9.0,119.37,0.0,506712.0,9346.0,,,,9.89
CANBK,Mar 2017,3.4,37.85,4.07,2.76,0.24,15.42,2.0,0.07,2099.0,476.0,5.0,116.2,4.0,534858.0,2575.0,,,,25.63
CANBK,Mar 2018,-9.37,61.87,-10.5,4.26,-0.61,15.28,3.45,0.07,-11607.0,487.0,-11.0,100.67,0.0,563756.0,-11120.0,3.95,,,14.58
CANBK,Mar 2019,1.45,56.73,1.85,4.01,0.1,16.99,2.74,0.07,17492.0,745.0,2.0,100.1,0.0,640166.0,18237.0,3.92,-23.59,-27.52,21.71
CANBK,Mar 2020,-3.86,53.88,-4.66,3.78,-0.26,16.22,2.27,0.07,-5734.0,445.0,-4.0,80.01,0.0,668170.0,-5289.0,2.58,,,10.36
CANBK,Mar 2021,4.21,61.83,4.74,3.87,0.25,17.0,1.88,0.06,58002.0,1116.0,4.0,75.79,0.0,1060998.0,59118.0,9.79,,,34.56
CANBK,Mar 2022,8.72,58.39,8.8,3.43,0.49,16.19,1.74,0.06,-510.0,1429.0,7.0,77.13,19.0,1132626.0,919.0,11.24,34.27,6.96,40.79
CANBK,Mar 2023,13.21,49.8,14.53,3.25,0.82,15.85,1.69,0.06,-41134.0,1156.0,12.0,86.06,19.0,1237160.0,-39978.0,15.74,,,39.47
CANBK,Mar 2024,13.94,41.75,16.72,3.16,1.0,14.87,1.61,0.07,13296.0,1750.0,17.0,101.58,19.0,1369780.0,15046.0,18.18,85.78,53.42,60.36
CANBK,TTM,13.88,40.23,,,,,1.58,,,,18.0,,,,,,,,6.44
CHOLAFIN,Mar 2013,11.98,26.77,15.78,4.0,1.69,7.82,706.0,0.14,-3749.0,5.0,4.0,27.3,16.0,15269.0,-3754.0,,,,42.54
CHOLAFIN,Mar 2014,11.22,28.42,16.09,4.58,1.71,7.9,950.0,0.15,-2530.0,83.0,5.0,31.99,14.0,18075.0,-2447.0,,,,43.81
CHOLAFIN,Mar 2015,11.95,28.56,16.6,4.69,1.86,7.46,,0.16,-2304.0,40.0,6.0,37.15,11.0,19950.0,-2264.0,,,,35.48
CHOLAFIN,Mar 2016,13.64,30.04,15.67,4.83,2.06,6.14,643.5,0.15,-2946.0,137.0,7.0,47.05,12.0,22546.0,-2809.0,,,,43.57
CHOLAFIN,Mar 2017,15.3,28.16,16.71,4.66,2.35,5.6,448.67,0.15,-1690.0,222.0,9.0,55.1,12.0,24071.0,-1468.0,,,,44.81
CHOLAFIN,Mar 2018,16.51,26.1,17.91,3.34,2.08,7.48,,0.13,-7986.0,60.0,12.0,65.71,11.0,38330.0,-7926.0,16.68,24.41,24.57,56.94
CHOLAFIN,Mar 2019,16.84,22.96,19.28,2.87,2.08,8.15,1659.0,0.12,-9328.0,11.0,15.0,79.59,8.0,50567.0,-9317.0,16.74,26.6,24.57,62.15
CHOLAFIN,Mar 2020,12.1,27.79,12.85,3.83,1.65,6.71,,0.14,-2129.0,54.0,13.0,100.0,13.0,55005.0,-2075.0,18.59,18.88,16.72,51.87
CHOLAFIN,Mar 2021,15.87,30.4,15.84,3.97,2.04,6.64,52.41,0.13,-10594.0,1746.0,19.0,117.07,11.0,63730.0,-8848.0,17.86,21.48,22.1,59.81
CHOLAFIN,Mar 2022,21.23,28.83,18.3,3.61,2.61,5.88,35.18,0.12,-3931.0,1640.0,26.0,143.52,8.0,69174.0,-5571.0,16.67,24.57,23.64,61.91
CHOLAFIN,Mar 2023,20.68,28.1,18.58,3.24,2.35,6.79,16.58,0.11,-29253.0,2148.0,32.0,174.95,6.0,97358.0,-27105.0,18.31,23.76,21.67,61.82
CHOLAFIN,Mar 2024,17.85,28.1,17.46,3.5,2.18,6.86,21.21,0.12,-38538.0,2855.0,41.0,233.25,5.0,134475.0,-35683.0,21.94,23.36,22.28,60.96
CHOLAFIN,TTM,17.12,28.67,,,,,26.11,,,,46.0,,,,,,,,100.0
CIPLA,Mar 2013,18.66,73.26,17.13,60.74,13.25,0.11,24.87,0.71,-665.0,2063.0,19.0,112.04,10.0,967.0,1398.0,,,,94.47
CIPLA,Mar 2014,13.8,78.9,13.97,71.03,10.48,0.12,32.06,0.76,298.0,1265.0,17.0,124.86,12.0,1248.0,1563.0,,,,91.39
CIPLA,Mar 2015,10.83,80.94,11.38,73.43,7.84,0.16,56.11,0.72,223.0,950.0,15.0,134.19,14.0,1703.0,1173.0,,,,86.97
CIPLA,Mar 2016,10.03,82.02,12.01,67.65,6.57,0.45,54.46,0.66,-2792.0,4533.0,17.0,143.07,12.0,5202.0,1741.0,,,,88.59
CIPLA,Mar 2017,7.19,82.66,8.25,71.43,4.96,0.33,57.28,0.69,1078.0,1304.0,13.0,155.83,16.0,4113.0,2382.0,,,,83.21
CIPLA,Mar 2018,9.35,81.35,9.96,67.27,6.25,0.29,44.1,0.67,629.0,834.0,18.0,176.76,17.0,4098.0,1463.0,12.86,-1.71,-1.08,72.82
CIPLA,Mar 2019,9.12,81.07,9.94,68.63,6.28,0.29,27.85,0.69,3.0,1688.0,19.0,186.48,16.0,4316.0,1691.0,9.97,1.22,2.25,71.13
CIPLA,Mar 2020,8.76,81.29,9.52,74.96,6.4,0.18,40.54,0.73,3182.0,114.0,19.0,195.81,21.0,2816.0,3068.0,8.59,4.07,4.84,72.18
CIPLA,Mar 2021,12.47,77.8,13.04,73.29,9.61,0.11,56.12,0.77,1381.0,2374.0,30.0,227.65,17.0,2014.0,3755.0,6.8,11.55,12.03,81.39
CIPLA,Mar 2022,11.7,79.08,12.22,78.6,9.48,0.05,174.06,0.81,1468.0,1858.0,31.0,258.89,16.0,1056.0,3326.0,8.62,19.73,18.98,85.84
CIPLA,Mar 2023,12.45,77.91,12.1,73.22,9.67,0.03,60.57,0.78,862.0,2376.0,35.0,290.77,24.0,803.0,3238.0,8.47,14.86,14.22,85.43
CIPLA,Mar 2024,16.12,75.59,15.55,71.46,12.77,0.02,35.34,0.79,1152.0,2982.0,51.0,331.75,25.0,559.0,4134.0,9.51,22.73,21.83,90.06
CIPLA,TTM,18.48,74.4,,,,,24.45,,,,62.0,,,,,,,,100.0
COALINDIA,Mar 2013,25.41,73.52,35.81,100.88,15.64,0.03,5.74,0.62,7276.0,1833.0,27.0,76.74,51.0,1305.0,9109.0,,,,86.38
COALINDIA,Mar 2014,21.4,74.84,35.64,124.09,14.4,0.0,7.37,0.67,23105.0,8580.0,24.0,67.14,121.0,178.0,14525.0,,,,95.25
COALINDIA,Mar 2015,18.52,76.6,34.02,139.29,12.34,0.01,8.65,0.67,15276.0,894.0,22.0,63.89,95.0,408.0,14382.0,,,,97.86
COALINDIA,Mar 2016,18.32,75.96,40.96,164.15,12.56,0.03,9.96,0.69,21308.0,8154.0,23.0,55.15,121.0,1199.0,13154.0,,,,98.79
COALINDIA,Mar 2017,11.87,84.07,37.85,238.69,7.83,0.12,12.36,0.66,16916.0,455.0,15.0,39.5,133.0,3014.0,16461.0,,,,100.0
COALINDIA,Mar 2018,8.26,89.1,34.88,349.77,5.61,0.08,15.27,0.68,13368.0,7747.0,11.0,32.51,146.0,1538.0,21115.0,4.53,-16.52,-16.44,74.53
COALINDIA,Mar 2019,17.54,74.89,66.01,260.17,13.13,0.08,12.79,0.75,8460.0,7896.0,28.0,42.93,46.0,2210.0,16356.0,7.12,2.94,3.13,79.46
COALINDIA,Mar 2020,17.38,77.54,51.93,193.05,11.13,0.2,11.56,0.64,6010.0,1033.0,27.0,52.18,44.0,6434.0,4977.0,5.33,4.0,4.18,72.33
COALINDIA,Mar 2021,14.11,79.31,34.78,168.38,7.89,0.16,19.09,0.56,10774.0,182.0,21.0,59.25,78.0,5884.0,10592.0,2.95,-2.3,-1.8,71.25
COALINDIA,Mar 2022,15.84,77.47,40.28,182.17,9.68,0.08,21.99,0.61,15392.0,25715.0,28.0,70.0,60.0,3514.0,41107.0,7.02,13.37,13.3,90.39
COALINDIA,Mar 2023,22.95,68.01,52.14,144.26,14.33,0.07,14.34,0.62,12269.0,23465.0,52.0,98.72,47.0,4331.0,35734.0,10.15,35.14,36.43,95.15
COALINDIA,Mar 2024,26.26,66.29,45.17,105.71,15.8,0.08,11.24,0.6,13617.0,4486.0,61.0,134.24,42.0,6523.0,18103.0,7.4,16.43,16.85,87.2
COALINDIA,TTM,24.48,66.78,,,,,11.51,,,,56.0,,,,,,,,100.0
DABUR,Mar 2013,12.48,16.16,36.56,30.56,16.27,0.55,18.51,1.3,248.0,622.0,4.0,12.04,34.0,1151.0,870.0,,,,99.52
DABUR,Mar 2014,12.98,16.46,34.49,34.54,17.24,0.27,23.85,1.33,994.0,104.0,5.0,15.26,33.0,708.0,1098.0,,,,100.0
DABUR,Mar 2015,13.7,16.93,31.84,32.29,17.49,0.22,36.85,1.28,171.0,876.0,6.0,19.06,33.0,734.0,1047.0,,,,99.71
DABUR,Mar 2016,16.12,19.51,30.06,30.51,18.09,0.19,36.15,1.12,457.0,730.0,7.0,23.7,32.0,805.0,1187.0,,,,99.29
DABUR,Mar 2017,16.81,19.86,26.41,25.97,16.55,0.2,33.48,0.98,420.0,807.0,7.0,27.54,31.0,975.0,1227.0,,,,99.43
DABUR,Mar 2018,17.59,20.94,23.8,24.34,15.61,0.16,36.0,0.89,551.0,541.0,8.0,32.42,81.0,938.0,1092.0,4.69,12.13,14.87,84.82
DABUR,Mar 2019,16.98,20.43,25.67,27.48,17.14,0.12,32.7,1.01,1837.0,338.0,8.0,31.82,34.0,699.0,1499.0,3.82,9.56,9.86,83.38
DABUR,Mar 2020,16.67,20.63,21.92,25.14,15.51,0.08,39.94,0.93,1097.0,517.0,8.0,37.32,37.0,522.0,1614.0,2.19,6.28,5.92,78.47
DABUR,Mar 2021,17.73,20.94,22.12,24.5,15.65,0.07,75.06,0.88,711.0,1404.0,10.0,43.3,50.0,509.0,2115.0,4.21,6.21,7.39,80.42
DABUR,Mar 2022,16.0,20.68,20.78,23.93,14.18,0.12,65.64,0.89,529.0,1273.0,10.0,47.36,53.0,1030.0,1802.0,7.42,6.36,7.39,83.78
DABUR,Mar 2023,14.75,18.75,18.96,21.31,12.46,0.13,33.42,0.84,905.0,583.0,10.0,50.69,54.0,1174.0,1488.0,8.35,4.61,4.56,80.62
DABUR,Mar 2024,14.6,19.35,18.36,21.37,11.98,0.14,23.24,0.82,1042.0,971.0,10.0,55.74,53.0,1365.0,2013.0,7.81,4.6,4.56,80.77
DABUR,TTM,14.14,18.81,,,,,18.93,,,,10.0,,,,,,,,100.0
DIVISLAB,Mar 2013,28.07,38.04,24.07,32.2,19.18,0.01,287.0,0.68,225.0,255.0,23.0,185.26,33.0,33.0,480.0,,,,97.14
DIVISLAB,Mar 2014,30.53,40.21,26.08,34.14,20.84,0.01,362.0,0.68,252.0,305.0,29.0,219.56,34.0,18.0,557.0,,,,96.0
DIVISLAB,Mar 2015,27.35,37.66,24.37,33.3,19.34,0.01,403.67,0.71,305.0,521.0,32.0,258.96,31.0,27.0,826.0,,,,99.57
DIVISLAB,Mar 2016,29.82,37.69,26.23,32.83,22.99,0.01,303.2,0.77,632.0,406.0,42.0,162.0,24.0,42.0,1038.0,,,,98.86
DIVISLAB,Mar 2017,26.08,35.68,19.79,26.89,17.22,0.01,507.33,0.66,10.0,1140.0,40.0,202.15,25.0,36.0,1150.0,,,,99.7
DIVISLAB,Mar 2018,22.54,32.61,14.8,21.19,12.93,0.01,688.0,0.57,298.0,478.0,33.0,223.58,30.0,63.0,776.0,12.65,7.82,7.49,84.07
DIVISLAB,Mar 2019,27.36,37.89,19.45,26.53,16.84,0.02,405.6,0.62,269.0,685.0,51.0,262.53,31.0,106.0,954.0,14.33,11.85,11.95,92.73
DIVISLAB,Mar 2020,25.53,33.85,18.84,24.85,16.14,0.01,287.43,0.63,1133.0,83.0,52.0,275.85,31.0,39.0,1216.0,11.61,10.08,10.2,89.33
DIVISLAB,Mar 2021,28.47,41.14,21.34,30.83,18.42,0.0,1462.0,0.65,2022.0,75.0,75.0,350.75,27.0,5.0,1947.0,13.04,12.0,12.3,94.84
DIVISLAB,Mar 2022,33.04,43.36,25.24,33.11,22.16,0.0,1998.5,0.67,-283.0,2195.0,112.0,442.57,27.0,4.0,1912.0,17.13,22.8,22.87,96.5
DIVISLAB,Mar 2023,23.48,30.51,14.29,18.56,12.64,0.0,1357.0,0.54,-248.0,2707.0,69.0,481.77,44.0,4.0,2459.0,14.83,15.77,15.9,92.68
DIVISLAB,Mar 2024,20.4,28.17,11.79,16.28,10.35,0.0,636.25,0.51,992.0,269.0,60.0,512.11,50.0,3.0,1261.0,9.66,3.41,3.3,69.04
DIVISLAB,TTM,21.31,29.7,,,,,972.33,,,,69.0,,,,,,,,100.0
DLF,Mar 2013,8.58,33.87,2.59,5.03,1.03,1.03,1.69,0.12,4004.0,1995.0,4.0,151.35,48.0,26600.0,2009.0,,,,35.5
DLF,Mar 2014,7.11,30.04,2.15,4.84,0.91,0.88,1.47,0.13,5392.0,3924.0,4.0,153.9,55.0,24133.0,1468.0,,,,35.68
DLF,Mar 2015,6.63,39.4,1.85,5.81,0.77,0.89,1.53,0.12,2135.0,98.0,3.0,153.76,66.0,24495.0,2037.0,,,,36.64
DLF,Mar 2016,3.07,39.96,1.27,8.04,0.49,1.05,1.67,0.16,2139.0,818.0,2.0,134.84,117.0,25264.0,2957.0,,,,37.7
DLF,Mar 2017,8.61,41.92,2.88,6.41,1.11,1.19,1.54,0.13,-26.0,872.0,4.0,137.66,50.0,29202.0,-898.0,,,,21.84
DLF,Mar 2018,66.75,35.46,12.68,4.5,7.39,0.5,4.1,0.11,-1832.0,2102.0,25.0,197.82,8.0,17491.0,270.0,-2.91,46.34,44.27,46.22
DLF,Mar 2019,15.71,25.68,3.91,4.23,1.98,0.51,1.42,0.13,2046.0,3.0,6.0,152.27,33.0,17222.0,2043.0,0.16,17.37,8.45,43.7
DLF,Mar 2020,-9.7,18.84,-1.71,2.69,-1.06,0.24,1.6,0.11,6864.0,6508.0,-2.0,139.18,-85.0,8103.0,356.0,-4.48,,,17.81
DLF,Mar 2021,20.0,27.13,3.06,3.48,2.02,0.19,2.17,0.1,1610.0,150.0,4.0,142.8,45.0,6886.0,1460.0,-11.42,28.84,14.87,42.84
DLF,Mar 2022,26.24,30.49,4.13,4.3,2.93,0.12,3.1,0.11,3099.0,267.0,6.0,146.92,49.0,4182.0,2832.0,-7.01,16.2,8.45,45.76
DLF,Mar 2023,35.72,30.31,5.4,4.21,3.87,0.09,5.21,0.11,1914.0,461.0,8.0,152.27,49.0,3334.0,2375.0,-3.22,-14.6,-20.38,34.29
DLF,Mar 2024,42.38,33.05,6.91,4.8,4.61,0.12,7.46,0.11,1010.0,1529.0,11.0,159.32,45.0,4834.0,2539.0,-5.14,15.7,12.89,53.19
DLF,TTM,57.19,26.92,,,,,6.6,,,,16.0,,,,,,,,62.22
DMART,Mar 2013,2.81,6.44,11.91,16.35,6.3,0.67,5.35,2.24,-104.0,231.0,2.0,14.5,0.0,526.0,127.0,,,,74.23
DMART,Mar 2014,3.44,7.28,16.84,21.35,8.9,0.67,6.38,2.59,-72.0,270.0,3.0,17.48,0.0,641.0,198.0,,,,88.12
DMART,Mar 2015,3.29,7.08,17.67,21.67,9.0,0.75,6.61,2.73,-252.0,474.0,4.0,21.35,0.0,904.0,222.0,,,,88.91
DMART,Mar 2016,3.73,7.74,21.04,24.47,10.32,0.78,7.48,2.77,-200.0,633.0,6.0,27.06,0.0,1192.0,433.0,,,,93.33
DMART,Mar 2017,4.03,8.14,12.47,18.15,8.23,0.39,8.17,2.04,-2027.0,2482.0,8.0,61.57,0.0,1497.0,455.0,,,,82.98
DMART,Mar 2018,5.36,9.0,17.26,26.49,14.27,0.09,24.02,2.66,1194.0,464.0,13.0,74.82,0.0,439.0,730.0,35.09,53.69,45.41,96.36
DMART,Mar 2019,4.51,8.16,16.14,25.97,12.87,0.13,35.77,2.86,-151.0,958.0,14.0,89.54,0.0,700.0,807.0,33.68,41.15,36.08,95.04
DMART,Mar 2020,5.23,8.56,11.74,18.65,10.77,0.03,31.71,2.06,-3377.0,4657.0,20.0,170.99,0.0,333.0,1280.0,31.03,43.74,37.97,90.19
DMART,Mar 2021,4.55,7.23,9.02,13.87,8.05,0.03,46.17,1.77,265.0,1110.0,17.0,188.02,0.0,393.0,1375.0,22.98,27.99,23.16,82.89
DMART,Mar 2022,4.82,8.08,10.91,17.47,9.64,0.05,48.44,2.0,83.0,1289.0,23.0,211.08,0.0,647.0,1372.0,21.09,25.51,23.52,87.58
DMART,Mar 2023,5.55,8.49,14.79,21.76,13.13,0.04,56.22,2.37,317.0,2313.0,37.0,248.12,0.0,643.0,2630.0,23.3,24.16,23.27,94.79
DMART,Mar 2024,4.99,8.08,13.56,21.29,11.98,0.03,73.29,2.4,278.0,2468.0,39.0,287.22,0.0,592.0,2746.0,20.48,22.97,22.74,93.56
DMART,TTM,4.75,7.82,,,,,72.08,,,,42.0,,,,,,,,100.0
DRREDDY,Mar 2013,12.9,22.56,23.98,26.55,11.41,0.58,28.15,0.88,-59.0,1437.0,18.0,74.93,17.0,3682.0,1378.0,,,,97.81
DRREDDY,Mar 2014,14.63,24.23,24.96,26.34,12.34,0.57,26.94,0.84,366.0,1604.0,23.0,92.53,16.0,4477.0,1970.0,,,,99.33
DRREDDY,Mar 2015,15.55,23.35,23.71,24.76,12.66,0.44,34.89,0.81,154.0,2370.0,27.0,115.92,15.0,4314.0,2524.0,,,,100.0
DRREDDY,Mar 2016,13.69,23.03,16.95,22.52,10.48,0.27,46.75,0.77,1653.0,1610.0,25.0,147.87,16.0,3352.0,3263.0,,,,95.64
DRREDDY,Mar 2017,9.1,17.41,10.54,14.39,5.97,0.4,33.47,0.66,254.0,1890.0,16.0,147.73,26.0,4918.0,2144.0,,,,78.47
DRREDDY,Mar 2018,6.63,16.46,7.53,13.33,4.24,0.4,31.72,0.64,320.0,1483.0,11.0,151.47,35.0,5071.0,1803.0,3.83,-9.11,-9.38,54.69
DRREDDY,Mar 2019,12.62,20.57,13.9,17.79,8.7,0.27,39.99,0.69,2101.0,769.0,23.0,168.96,17.0,3838.0,2870.0,2.86,-0.13,0.0,64.55
DRREDDY,Mar 2020,11.57,14.14,12.99,13.91,8.72,0.14,32.11,0.75,2489.0,495.0,24.0,187.94,21.0,2210.0,2984.0,3.12,-2.81,-2.33,60.02
DRREDDY,Mar 2021,10.25,20.34,11.07,18.74,7.34,0.17,43.39,0.72,1315.0,2255.0,23.0,212.54,21.0,3031.0,3570.0,4.12,-1.74,-1.65,63.93
DRREDDY,Mar 2022,10.13,17.49,11.36,16.68,7.34,0.18,45.03,0.72,246.0,2565.0,26.0,231.47,23.0,3384.0,2811.0,8.7,11.05,10.2,77.79
DRREDDY,Mar 2023,18.27,26.23,19.35,26.27,13.99,0.06,52.03,0.77,1779.0,4109.0,54.0,280.55,15.0,1347.0,5888.0,11.55,36.62,37.47,95.9
DRREDDY,Mar 2024,19.91,28.32,19.74,26.22,14.38,0.07,51.71,0.72,509.0,4034.0,67.0,340.41,12.0,2002.0,4543.0,12.64,23.39,23.84,95.48
DRREDDY,TTM,17.45,26.61,,,,,33.24,,,,64.0,,,,,,,,100.0
EICHERMOT,Dec 2012,7.43,8.61,27.07,30.93,10.62,0.01,171.5,1.43,-277.0,773.0,12.0,65.0,17.0,23.0,496.0,,,,100.0
EICHERMOT,Dec 2013,7.71,10.5,25.55,33.43,9.84,0.04,101.0,1.28,-74.0,790.0,15.0,76.11,21.0,84.0,716.0,,,,100.0
EICHERMOT,Dec 2014,8.03,12.79,27.9,43.43,10.96,0.02,122.3,1.36,-167.0,1214.0,23.0,93.19,22.0,58.0,1047.0,,,,100.0
EICHERMOT,Mar 2016,21.68,27.38,36.63,45.97,27.09,0.01,1008.0,1.25,462.0,1001.0,49.0,135.3,20.0,23.0,1463.0,,,,100.0
EICHERMOT,Mar 2017,23.7,30.91,31.19,39.84,23.78,0.02,647.5,1.0,-36.0,1744.0,61.0,197.96,16.0,112.0,1708.0,1.94,28.54,38.43,86.94
EICHERMOT,Mar 2018,21.86,31.33,27.88,39.12,20.58,0.02,669.0,0.94,337.0,2145.0,72.0,260.37,15.0,151.0,2482.0,5.65,30.14,36.85,90.65
EICHERMOT,Mar 2019,22.49,29.64,24.7,31.89,19.35,0.02,515.0,0.86,915.0,660.0,81.0,330.3,15.0,187.0,1575.0,2.31,25.7,28.63,84.41
EICHERMOT,Mar 2020,19.96,23.85,18.3,21.34,14.67,0.02,145.0,0.74,186.0,1508.0,67.0,369.67,19.0,249.0,1694.0,,,,96.57
EICHERMOT,Mar 2021,15.45,20.45,11.78,15.3,9.25,0.02,141.56,0.6,66.0,1625.0,49.0,423.63,34.0,219.0,1691.0,7.15,0.13,0.0,64.36
EICHERMOT,Mar 2022,16.28,21.15,13.3,17.13,10.39,0.01,140.74,0.64,544.0,983.0,61.0,466.96,34.0,108.0,1527.0,7.93,0.12,0.0,67.58
EICHERMOT,Mar 2023,20.18,23.86,19.44,22.56,15.18,0.02,155.5,0.75,426.0,2397.0,107.0,555.19,35.0,288.0,2823.0,10.01,8.25,8.25,87.4
EICHERMOT,Mar 2024,24.2,26.18,22.17,23.45,17.31,0.02,114.71,0.72,890.0,2834.0,146.0,668.33,35.0,419.0,3724.0,11.04,12.68,12.51,93.02
EICHERMOT,TTM,24.97,26.17,,,,,117.0,,,,156.0,,,,,,,,100.0
GAIL,Mar 2013,8.57,14.57,15.17,16.41,7.3,0.57,19.03,0.85,-2023.0,8626.0,6.0,227.08,28.0,16472.0,6603.0,,,,87.3
GAIL,Mar 2014,7.75,12.93,14.75,15.66,7.16,0.57,13.8,0.92,149.0,4466.0,7.0,255.96,28.0,18537.0,4615.0,,,,85.06
GAIL,Mar 2015,5.22,9.3,9.29,10.76,4.54,0.54,10.09,0.87,1405.0,2809.0,5.0,268.31,24.0,18291.0,4214.0,,,,71.12
GAIL,Mar 2016,3.6,8.71,5.15,9.98,3.17,0.25,6.41,0.88,3056.0,904.0,3.0,287.09,37.0,9052.0,3960.0,,,,58.77
GAIL,Mar 2017,6.95,12.4,8.58,13.13,5.79,0.17,14.21,0.83,5690.0,334.0,5.0,232.44,56.0,6553.0,6024.0,,,,73.87
GAIL,Mar 2018,8.82,14.32,11.53,17.13,7.83,0.09,29.66,0.89,6109.0,2660.0,7.0,184.83,43.0,3876.0,8769.0,1.35,1.93,3.13,61.94
GAIL,Mar 2019,8.6,13.04,14.24,20.61,9.58,0.05,73.31,1.11,2283.0,5701.0,10.0,204.01,25.0,2224.0,7984.0,4.29,6.49,7.39,75.02
GAIL,Mar 2020,13.12,12.44,19.31,16.06,12.7,0.14,41.48,0.97,46.0,8299.0,14.0,109.24,31.0,6912.0,8345.0,3.67,24.66,22.87,82.84
GAIL,Mar 2021,10.71,12.63,11.55,11.87,7.58,0.15,56.3,0.71,4353.0,4640.0,9.0,119.78,36.0,7873.0,8993.0,1.96,26.8,24.57,70.38
GAIL,Mar 2022,13.26,16.34,19.19,20.68,12.74,0.14,89.53,0.96,3930.0,5490.0,18.0,144.4,36.0,9216.0,9420.0,13.83,29.53,29.2,95.72
GAIL,Mar 2023,3.84,5.15,8.62,9.06,5.19,0.27,28.28,1.35,-4248.0,7453.0,9.0,98.75,59.0,17816.0,3205.0,21.73,3.09,5.15,61.47
GAIL,Mar 2024,7.43,10.74,12.86,14.49,7.94,0.28,23.62,1.07,4360.0,8226.0,15.0,117.11,37.0,21794.0,12586.0,11.83,8.61,8.45,77.79
GAIL,TTM,8.48,12.33,,,,,26.84,,,,18.0,,,,,,,,100.0
GODREJCP,Mar 2013,13.18,15.52,25.51,17.25,10.98,0.74,13.67,0.83,-45.0,865.0,8.0,97.44,22.0,2456.0,820.0,,,,93.36
GODREJCP,Mar 2014,10.78,15.38,21.7,19.01,9.84,0.63,10.26,0.91,622.0,494.0,7.0,111.03,24.0,2373.0,1116.0,,,,97.35
GODREJCP,Mar 2015,11.8,16.67,22.64,19.62,10.7,0.63,12.96,0.91,-209.0,1236.0,9.0,126.79,21.0,2717.0,1027.0,,,,98.22
GODREJCP,Mar 2016,9.86,19.67,19.48,23.15,8.59,0.68,10.9,0.87,225.0,622.0,8.0,125.5,24.0,2891.0,847.0,,,,97.54
GODREJCP,Mar 2017,14.11,20.58,24.67,20.5,10.11,0.75,12.88,0.72,-383.0,2243.0,13.0,155.94,39.0,4001.0,1860.0,,,,97.62
GODREJCP,Mar 2018,16.59,21.16,26.11,21.34,11.79,0.56,13.68,0.71,1387.0,336.0,16.0,92.03,42.0,3508.0,1723.0,8.96,14.1,14.87,92.66
GODREJCP,Mar 2019,22.71,20.67,32.23,20.02,16.62,0.47,10.48,0.73,2003.0,274.0,23.0,71.25,44.0,3382.0,1729.0,6.3,23.38,26.86,88.7
GODREJCP,Mar 2020,15.1,21.73,18.95,18.77,10.06,0.45,9.59,0.67,1036.0,552.0,15.0,77.43,55.0,3575.0,1588.0,3.68,8.93,10.76,79.87
GODREJCP,Mar 2021,15.6,21.75,18.23,21.22,12.08,0.2,17.55,0.77,1738.0,292.0,17.0,92.54,0.0,1864.0,2030.0,5.54,15.67,16.27,88.77
GODREJCP,Mar 2022,14.52,19.62,15.43,18.17,11.09,0.15,20.39,0.76,607.0,844.0,17.0,113.29,0.0,1704.0,1451.0,5.78,6.39,5.51,73.87
GODREJCP,Mar 2023,12.78,18.35,12.34,16.37,9.76,0.08,13.6,0.76,397.0,1754.0,17.0,135.24,0.0,1130.0,2151.0,6.22,0.82,1.22,65.75
GODREJCP,Mar 2024,-3.98,20.98,-4.45,18.69,-3.05,0.26,2.41,0.77,-1365.0,3435.0,-5.0,123.51,,3222.0,2070.0,6.45,,,48.94
GODREJCP,TTM,-3.2,21.17,,,,,2.65,,,,-4.0,,,,,,,,18.33
GRASIM,Mar 2013,13.54,21.23,19.22,20.28,8.56,0.49,20.83,0.63,-1445.0,5687.0,57.0,427.33,8.0,9550.0,4242.0,,,,98.89
GRASIM,Mar 2014,10.43,17.35,13.67,15.7,6.19,0.45,12.28,0.59,1213.0,2336.0,44.0,469.89,9.0,9681.0,3549.0,,,,84.81
GRASIM,Mar 2015,8.14,16.21,11.16,14.67,4.78,0.52,8.51,0.59,2235.0,2359.0,37.0,503.04,9.0,11930.0,4594.0,,,,77.2
GRASIM,Mar 2016,10.02,17.14,12.6,14.8,5.8,0.46,10.07,0.58,1353.0,4515.0,51.0,589.87,9.0,12505.0,5868.0,,,,82.0
GRASIM,Mar 2017,11.77,20.48,13.53,18.19,6.77,0.29,12.06,0.57,3779.0,3509.0,66.0,674.99,8.0,9213.0,7288.0,,,,88.17
GRASIM,Mar 2018,6.6,20.78,6.43,9.33,1.77,1.17,3.28,0.27,-2594.0,1546.0,39.0,875.74,15.0,67070.0,-4140.0,14.9,-0.48,-7.31,38.73
GRASIM,Mar 2019,3.56,21.55,4.73,11.68,1.14,1.46,2.44,0.32,-3871.0,2212.0,25.0,879.09,27.0,84487.0,-1659.0,22.2,-1.46,-10.69,36.61
GRASIM,Mar 2020,9.73,15.2,11.72,7.34,2.72,1.5,2.53,0.28,5256.0,11364.0,65.0,858.08,6.0,84777.0,16620.0,16.55,20.79,11.93,64.09
GRASIM,Mar 2021,9.14,24.39,10.67,12.89,2.61,1.21,3.45,0.29,7929.0,7146.0,63.0,992.33,14.0,79078.0,15075.0,17.24,15.12,4.32,71.55
GRASIM,Mar 2022,11.71,21.35,14.8,13.58,3.88,0.99,4.62,0.33,5985.0,1053.0,111.0,1146.95,9.0,74744.0,7038.0,21.55,21.42,10.96,75.44
GRASIM,Mar 2023,9.42,18.35,14.07,11.88,3.29,1.31,4.19,0.35,-26397.0,13712.0,100.0,1193.06,10.0,103039.0,-12685.0,16.05,24.6,20.72,64.09
GRASIM,Mar 2024,7.58,20.76,11.2,12.04,2.41,1.55,3.02,0.32,-33833.0,23114.0,85.0,1333.13,12.0,137155.0,-10719.0,11.15,29.31,27.73,54.63
GRASIM,TTM,6.34,20.06,,,,,2.66,,,,67.0,,,,,,,,18.44
HAL,Mar 2013,20.92,5.36,,,,,820.6,,,,124.0,,28.0,,,,,,100.0
HAL,Mar 2014,17.79,10.37,,,,,523.5,,,,28.0,,33.0,,,,,,100.0
HAL,Mar 2015,15.18,14.95,,,,,266.2,,,,25.0,,20.0,,,,,,100.0
HAL,Mar 2016,11.92,14.79,1665.0,1795.65,1135.23,0.15,679.33,95.22,,,28.0,120.0,31.0,18.0,,,,,100.0
HAL,Mar 2017,14.57,18.03,1966.92,2397.04,1538.82,0.02,267.5,105.59,2598.0,3021.0,36.0,133.0,31.0,2.0,-423.0,,,,85.71
HAL,Mar 2018,10.73,18.68,1528.46,2601.5,1196.99,0.02,120.6,111.56,-140.0,594.0,30.0,130.0,54.0,3.0,-734.0,5.27,-7.89,-24.71,65.27
HAL,Mar 2019,11.73,22.84,1763.91,3240.43,1340.57,0.06,27.94,114.33,-2402.0,5292.0,35.0,133.0,28.0,8.0,-7694.0,5.74,-2.72,4.56,65.74
HAL,Mar 2020,13.25,22.76,2059.42,3485.71,1642.77,0.01,14.75,123.96,203.0,1334.0,42.0,138.0,39.0,2.0,1537.0,6.39,3.54,10.93,75.33
HAL,Mar 2021,14.16,23.34,2249.31,3560.67,1741.4,0.04,21.35,123.02,13934.0,1190.0,48.0,144.0,31.0,6.0,15124.0,6.43,10.14,11.38,86.57
HAL,Mar 2022,20.66,22.01,3324.18,3284.85,2517.82,0.08,98.55,121.88,-2609.0,12789.0,76.0,153.0,26.0,12.0,10180.0,6.52,14.22,16.12,90.74
HAL,Mar 2023,21.58,24.77,3283.05,2977.23,2144.28,0.27,130.33,99.37,3102.0,5734.0,87.0,177.0,32.0,47.0,8836.0,7.77,23.94,23.73,92.77
HAL,Mar 2024,25.0,32.09,3816.58,3027.64,1687.78,0.62,270.88,67.51,1814.0,6412.0,114.0,199.0,31.0,123.0,8226.0,8.71,26.49,26.64,92.91
HAL,TTM,27.19,31.95,,,,,383.06,,,,127.0,,,,,,,,100.0
HAVELLS,Mar 2013,8.14,9.45,40.29,27.81,13.03,0.68,7.28,1.6,494.0,144.0,9.0,23.26,16.0,982.0,638.0,,,,93.97
HAVELLS,Mar 2014,5.54,9.65,26.77,28.57,8.36,0.63,7.96,1.51,492.0,376.0,7.0,26.87,42.0,1054.0,868.0,,,,95.52
HAVELLS,Mar 2015,4.55,8.92,21.18,33.68,8.04,0.23,8.36,1.77,478.0,485.0,6.0,29.32,49.0,424.0,963.0,,,,97.4
HAVELLS,Mar 2016,17.12,10.48,42.95,25.18,29.63,0.04,19.18,1.73,392.0,121.0,21.0,48.82,29.0,134.0,513.0,,,,91.29
HAVELLS,Mar 2017,8.06,13.3,15.08,23.39,9.56,0.06,65.92,1.19,547.0,220.0,8.0,52.84,44.0,208.0,767.0,,,,92.97
HAVELLS,Mar 2018,8.14,12.73,17.72,26.87,10.0,0.03,45.2,1.23,154.0,946.0,11.0,59.21,4.0,115.0,1100.0,2.61,2.61,4.1,72.94
HAVELLS,Mar 2019,7.82,11.8,18.77,27.7,11.02,0.02,82.06,1.41,686.0,185.0,13.0,66.63,36.0,94.0,501.0,4.58,12.06,13.18,81.81
HAVELLS,Mar 2020,7.79,11.3,17.05,24.34,10.39,0.02,23.02,1.33,279.0,548.0,12.0,68.44,34.0,72.0,827.0,2.2,13.81,14.87,83.06
HAVELLS,Mar 2021,9.98,15.2,20.17,27.89,11.79,0.1,19.73,1.18,-103.0,763.0,17.0,82.17,39.0,521.0,660.0,6.61,-4.29,-4.14,72.91
HAVELLS,Mar 2022,8.58,12.73,19.92,26.82,11.37,0.1,28.87,1.32,969.0,759.0,19.0,95.29,39.0,616.0,1728.0,17.85,19.34,18.89,99.92
HAVELLS,Mar 2023,6.34,9.59,16.18,23.67,9.61,0.03,32.71,1.52,596.0,31.0,17.0,105.17,44.0,223.0,565.0,15.82,10.15,9.1,86.63
HAVELLS,Mar 2024,6.84,10.12,17.07,24.27,10.22,0.04,25.36,1.5,335.0,1618.0,20.0,118.21,44.0,303.0,1953.0,13.04,10.03,9.0,90.14
HAVELLS,TTM,6.77,9.71,,,,,50.39,,,,22.0,,,,,,,,100.0
HCLTECH,Jun 2013,15.79,22.2,30.69,39.98,18.04,0.08,56.72,1.14,2131.0,2361.0,14.0,189.41,21.0,1044.0,4492.0,,,,100.0
HCLTECH,Jun 2014,20.31,25.0,33.39,39.07,21.77,0.05,76.42,1.07,1615.0,4842.0,23.0,279.29,11.0,1018.0,6457.0,,,,99.86
HCLTECH,Jun 2015,20.0,23.12,30.31,34.12,20.83,0.03,105.63,1.04,3451.0,2088.0,26.0,172.41,58.0,648.0,5539.0,,,,96.43
HCLTECH,Mar 2016 9m,17.99,21.37,,,,,101.69,,,,20.0,,40.0,,,,,,100.0
HCLTECH,Mar 2017,18.09,21.84,26.12,30.99,18.81,0.02,128.75,1.04,5105.0,3890.0,30.0,231.22,40.0,582.0,8995.0,,,,100.0
HCLTECH,Mar 2018,17.25,22.24,23.97,30.44,18.17,0.02,180.81,1.05,6092.0,2236.0,31.0,261.77,19.0,557.0,8328.0,14.6,16.64,17.23,99.1
HCLTECH,Mar 2019,16.75,23.05,24.46,30.57,17.34,0.1,85.45,1.04,5715.0,3256.0,37.0,305.28,11.0,4195.0,8971.0,13.46,9.16,9.98,91.52
HCLTECH,Mar 2020,15.64,24.5,21.57,29.22,13.35,0.16,35.46,0.85,1027.0,12332.0,41.0,188.83,25.0,7986.0,13359.0,14.0,8.53,9.54,92.53
HCLTECH,Mar 2021,14.82,26.6,18.64,30.02,12.98,0.11,41.05,0.88,13953.0,5665.0,41.0,220.67,24.0,6864.0,19618.0,19.34,14.8,15.44,98.44
HCLTECH,Mar 2022,15.79,23.97,21.84,30.08,15.21,0.1,67.7,0.96,18497.0,1597.0,50.0,228.04,84.0,6343.0,16900.0,12.48,9.46,10.76,91.94
HCLTECH,Mar 2023,14.63,22.3,22.7,32.23,15.92,0.07,67.95,1.09,14436.0,3573.0,55.0,240.9,88.0,4794.0,18009.0,14.94,11.22,12.15,96.16
HCLTECH,Mar 2024,14.29,22.02,23.01,32.69,15.87,0.08,46.46,1.11,15840.0,6608.0,58.0,251.43,90.0,5758.0,22448.0,12.71,9.19,9.41,91.9
HCLTECH,TTM,14.82,21.8,,,,,41.87,,,,63.0,,,,,,,,100.0
HDFCBANK,Mar 2013,19.25,35.22,18.84,3.39,1.69,9.16,1.77,0.09,-6749.0,902.0,14.0,76.98,19.0,335588.0,-5847.0,,,,32.98
HDFCBANK,Mar 2014,20.6,31.74,19.85,2.93,1.74,9.43,1.63,0.08,3112.0,1099.0,18.0,92.01,19.0,416677.0,4211.0,,,,40.4
HDFCBANK,Mar 2015,21.12,31.9,16.95,2.82,1.76,8.07,1.69,0.08,-22081.0,800.0,21.0,126.06,19.0,509762.0,-21281.0,,,,29.34
HDFCBANK,Mar 2016,20.3,31.75,17.25,2.77,1.68,8.74,1.79,0.08,-35272.0,837.0,25.0,146.85,19.0,649587.0,-34435.0,,,,29.85
HDFCBANK,Mar 2017,20.9,32.56,16.69,2.86,1.72,8.08,1.85,0.08,16136.0,1146.0,30.0,178.94,18.0,741550.0,17282.0,,,,43.56
HDFCBANK,Mar 2018,21.76,34.63,16.94,2.8,1.68,8.62,1.84,0.08,16372.0,842.0,36.0,211.17,18.0,944817.0,17214.0,18.92,21.87,20.79,59.97
HDFCBANK,Mar 2019,21.34,33.15,14.61,2.82,1.74,7.03,1.84,0.08,-64375.0,1503.0,41.0,281.97,18.0,1080235.0,-62872.0,19.83,20.68,17.9,48.36
HDFCBANK,Mar 2020,22.34,37.2,15.48,3.01,1.73,7.56,1.83,0.08,-18272.0,1403.0,50.0,321.82,5.0,1333041.0,-16869.0,19.25,20.59,18.95,49.41
HDFCBANK,Mar 2021,24.78,40.81,15.18,3.05,1.77,7.2,1.92,0.07,40653.0,1823.0,58.0,380.78,11.0,1511418.0,42476.0,15.27,19.97,18.33,59.25
HDFCBANK,Mar 2022,28.07,41.61,15.43,2.78,1.8,7.22,1.78,0.06,-14011.0,2051.0,69.0,445.63,23.0,1784970.0,-11960.0,13.16,20.02,18.13,47.24
HDFCBANK,Mar 2023,27.03,36.92,15.94,2.6,1.82,7.39,1.86,0.07,17822.0,2992.0,82.0,518.71,23.0,2139212.0,20814.0,14.89,19.98,17.9,53.89
HDFCBANK,Mar 2024,23.07,61.41,14.34,4.89,1.62,6.81,1.4,0.07,35669.0,16600.0,84.0,600.52,23.0,3107503.0,19069.0,21.95,23.87,15.42,52.57
HDFCBANK,TTM,21.93,62.61,,,,,1.41,,,,91.0,,,,,,,,4.56
HDFCLIFE,Mar 2013,3.18,96.27,33.43,1012.34,1.07,0.0,483.54,0.34,,,2.0,6.7,0.0,0.0,,,,,100.0
HDFCLIFE,Mar 2014,4.22,96.48,37.6,858.97,1.39,0.0,68.73,0.33,,,4.0,9.66,14.0,0.0,,,,,100.0
HDFCLIFE,Mar 2015,2.89,96.79,30.93,1036.64,1.13,0.0,333.47,0.39,945.0,3514.0,4.0,12.74,18.0,0.0,4459.0,,,,100.0
HDFCLIFE,Mar 2016,4.5,94.74,26.33,553.88,1.07,0.0,159.19,0.24,1725.0,3962.0,4.0,15.55,22.0,0.0,5687.0,,,,100.0
HDFCLIFE,Mar 2017,2.89,96.83,23.18,775.59,0.93,0.0,213.5,0.32,1053.0,5177.0,4.0,19.15,25.0,0.0,6230.0,,,,100.0
HDFCLIFE,Mar 2018,3.43,96.67,23.53,662.83,1.0,0.0,110.6,0.29,2318.0,4421.0,6.0,23.38,25.0,0.0,6739.0,18.07,19.89,24.57,100.0
HDFCLIFE,Mar 2019,3.29,96.87,22.65,667.14,0.98,0.0,276.79,0.3,-314.0,10182.0,6.0,27.97,26.0,0.0,9868.0,17.75,12.01,8.45,97.01
HDFCLIFE,Mar 2020,4.41,96.12,19.05,414.85,0.98,0.0,76.54,0.22,-401.0,7789.0,6.0,33.71,0.0,0.0,7388.0,1.54,10.54,8.45,81.13
HDFCLIFE,Mar 2021,1.9,98.27,15.75,760.76,0.76,0.07,157.97,0.4,751.0,8952.0,7.0,42.75,30.0,600.0,9703.0,31.57,10.75,11.84,91.5
HDFCLIFE,Mar 2022,1.98,98.84,8.5,409.2,0.58,0.04,86.62,0.29,5142.0,801.0,6.0,73.89,27.0,600.0,5943.0,16.98,8.39,8.45,81.89
HDFCLIFE,Mar 2023,1.95,99.89,10.53,502.95,0.55,0.07,48.8,0.28,-3188.0,10071.0,6.0,60.46,30.0,950.0,6883.0,16.83,4.32,0.0,79.85
HDFCLIFE,Mar 2024,1.55,99.48,10.73,646.46,0.52,0.06,192.29,0.34,-2893.0,13614.0,7.0,68.18,27.0,950.0,10721.0,21.17,4.25,3.13,79.98
HDFCLIFE,TTM,1.73,99.28,,,,,194.65,,,,8.0,,,,,,,,100.0
HEROMOTOCO,Mar 2014,8.32,85.94,37.38,367.73,20.77,0.05,50.55,2.5,1347.0,1616.0,105.0,281.15,62.0,284.0,2963.0,,,,100.0
HEROMOTOCO,Mar 2015,8.58,87.22,36.15,361.72,22.19,0.02,73.94,2.58,2217.0,31.0,118.0,327.0,51.0,100.0,2186.0,,,,98.86
HEROMOTOCO,Mar 2016,10.94,84.45,35.23,265.09,24.13,0.03,57.12,2.21,1422.0,2300.0,157.0,441.7,46.0,232.0,3722.0,,,,100.0
HEROMOTOCO,Mar 2017,12.39,83.97,34.37,227.14,23.16,0.03,28.97,1.87,2035.0,1972.0,179.0,515.8,47.0,261.0,4007.0,,,,100.0
HEROMOTOCO,Mar 2018,11.47,83.57,31.09,222.33,21.39,0.02,48.12,1.87,2159.0,1858.0,186.0,598.6,51.0,228.0,4017.0,,,,100.0
HEROMOTOCO,Mar 2019,10.2,85.21,26.42,215.5,18.73,0.02,39.08,1.84,2330.0,1298.0,172.0,656.0,50.0,312.0,1032.0,6.09,10.52,10.37,79.61
HEROMOTOCO,Mar 2020,12.51,86.09,25.4,169.49,18.6,0.03,17.57,1.49,2699.0,2819.0,182.0,720.3,49.0,453.0,5518.0,1.22,9.13,9.05,80.35
HEROMOTOCO,Mar 2021,9.48,86.9,19.05,168.14,12.71,0.04,48.67,1.34,1821.0,2289.0,146.0,770.8,72.0,584.0,4110.0,1.7,-1.16,-1.44,70.75
HEROMOTOCO,Mar 2022,7.88,88.98,14.7,159.83,10.36,0.04,48.27,1.31,1882.0,222.0,116.0,792.35,82.0,605.0,2104.0,0.65,-8.06,-8.31,64.35
HEROMOTOCO,Mar 2023,8.2,88.0,16.81,174.52,11.71,0.03,53.04,1.43,2193.0,421.0,141.0,832.8,71.0,568.0,2614.0,1.03,-5.53,-5.39,67.14
HEROMOTOCO,Mar 2024,9.9,86.15,21.14,177.84,14.31,0.03,47.27,1.44,3095.0,1828.0,187.0,884.95,75.0,606.0,4923.0,2.15,1.54,1.69,73.69
HEROMOTOCO,TTM,10.31,86.13,,,,,37.19,,,,207.0,,,,,,,,100.0
HINDALCO,Mar 2013,3.75,90.4,8.51,78.56,2.49,1.61,65.26,0.67,-10824.0,13801.0,16.0,184.97,6.0,56951.0,2977.0,,,,72.87
HINDALCO,Mar 2014,2.5,90.85,5.41,75.62,1.59,1.59,117.7,0.64,-139.0,8095.0,11.0,197.11,9.0,64756.0,7956.0,,,,68.78
HINDALCO,Mar 2015,0.25,91.52,0.68,89.36,0.18,1.79,,0.74,3270.0,3873.0,4.0,185.16,24.0,68468.0,7143.0,,,,53.47
HINDALCO,Mar 2016,-0.71,92.12,-1.73,84.12,-0.5,1.66,60.66,0.7,8468.0,3220.0,-1.0,196.18,-82.0,67552.0,11688.0,,,,53.78
HINDALCO,Mar 2017,1.88,87.71,4.09,79.97,1.29,1.39,73.35,0.69,9811.0,2876.0,8.0,206.54,13.0,63817.0,12687.0,,,,68.8
HINDALCO,Mar 2018,5.28,88.11,11.09,94.91,4.14,0.95,35.26,0.78,16231.0,5333.0,27.0,245.97,4.0,52074.0,10898.0,7.51,15.13,11.03,80.6
HINDALCO,Mar 2019,4.21,88.12,9.56,104.65,3.62,0.91,102.08,0.86,6521.0,5456.0,24.0,259.01,5.0,52415.0,11977.0,8.28,20.15,16.89,80.11
HINDALCO,Mar 2020,3.19,87.89,6.46,81.95,2.23,1.17,114.62,0.7,5518.0,7227.0,17.0,262.69,6.0,68399.0,12745.0,2.53,70.82,33.56,69.52
HINDALCO,Mar 2021,2.64,86.7,5.23,85.58,1.84,1.01,,0.7,-8048.0,25280.0,16.0,299.7,19.0,67206.0,17232.0,5.98,,,63.75
HINDALCO,Mar 2022,7.04,85.47,17.56,116.85,6.19,0.82,133.06,0.88,10065.0,6773.0,61.0,352.21,6.0,64486.0,16838.0,14.25,48.8,50.12,94.68
HINDALCO,Mar 2023,4.52,89.85,10.65,129.3,4.52,0.64,153.44,1.0,11649.0,7559.0,45.0,427.05,7.0,60291.0,19208.0,14.15,10.67,10.76,84.54
HINDALCO,Mar 2024,4.7,88.95,9.57,118.21,4.4,0.53,126.47,0.94,9789.0,14267.0,45.0,478.14,8.0,56356.0,24056.0,10.59,13.07,13.4,83.03
HINDALCO,TTM,5.57,87.53,,,,,150.85,,,,56.0,,,,,,,,100.0
HINDUNILVR,Mar 2013,14.22,84.37,134.0,788.37,31.75,0.01,20.3,2.23,3668.0,63.0,18.0,13.26,104.0,25.0,3605.0,,,,99.14
HINDUNILVR,Mar 2014,13.53,83.72,111.85,683.09,28.76,0.01,30.92,2.13,3343.0,475.0,18.0,16.38,71.0,46.0,3818.0,,,,99.57
HINDUNILVR,Mar 2015,13.69,83.07,108.67,652.58,30.33,0.01,21.31,2.22,3430.0,138.0,20.0,18.64,74.0,43.0,3292.0,,,,96.43
HINDUNILVR,Mar 2016,12.9,81.64,63.15,389.27,28.06,0.03,54.1,2.18,3889.0,282.0,19.0,30.43,83.0,177.0,4171.0,,,,100.0
HINDUNILVR,Mar 2017,13.54,80.92,66.58,382.2,28.59,0.04,44.31,2.11,4012.0,1173.0,21.0,31.22,82.0,277.0,5185.0,,,,100.0
HINDUNILVR,Mar 2018,14.71,78.9,71.79,385.19,29.26,0.0,79.51,1.99,4996.0,1063.0,24.0,33.71,83.0,0.0,6059.0,5.65,6.37,5.92,82.02
HINDUNILVR,Mar 2019,15.42,77.41,77.03,382.0,32.53,0.01,94.57,2.11,5362.0,438.0,28.0,36.42,78.0,99.0,5800.0,6.1,8.9,9.24,84.6
HINDUNILVR,Mar 2020,16.98,75.21,82.1,363.62,33.52,0.0,70.63,1.97,9414.0,1791.0,31.0,38.1,80.0,0.0,7623.0,4.47,9.07,9.16,83.54
HINDUNILVR,Mar 2021,17.01,75.28,16.78,74.26,11.64,0.0,208.39,0.68,7935.0,1228.0,34.0,202.87,119.0,0.0,9163.0,7.88,14.02,12.34,88.68
HINDUNILVR,Mar 2022,16.95,75.49,18.12,79.01,12.61,0.02,180.89,0.74,7320.0,1728.0,38.0,208.77,90.0,1043.0,9048.0,9.6,14.64,12.59,92.36
HINDUNILVR,Mar 2023,16.74,76.65,20.16,90.12,13.88,0.02,103.7,0.83,8507.0,1484.0,43.0,214.06,91.0,1219.0,9991.0,11.25,14.18,12.37,95.33
HINDUNILVR,Mar 2024,16.61,76.32,20.07,89.63,13.1,0.03,57.85,0.79,10145.0,5324.0,44.0,217.95,96.0,1484.0,15469.0,9.5,11.15,9.46,90.65
HINDUNILVR,TTM,17.17,76.45,,,,,32.8,,,,46.0,,,,,,,,100.0
ICICIBANK,Mar 2013,22.57,70.59,14.73,5.69,1.5,7.09,1.08,0.07,-1069.0,18563.0,15.0,119.17,24.0,487659.0,17494.0,,,,43.58
ICICIBANK,Mar 2014,23.6,66.4,15.28,5.3,1.56,7.11,1.09,0.07,-8985.0,15750.0,17.0,132.35,24.0,543055.0,6765.0,,,,37.83
ICICIBANK,Mar 2015,23.55,70.53,15.28,5.68,1.57,7.05,1.1,0.07,-25448.0,13175.0,19.0,146.04,24.0,597207.0,-12273.0,,,,30.1
ICICIBANK,Mar 2016,18.43,88.12,11.61,6.83,1.19,7.13,1.24,0.06,11585.0,12060.0,16.0,161.84,29.0,671455.0,23645.0,,,,41.01
ICICIBANK,Mar 2017,18.61,104.76,10.84,7.93,1.15,6.7,1.22,0.06,50925.0,1711.0,16.0,179.63,14.0,700874.0,52636.0,,,,41.45
ICICIBANK,Mar 2018,14.64,117.12,8.23,7.86,0.81,7.37,1.28,0.06,-31168.0,50551.0,12.0,172.05,12.0,815198.0,19383.0,6.73,-2.12,-4.36,33.13
ICICIBANK,Mar 2019,7.9,116.38,4.98,8.33,0.46,7.8,1.41,0.06,18389.0,30282.0,7.0,177.27,15.0,891641.0,48671.0,7.79,-13.4,-16.26,31.56
ICICIBANK,Mar 2020,13.23,100.62,9.13,7.5,0.82,8.25,1.31,0.06,37470.0,42095.0,15.0,189.9,0.0,1014636.0,79565.0,9.07,-2.81,-4.62,36.04
ICICIBANK,Mar 2021,22.84,102.41,12.92,7.24,1.29,7.0,1.26,0.06,74384.0,63631.0,27.0,227.89,8.0,1103840.0,138015.0,8.5,13.26,11.03,52.21
ICICIBANK,Mar 2022,27.82,84.69,14.58,5.63,1.51,6.88,1.3,0.05,18663.0,39448.0,36.0,261.95,14.0,1252968.0,58111.0,9.38,18.54,17.61,54.92
ICICIBANK,Mar 2023,29.29,72.57,16.53,5.44,1.81,6.53,1.35,0.06,-71460.0,67689.0,49.0,307.08,16.0,1399894.0,-3771.0,14.26,31.26,32.5,51.62
ICICIBANK,Mar 2024,28.89,62.41,17.99,5.22,1.95,6.45,1.3,0.07,12547.0,144737.0,63.0,364.62,16.0,1651008.0,157284.0,17.25,51.95,55.18,63.54
ICICIBANK,TTM,29.03,69.63,,,,,1.23,,,,70.0,,,,,,,,2.56
ICICIGI,Mar 2013,8.8,104.46,18.88,224.12,2.79,0.0,7.15,0.32,22.0,962.0,8.0,42.79,0.0,0.0,984.0,,,,93.88
ICICIGI,Mar 2014,11.95,105.19,21.72,191.23,3.53,0.0,5.6,0.3,-111.0,706.0,12.0,53.8,0.0,0.0,595.0,,,,93.02
ICICIGI,Mar 2015,13.82,105.24,20.27,154.4,3.99,0.0,4.49,0.29,73.0,171.0,13.0,64.56,15.0,0.0,-98.0,,,,76.97
ICICIGI,Mar 2016,8.4,87.34,15.66,162.77,3.23,0.0,,0.38,201.0,310.0,11.0,72.25,26.0,0.0,511.0,,,,93.8
ICICIGI,Mar 2017,9.34,87.78,18.0,150.5,3.01,0.12,,0.32,-362.0,1990.0,16.0,86.5,22.0,485.0,1628.0,,,,96.67
ICICIGI,Mar 2018,12.47,103.79,18.98,142.74,2.9,0.11,4.57,0.23,494.0,1896.0,19.0,100.02,17.0,485.0,2390.0,11.49,19.55,18.89,89.44
ICICIGI,Mar 2019,9.4,85.05,19.43,161.33,3.14,0.09,,0.33,120.0,2856.0,23.0,118.94,26.0,485.0,2976.0,20.73,15.07,13.9,99.37
ICICIGI,Mar 2020,10.37,84.61,19.47,147.23,3.22,0.08,650.67,0.31,51.0,3382.0,26.0,135.11,13.0,485.0,3433.0,22.16,15.34,14.87,99.47
ICICIGI,Mar 2021,12.11,82.97,19.38,124.81,3.75,0.06,842.25,0.31,407.0,1367.0,32.0,167.01,25.0,485.0,1774.0,15.05,23.78,23.81,99.38
ICICIGI,Mar 2022,7.93,93.66,13.83,158.87,2.5,0.03,18.56,0.32,944.0,135.0,26.0,187.23,35.0,255.0,809.0,16.34,12.61,10.2,87.84
ICICIGI,Mar 2023,9.67,92.93,16.55,158.53,3.14,0.0,16.77,0.32,605.0,1685.0,35.0,212.71,31.0,35.0,2290.0,20.93,14.94,13.0,96.49
ICICIGI,Mar 2024,9.37,87.42,15.72,146.32,3.03,0.0,160.03,0.32,486.0,1921.0,39.0,247.57,28.0,35.0,2407.0,12.91,12.84,11.14,91.47
ICICIGI,TTM,10.81,85.57,,,,,,,,,51.0,,,,,,,,
ICICIPRULI,Mar 2013,7.57,96.28,38.25,486.75,2.01,0.0,21.43,0.27,-1077.0,1564.0,11.0,27.72,32.0,0.0,-2641.0,,,,85.71
ICICIPRULI,Mar 2014,7.13,93.13,35.61,465.07,1.92,0.0,158.07,0.27,3630.0,6012.0,11.0,30.67,70.0,0.0,-2382.0,,,,85.71
ICICIPRULI,Mar 2015,4.76,95.2,31.15,622.94,1.62,0.0,762.86,0.34,-1299.0,1822.0,11.0,36.77,51.0,0.0,523.0,,,,90.29
ICICIPRULI,Mar 2016,7.91,91.17,31.0,299.24,1.57,0.19,,0.2,3661.0,27.0,12.0,37.17,73.0,1029.0,3634.0,,,,100.0
ICICIPRULI,Mar 2017,4.45,95.22,26.26,562.13,1.35,0.0,277.04,0.3,3434.0,696.0,12.0,44.64,63.0,0.0,4130.0,,,,100.0
ICICIPRULI,Mar 2018,4.17,95.44,24.63,563.77,1.14,0.0,280.81,0.27,301.0,5389.0,11.0,45.78,59.0,0.0,5690.0,14.16,1.34,0.0,85.5
ICICIPRULI,Mar 2019,2.75,98.7,16.58,595.58,0.7,0.0,50.34,0.25,3818.0,7559.0,8.0,47.85,40.0,0.0,11377.0,13.63,-6.11,-6.17,80.21
ICICIPRULI,Mar 2020,5.07,101.52,14.79,295.91,0.68,0.0,13.52,0.13,-2201.0,10797.0,7.0,50.23,11.0,0.0,8596.0,-9.41,-8.24,-8.64,64.79
ICICIPRULI,Mar 2021,1.15,100.47,10.5,810.67,0.44,0.13,50.07,0.38,2230.0,5084.0,7.0,63.43,30.0,1200.0,7314.0,31.88,-10.34,-10.22,75.5
ICICIPRULI,Mar 2022,1.19,103.4,8.29,634.56,0.31,0.13,20.6,0.26,1015.0,816.0,5.0,63.73,10.0,1200.0,1831.0,10.94,-14.71,-16.06,69.23
ICICIPRULI,Mar 2023,1.61,103.48,8.06,462.67,0.32,0.12,17.86,0.2,-1056.0,1145.0,6.0,70.12,11.0,1200.0,89.0,5.39,-12.87,-11.42,54.55
ICICIPRULI,Mar 2024,0.94,102.03,7.73,754.9,0.28,0.11,31.02,0.3,105.0,7420.0,6.0,76.37,10.0,1200.0,-7315.0,16.85,-5.66,-5.59,62.73
ICICIPRULI,TTM,1.26,99.59,,,,,82.8,,,,7.0,,,,,,,,100.0
INDUSINDBK,Mar 2013,15.19,27.88,13.91,2.73,1.45,8.33,1.43,0.1,-660.0,174.0,20.0,145.89,15.0,63576.0,-486.0,,,,24.45
INDUSINDBK,Mar 2014,17.06,30.95,15.57,3.03,1.62,8.32,1.35,0.09,-4280.0,174.0,27.0,171.92,13.0,75264.0,-4106.0,,,,27.13
INDUSINDBK,Mar 2015,18.51,32.33,16.85,2.97,1.6,8.9,1.23,0.09,-1697.0,276.0,34.0,201.21,12.0,94752.0,-1421.0,,,,28.68
INDUSINDBK,Mar 2016,19.26,35.28,12.92,3.09,1.6,6.67,1.27,0.08,-3185.0,258.0,38.0,297.41,12.0,117996.0,-2927.0,,,,23.3
INDUSINDBK,Mar 2017,19.91,39.46,13.89,3.35,1.61,7.22,1.36,0.08,11284.0,285.0,48.0,345.25,13.0,149026.0,11569.0,,,,39.49
INDUSINDBK,Mar 2018,20.87,37.93,15.13,3.07,1.63,7.97,1.38,0.08,-20917.0,217.0,60.0,397.35,12.0,189928.0,-20700.0,19.87,27.72,24.57,48.62
INDUSINDBK,Mar 2019,14.83,41.7,12.37,3.45,1.19,9.08,1.64,0.08,-7022.0,633.0,55.0,442.55,14.0,242189.0,-6389.0,21.95,18.58,15.29,46.53
INDUSINDBK,Mar 2020,15.35,43.81,12.73,4.24,1.44,7.57,1.81,0.09,-11513.0,526.0,64.0,500.1,0.0,262793.0,-12039.0,24.32,19.75,13.49,47.87
INDUSINDBK,Mar 2021,9.78,55.16,6.54,4.56,0.78,7.09,2.44,0.08,44420.0,226.0,37.0,561.0,14.0,307528.0,44646.0,19.56,4.41,-0.53,42.11
INDUSINDBK,Mar 2022,14.96,51.39,9.67,4.08,1.15,7.15,2.16,0.08,16249.0,351.0,60.0,615.46,14.0,341005.0,16600.0,16.43,9.96,4.56,50.0
INDUSINDBK,Mar 2023,20.32,42.69,13.53,3.53,1.61,7.06,1.9,0.08,-12879.0,441.0,95.0,703.89,15.0,385449.0,-12438.0,16.05,15.43,9.63,48.06
INDUSINDBK,Mar 2024,19.56,38.55,14.25,3.56,1.74,6.89,1.88,0.09,-17468.0,625.0,115.0,807.16,14.0,432404.0,-16843.0,15.5,22.08,15.9,48.79
INDUSINDBK,TTM,16.57,41.03,,,,,2.11,,,,104.0,,,,,,,,12.33
INFY,Mar 2013,23.37,28.59,24.82,30.37,20.38,0.0,2780.6,0.87,4451.0,2922.0,21.0,664.23,25.0,0.0,7373.0,,,,96.86
INFY,Mar 2014,21.26,26.71,23.93,30.07,18.71,0.0,1783.78,0.88,7262.0,2563.0,23.0,778.5,34.0,0.0,9825.0,,,,98.86
INFY,Mar 2015,23.2,27.91,24.39,29.33,18.66,0.0,1526.08,0.8,9352.0,999.0,27.0,443.5,55.0,0.0,8353.0,,,,95.43
INFY,Mar 2016,21.6,27.35,21.85,27.66,17.96,0.0,,0.83,9143.0,885.0,29.0,269.86,41.0,0.0,10028.0,,,,96.29
INFY,Mar 2017,20.96,27.17,20.81,26.97,17.26,0.0,,0.82,-3133.0,14664.0,31.0,301.49,41.0,0.0,11531.0,,,,97.14
INFY,Mar 2018,22.73,26.69,24.69,28.99,20.2,0.0,,0.89,17751.0,4533.0,37.0,298.36,59.0,0.0,13218.0,11.81,11.2,11.99,91.21
INFY,Mar 2019,18.64,24.4,23.73,31.06,18.33,0.0,,0.98,14209.0,632.0,35.0,149.65,60.0,0.0,14841.0,10.52,7.66,8.76,87.78
INFY,Mar 2020,18.33,24.53,25.42,31.77,18.13,0.07,147.47,0.99,16672.0,331.0,39.0,154.22,45.0,4633.0,17003.0,11.23,6.11,7.63,87.34
INFY,Mar 2021,19.33,27.76,25.44,34.15,18.07,0.07,154.31,0.93,15851.0,7373.0,45.0,179.73,59.0,5325.0,23224.0,9.98,7.56,9.18,87.54
INFY,Mar 2022,18.21,25.89,29.39,38.96,18.97,0.07,168.93,1.04,17400.0,6485.0,53.0,179.58,59.0,5474.0,23885.0,12.18,9.06,11.32,91.24
INFY,Mar 2023,16.43,23.94,31.97,41.97,19.35,0.11,133.21,1.18,21396.0,1071.0,58.0,182.23,73.0,8299.0,22467.0,15.79,8.51,9.41,92.81
INFY,Mar 2024,17.08,23.7,29.79,37.76,19.3,0.09,87.52,1.13,20117.0,5093.0,63.0,212.74,,8359.0,25210.0,13.2,11.24,12.47,94.04
INFY,TTM,17.31,23.84,,,,,102.08,,,,67.0,,,,,,,,100.0
IOC,Mar 2013,0.79,3.0,5.75,9.08,1.5,1.42,2.42,1.91,46.0,9294.0,3.0,259.63,36.0,89671.0,9340.0,,,,43.25
IOC,Mar 2014,1.43,3.53,10.26,10.58,2.62,1.4,3.75,1.84,5601.0,18594.0,5.0,279.71,30.0,94916.0,24195.0,,,,54.14
IOC,Mar 2015,1.08,2.35,7.08,7.91,2.08,0.94,3.91,1.92,35877.0,10215.0,3.0,283.49,33.0,64893.0,46092.0,,,,50.41
IOC,Mar 2016,3.59,6.37,13.8,14.84,5.36,0.65,7.82,1.49,12014.0,13610.0,8.0,379.66,28.0,58552.0,25624.0,,,,78.88
IOC,Mar 2017,5.74,9.61,19.97,20.65,7.45,0.62,10.29,1.3,10532.0,17684.0,14.0,215.44,45.0,63271.0,28216.0,,,,98.81
IOC,Mar 2018,5.37,9.88,19.87,23.2,7.65,0.58,11.87,1.42,11996.0,17119.0,15.0,120.13,90.0,65650.0,29115.0,-1.81,44.22,37.97,84.34
IOC,Mar 2019,3.27,6.68,15.36,16.85,5.15,0.86,7.99,1.57,-9822.0,22569.0,12.0,122.5,49.0,96765.0,12747.0,1.58,19.91,19.14,71.56
IOC,Mar 2020,-0.39,3.32,-1.97,7.13,-0.57,1.36,1.53,1.47,-21955.0,29101.0,-1.0,103.91,-437.0,129790.0,7146.0,1.48,,,17.95
IOC,Mar 2021,5.98,10.97,19.46,17.48,6.13,1.04,15.21,1.02,26715.0,22935.0,15.0,121.81,51.0,116649.0,49650.0,1.01,11.88,13.4,76.23
IOC,Mar 2022,4.37,8.1,19.27,17.98,6.26,0.99,9.55,1.43,4453.0,21294.0,18.0,145.45,46.0,132020.0,25747.0,10.65,4.76,5.15,78.89
IOC,Mar 2023,1.39,3.65,8.38,10.63,2.65,1.07,4.72,1.9,1614.0,28030.0,7.0,101.45,42.0,148977.0,29644.0,14.84,-12.35,-14.14,54.18
IOC,Mar 2024,5.56,9.74,23.53,23.94,8.94,0.72,10.28,1.61,39635.0,31464.0,30.0,133.18,40.0,132628.0,71099.0,8.01,20.1,20.11,91.54
IOC,TTM,1.43,4.32,,,,,4.36,,,,8.0,,,,,,,,37.33
IRCTC,Mar 2015,12.37,14.35,29.5,34.23,11.27,0.0,,0.91,23.0,46.0,13.0,44.4,20.0,0.0,69.0,,,,93.29
IRCTC,Mar 2016,13.83,13.9,34.87,35.06,13.15,0.0,,0.95,295.0,7.0,19.0,54.2,40.0,0.0,288.0,,,,100.0
IRCTC,Mar 2017,15.07,20.66,29.1,39.9,12.54,0.0,127.0,0.83,432.0,94.0,11.0,39.35,49.0,0.0,338.0,,,,100.0
IRCTC,Mar 2018,15.08,18.69,23.14,28.69,9.53,0.0,124.33,0.63,64.0,40.0,11.0,47.75,21.0,0.0,24.0,,,,87.29
IRCTC,Mar 2019,16.52,20.48,28.85,35.76,11.91,0.0,254.5,0.72,146.0,353.0,4.0,13.39,98.0,0.0,499.0,,,,100.0
IRCTC,Mar 2020,22.66,31.05,39.04,53.5,15.83,0.0,78.0,0.7,417.0,8.0,6.0,16.43,39.0,0.0,409.0,16.41,31.39,-14.33,98.0
IRCTC,Mar 2021,24.07,24.2,12.84,12.25,5.93,0.05,39.0,0.25,-205.0,453.0,2.0,18.2,43.0,79.0,248.0,-10.68,-0.21,-36.25,55.09
IRCTC,Mar 2022,35.13,46.51,35.29,44.25,16.99,0.06,86.0,0.48,282.0,242.0,8.0,23.38,42.0,105.0,524.0,4.33,23.58,-6.17,87.23
IRCTC,Mar 2023,28.41,36.04,40.6,49.8,19.77,0.03,89.0,0.7,495.0,317.0,13.0,30.98,44.0,84.0,812.0,19.29,35.41,3.4,98.1
IRCTC,Mar 2024,26.02,34.33,34.4,44.56,18.24,0.02,82.74,0.7,667.0,215.0,14.0,40.38,47.0,60.0,882.0,17.96,29.17,28.47,97.9
IRCTC,TTM,26.94,33.78,,,,,105.62,,,,15.0,,,,,,,,100.0
IRFC,Mar 2013,9.41,99.6,8.16,8.49,0.74,9.19,1.36,0.08,,,222.0,27.19,21.0,58753.0,,,,,28.42
IRFC,Mar 2014,11.31,99.69,9.27,7.97,0.84,9.25,1.34,0.07,,,209.0,22.56,6.0,69917.0,,,,,29.36
IRFC,Mar 2015,10.92,99.51,8.73,8.64,0.86,8.21,1.38,0.08,,,212.0,24.22,20.0,71270.0,,,,,29.65
IRFC,Mar 2016,11.31,99.48,7.37,7.54,0.78,7.59,1.35,0.07,-16376.0,2.0,188.0,25.46,40.0,87503.0,-16378.0,,,,21.86
IRFC,Mar 2017,10.32,99.71,7.78,7.62,0.72,8.86,1.31,0.07,-19453.0,2.0,143.0,18.4,40.0,106395.0,-19455.0,,,,22.49
IRFC,Mar 2018,22.18,99.59,14.75,6.24,1.27,9.62,1.39,0.06,-28074.0,2.0,3.0,21.34,18.0,134006.0,-28076.0,10.8,31.53,-57.72,47.22
IRFC,Mar 2019,20.25,99.56,9.01,5.57,1.09,6.95,1.35,0.05,-41747.0,1.0,2.0,26.68,18.0,173933.0,-41748.0,12.43,26.32,-60.54,42.4
IRFC,Mar 2020,23.78,99.51,10.54,5.05,1.16,7.74,1.31,0.05,-62700.0,1.0,3.0,25.5,0.0,234377.0,-62701.0,14.1,33.31,-57.33,45.03
IRFC,Mar 2021,28.0,99.28,12.3,4.36,1.16,9.0,1.39,0.04,-89907.0,0.0,3.0,27.48,31.0,323145.0,-89907.0,16.01,39.07,-56.29,47.09
IRFC,Mar 2022,30.0,99.4,14.85,4.7,1.35,9.47,1.43,0.05,-64417.0,5.0,5.0,31.37,30.0,388440.0,-64412.0,17.54,45.5,-48.86,50.03
IRFC,Mar 2023,26.0,99.44,13.8,5.09,1.26,9.38,1.35,0.05,-28588.0,0.0,5.0,34.19,32.0,418935.0,-28588.0,20.68,24.58,10.76,49.28
IRFC,Mar 2024,24.06,99.5,13.04,5.75,1.32,8.38,1.32,0.05,7906.0,8.0,5.0,37.63,31.0,412039.0,7914.0,19.07,23.25,20.11,59.15
IRFC,TTM,24.3,99.46,,,,,1.32,,,,5.0,,,,,,,,3.56
ITC,Mar 2013,24.37,35.49,33.27,48.24,21.81,0.0,111.79,0.89,3221.0,3881.0,6.0,29.31,55.0,102.0,7102.0,,,,98.86
ITC,Mar 2014,25.49,37.05,33.05,47.6,22.04,0.01,484.34,0.86,4090.0,3254.0,7.0,34.26,54.0,242.0,7344.0,,,,97.43
ITC,Mar 2015,25.19,36.72,30.81,44.53,21.28,0.01,170.12,0.84,4568.0,5275.0,8.0,39.57,52.0,269.0,9843.0,,,,100.0
ITC,Mar 2016,24.24,37.08,22.26,33.98,18.39,0.0,205.31,0.76,5878.0,3921.0,8.0,53.02,73.0,84.0,9799.0,,,,100.0
ITC,Mar 2017,24.5,36.17,22.57,33.3,18.74,0.0,351.61,0.77,7376.0,3251.0,8.0,38.2,56.0,46.0,10627.0,,,,100.0
ITC,Mar 2018,26.45,38.02,21.89,31.44,17.89,0.0,163.14,0.68,6055.0,7114.0,9.0,43.04,56.0,36.0,13169.0,6.56,8.33,8.45,84.89
ITC,Mar 2019,26.55,38.35,21.7,31.34,17.89,0.0,290.38,0.67,7037.0,5546.0,10.0,48.24,56.0,13.0,12583.0,6.49,7.36,7.39,83.65
ITC,Mar 2020,31.57,39.17,23.89,29.51,20.17,0.0,268.65,0.64,8516.0,6174.0,12.0,53.11,82.0,277.0,14690.0,4.93,9.78,8.45,84.11
ITC,Mar 2021,27.17,34.64,22.18,28.15,18.14,0.0,338.66,0.67,18267.0,5740.0,11.0,49.02,101.0,271.0,12527.0,4.68,7.09,6.58,81.17
ITC,Mar 2022,25.56,34.01,24.82,32.89,20.08,0.0,375.55,0.79,13538.0,2238.0,12.0,50.69,93.0,249.0,15776.0,7.23,8.15,8.45,85.38
ITC,Mar 2023,27.46,36.24,28.16,37.0,22.69,0.0,356.44,0.83,13146.0,5732.0,15.0,55.64,100.0,306.0,18878.0,10.3,11.13,10.76,91.13
ITC,Mar 2024,29.28,37.02,27.85,35.07,22.62,0.0,362.96,0.77,18742.0,1563.0,16.0,59.7,84.0,303.0,17179.0,7.95,10.08,9.86,86.33
ITC,TTM,27.72,35.46,,,,,542.5,,,,16.0,,,,,,,,100.0
JINDALSTEL,Mar 2013,14.9,30.83,13.89,13.31,5.17,1.16,6.03,0.35,-6069.0,9591.0,31.0,228.52,5.0,24618.0,3522.0,,,,69.13
JINDALSTEL,Mar 2014,9.83,30.07,8.39,9.83,2.75,1.61,3.4,0.28,-8114.0,12694.0,21.0,248.46,7.0,36368.0,4580.0,,,,47.84
JINDALSTEL,Mar 2015,-7.48,28.16,-6.9,8.21,-1.92,2.16,1.41,0.26,-5535.0,6717.0,-14.0,231.23,0.0,45501.0,1182.0,,,,14.44
JINDALSTEL,Mar 2016,-15.86,17.65,-9.52,4.34,-3.34,1.44,1.03,0.21,2071.0,2262.0,-32.0,356.44,0.0,46797.0,4333.0,,,,13.51
JINDALSTEL,Mar 2017,-11.75,21.8,-8.45,6.2,-2.8,1.53,1.26,0.24,4852.0,1998.0,-25.0,326.64,0.0,45850.0,6850.0,,,,16.04
JINDALSTEL,Mar 2018,-4.85,19.43,-5.32,8.82,-1.81,1.41,1.52,0.37,6293.0,1431.0,-15.0,313.25,0.0,42962.0,7724.0,10.94,,,32.36
JINDALSTEL,Mar 2019,-5.14,17.91,-7.52,11.74,-2.71,1.23,1.63,0.53,8195.0,832.0,-17.0,330.77,0.0,39559.0,9027.0,19.48,,,43.43
JINDALSTEL,Mar 2020,-1.05,18.01,-1.24,9.91,-0.45,1.15,1.83,0.42,7338.0,1476.0,-1.0,315.07,0.0,36824.0,8814.0,14.34,,,41.12
JINDALSTEL,Mar 2021,12.34,31.62,13.41,17.71,5.48,0.94,4.08,0.44,10077.0,1884.0,36.0,311.91,0.0,29910.0,11961.0,12.17,,,75.03
JINDALSTEL,Mar 2022,13.22,30.32,18.99,31.58,8.83,0.38,7.24,0.67,13717.0,2331.0,56.0,352.72,5.0,13502.0,16048.0,18.82,,,95.2
JINDALSTEL,Mar 2023,7.47,18.68,10.27,19.21,5.72,0.34,6.5,0.77,3257.0,4090.0,31.0,387.06,6.0,13046.0,7347.0,9.84,,,76.98
JINDALSTEL,Mar 2024,11.8,20.26,13.41,16.78,7.55,0.37,8.0,0.64,-2336.0,8344.0,58.0,443.16,3.0,16472.0,6008.0,1.4,,,69.84
JINDALSTEL,TTM,10.12,20.65,,,,,8.09,,,,50.0,,,,,,,,78.78
JIOFIN,Mar 2023,68.89,86.67,0.03,0.03,0.03,0.01,,0.0,945.0,1110.0,,570600.0,0.0,743.0,2055.0,,,,33.43
JIOFIN,Mar 2024,86.52,84.04,1.15,1.12,1.11,0.0,198.8,0.01,763.0,1441.0,3.0,219.03,0.0,0.0,-678.0,,,,31.81
JIOFIN,TTM,81.66,77.79,,,,,,,,,3.0,,,,,,,,
JSWENERGY,Mar 2013,10.16,31.58,14.52,16.89,4.42,1.67,2.92,0.44,781.0,944.0,6.0,37.83,36.0,10377.0,1725.0,,,,65.35
JSWENERGY,Mar 2014,8.79,37.64,11.57,19.52,3.95,1.54,2.55,0.45,1906.0,363.0,5.0,40.07,43.0,10106.0,2269.0,,,,65.54
JSWENERGY,Mar 2015,14.53,38.77,18.06,21.56,6.99,1.24,3.36,0.48,2972.0,422.0,8.0,45.84,24.0,9294.0,3394.0,,,,79.64
JSWENERGY,Mar 2016,14.86,41.01,15.05,16.4,5.12,1.53,2.92,0.34,266.0,3272.0,9.0,59.64,22.0,14862.0,3538.0,,,,66.74
JSWENERGY,Mar 2017,7.54,40.23,6.01,13.45,2.19,1.38,2.1,0.29,3091.0,762.0,4.0,63.69,13.0,14349.0,3853.0,,,,49.74
JSWENERGY,Mar 2018,1.06,33.71,0.77,11.8,0.32,1.07,1.9,0.3,3719.0,215.0,0.0,67.74,0.0,11883.0,3934.0,-1.92,-37.64,,29.77
JSWENERGY,Mar 2019,7.49,31.24,5.79,12.76,2.64,0.89,2.73,0.35,2436.0,55.0,4.0,72.04,24.0,10555.0,2491.0,1.11,-2.09,-4.36,38.98
JSWENERGY,Mar 2020,13.07,35.74,9.28,13.76,4.34,0.84,3.17,0.33,2383.0,301.0,7.0,70.93,15.0,9840.0,2082.0,-2.41,-4.46,-2.64,43.18
JSWENERGY,Mar 2021,11.89,42.08,5.67,12.73,3.14,0.58,3.53,0.26,2670.0,1030.0,5.0,88.35,41.0,8371.0,3700.0,-6.76,-10.83,-11.09,40.68
JSWENERGY,Mar 2022,21.34,43.74,10.01,13.55,5.71,0.51,5.34,0.27,1565.0,1387.0,11.0,106.19,19.0,8943.0,2952.0,-0.23,22.85,22.42,63.32
JSWENERGY,Mar 2023,14.32,31.77,7.94,7.51,3.06,1.34,4.69,0.21,-4694.0,6778.0,9.0,113.52,22.0,25051.0,2084.0,5.12,77.08,,54.07
JSWENERGY,Mar 2024,15.02,46.86,8.28,10.27,2.99,1.52,2.85,0.2,-1963.0,8197.0,10.0,126.95,19.0,31573.0,6234.0,4.68,20.32,20.11,53.49
JSWENERGY,TTM,17.41,47.14,,,,,2.89,,,,11.0,,,,,,,,21.0
JSWSTEEL,Mar 2013,2.43,17.04,5.44,16.83,1.62,1.27,3.15,0.66,411.0,5433.0,4.0,60.09,30.0,21625.0,5844.0,,,,56.47
JSWSTEEL,Mar 2014,0.78,17.9,1.9,16.17,0.52,1.68,2.47,0.66,-3024.0,5618.0,2.0,69.88,74.0,35527.0,2594.0,,,,45.48
JSWSTEEL,Mar 2015,3.25,17.68,7.73,15.34,2.01,1.74,2.71,0.62,504.0,7372.0,7.0,73.56,19.0,38754.0,7876.0,,,,52.43
JSWSTEEL,Mar 2016,-1.16,15.46,-2.54,10.5,-0.59,2.23,1.24,0.51,3040.0,3857.0,-1.0,63.01,-67.0,42204.0,6897.0,,,,17.94
JSWSTEEL,Mar 2017,6.24,22.14,15.31,18.65,3.94,1.91,3.27,0.63,2794.0,5094.0,15.0,75.24,19.0,43334.0,7888.0,,,,67.26
JSWSTEEL,Mar 2018,8.5,20.74,21.83,22.13,6.65,1.41,3.98,0.78,7850.0,4529.0,26.0,92.71,16.0,39393.0,12379.0,13.49,45.76,45.41,85.73
JSWSTEEL,Mar 2019,8.88,22.33,21.62,23.03,6.55,1.36,4.88,0.74,3246.0,11387.0,32.0,115.6,16.0,47396.0,14633.0,10.6,79.66,74.11,84.18
JSWSTEEL,Mar 2020,5.34,16.11,10.71,12.05,2.97,1.68,2.7,0.56,-6804.0,19589.0,17.0,121.59,15.0,61423.0,12785.0,6.72,17.88,19.42,58.5
JSWSTEEL,Mar 2021,9.86,25.27,16.84,18.49,5.31,1.33,5.22,0.54,11087.0,7702.0,33.0,154.85,25.0,62392.0,18789.0,13.96,,,80.52
JSWSTEEL,Mar 2022,14.3,26.72,31.11,28.03,10.66,1.07,8.2,0.74,11522.0,14748.0,85.0,223.58,25.0,72237.0,26270.0,21.36,43.28,41.47,94.2
JSWSTEEL,Mar 2023,2.49,11.13,6.3,12.6,1.97,1.23,2.9,0.79,12593.0,10730.0,17.0,218.26,25.0,80853.0,23323.0,18.2,-7.5,-8.15,51.14
JSWSTEEL,Mar 2024,5.13,16.09,11.55,17.0,3.94,1.13,3.66,0.77,-2389.0,14467.0,36.0,254.65,25.0,87984.0,12078.0,15.6,3.59,2.38,65.9
JSWSTEEL,TTM,1.95,13.2,,,,,2.71,,,,14.0,,,,,,,,19.0
KOTAKBANK,Mar 2013,20.65,60.92,14.66,6.55,1.93,5.6,1.29,0.09,-6157.0,9035.0,15.0,204.65,2.0,85561.0,2878.0,,,,45.05
KOTAKBANK,Mar 2014,21.08,58.84,13.24,6.72,2.07,4.5,1.33,0.1,7938.0,1130.0,16.0,247.84,2.0,85937.0,9068.0,,,,43.32
KOTAKBANK,Mar 2015,23.31,72.96,14.01,7.69,2.09,4.71,1.19,0.09,-2165.0,4467.0,20.0,286.99,2.0,104258.0,2302.0,,,,41.87
KOTAKBANK,Mar 2016,17.27,56.57,10.56,5.42,1.46,5.39,1.51,0.08,2672.0,2353.0,19.0,181.92,3.0,179679.0,5025.0,,,,37.92
KOTAKBANK,Mar 2017,22.48,66.44,13.04,6.09,1.82,5.33,1.27,0.08,7933.0,5289.0,27.0,209.2,2.0,205230.0,13222.0,,,,42.04
KOTAKBANK,Mar 2018,24.9,66.87,12.4,5.6,1.85,4.95,1.23,0.07,-15867.0,5475.0,33.0,264.89,2.0,249840.0,-10392.0,18.32,22.83,17.08,48.26
KOTAKBANK,Mar 2019,24.15,66.23,12.47,5.65,1.82,5.05,1.22,0.08,-1501.0,3323.0,38.0,302.84,2.0,291763.0,1822.0,20.0,23.31,18.89,50.86
KOTAKBANK,Mar 2020,25.67,67.45,12.9,5.74,1.94,4.9,1.34,0.08,33551.0,13068.0,45.0,348.16,0.0,326477.0,46619.0,20.24,22.58,17.61,59.02
KOTAKBANK,Mar 2021,30.44,90.83,11.85,7.25,2.09,3.88,1.26,0.07,-6291.0,11172.0,50.0,425.52,2.0,327110.0,4881.0,9.97,23.17,21.35,49.26
KOTAKBANK,Mar 2022,35.83,90.98,12.51,6.64,2.21,3.78,1.23,0.06,-2595.0,10903.0,61.0,487.22,2.0,365747.0,8308.0,8.61,19.22,17.7,49.92
KOTAKBANK,Mar 2023,35.41,79.44,13.35,6.31,2.41,3.75,1.29,0.07,-11623.0,10381.0,75.0,563.01,2.0,418807.0,-1242.0,10.9,18.99,17.84,45.88
KOTAKBANK,Mar 2024,32.39,83.67,14.01,7.23,2.37,4.0,1.24,0.07,6766.0,8919.0,92.0,653.78,2.0,520374.0,15685.0,13.52,20.38,19.34,58.63
KOTAKBANK,TTM,35.17,79.42,,,,,1.17,,,,113.0,,,,,,,,1.89
LICI,Mar 2019,0.46,1.04,324.32,2.19,0.08,332.59,,0.17,22910.0,9636.0,,81.0,2.0,269401.0,13274.0,,,,53.65
LICI,Mar 2020,0.43,-1.11,270.46,-2.73,0.08,252.91,,0.18,13952.0,40415.0,,100.2,2.0,253414.0,54367.0,,,,50.0
LICI,Mar 2021,0.43,-0.04,43.2,-3.66,0.08,0.0,,0.18,229049.0,148447.0,7.0,688.4,0.0,4.0,80602.0,,,,71.43
LICI,Mar 2022,0.57,0.46,36.38,29.33,0.1,0.0,,0.17,8748.0,12531.0,57.0,17.93,23.0,1.0,-3783.0,,,,85.71
LICI,Mar 2023,4.59,4.36,77.86,73.99,0.79,0.0,545.55,0.17,1671.0,52848.0,65.0,73.1,5.0,0.0,54519.0,,,,100.0
LICI,Mar 2024,4.84,3.87,49.45,39.61,0.77,0.0,371.94,0.16,853.0,25269.0,66.0,130.83,15.0,0.0,26122.0,8.16,73.18,,89.56
LICI,TTM,4.63,2.88,,,,,,,,,,,,,,,,,
LODHA,Mar 2011,12.15,23.47,35.48,8.04,2.79,7.52,2.31,0.23,,,6.0,68.89,0.0,5596.0,,,,,49.16
LODHA,Mar 2012,12.9,24.51,33.84,13.44,4.11,3.78,3.34,0.32,,,9.0,104.26,0.0,4259.0,,,,,60.07
LODHA,Mar 2015,12.8,23.52,24.23,9.69,2.85,3.6,3.84,0.22,,,18.0,305.0,0.0,11852.0,,,,,54.74
LODHA,Mar 2016,8.52,25.77,17.69,11.94,2.27,3.48,2.67,0.27,-467.0,854.0,16.0,367.87,0.0,13835.0,387.0,30.58,21.64,21.67,66.99
LODHA,Mar 2017,7.37,20.36,14.48,7.98,1.72,4.01,2.99,0.23,295.0,1174.0,13.0,356.9,0.0,16183.0,1469.0,21.82,8.92,7.63,58.59
LODHA,Mar 2018,8.21,17.38,15.41,6.06,1.97,4.39,5.04,0.24,45.0,651.0,10.0,130.1,0.0,22616.0,696.0,,,,49.66
LODHA,Mar 2019,13.81,26.7,42.8,10.78,3.3,6.68,5.72,0.24,-638.0,175.0,21.0,96.99,0.0,25641.0,-463.0,,,,51.46
LODHA,Mar 2020,5.96,15.41,16.3,8.34,1.82,4.05,2.75,0.31,3954.0,182.0,9.0,114.95,0.0,18423.0,3772.0,14.82,-1.44,-12.94,51.4
LODHA,Mar 2021,0.88,25.38,1.04,6.07,0.12,3.96,1.09,0.14,2944.0,420.0,1.0,116.14,0.0,18193.0,2524.0,-7.96,-41.54,-42.57,17.21
LODHA,Mar 2022,13.08,23.68,9.98,9.25,3.15,0.95,3.6,0.24,3137.0,1139.0,12.0,251.16,20.0,11537.0,1998.0,3.1,15.65,-1.59,57.22
LODHA,Mar 2023,5.17,21.8,3.87,9.5,1.25,0.72,2.13,0.24,4539.0,1789.0,5.0,262.72,14.0,9060.0,2750.0,-0.43,-9.2,-12.94,33.16
LODHA,Mar 2024,15.06,25.83,8.9,10.59,3.29,0.44,5.63,0.22,-435.0,2947.0,16.0,175.74,,7698.0,2512.0,-2.83,-1.12,-5.29,44.63
LODHA,TTM,18.5,28.08,,,,,7.92,,,,25.0,,,,,,,,76.89
LT,Mar 2013,7.11,15.31,395.15,724.35,227.28,0.17,3.0,31.97,-11277.0,6922.0,38.0,167.38,22.0,234.0,-4355.0,,,,74.6
LT,Mar 2014,5.74,16.56,303.42,818.95,183.23,0.07,2.37,31.9,-12653.0,5510.0,35.0,201.25,27.0,110.0,-7143.0,,,,73.6
LT,Mar 2015,5.4,17.06,245.11,698.93,166.76,0.11,2.35,30.87,-6143.0,4778.0,34.0,253.25,32.0,218.0,-1365.0,,,,73.57
LT,Mar 2016,4.54,15.31,216.09,710.37,146.38,0.03,2.42,32.24,-7867.0,4627.0,31.0,250.0,40.0,55.0,-3240.0,,,,73.68
LT,Mar 2017,5.93,15.2,206.3,528.63,146.84,0.0,2.65,24.75,-3141.0,9796.0,43.0,369.88,22.0,0.0,6655.0,,,,88.33
LT,Mar 2018,6.69,16.8,207.36,521.01,149.97,0.0,2.8,22.43,-6117.0,3914.0,53.0,454.12,30.0,0.0,-10031.0,9.97,8.63,6.88,70.6
LT,Mar 2019,7.56,16.91,208.81,467.32,153.32,0.0,2.74,20.29,-15779.0,11023.0,63.0,575.65,28.0,0.0,-4756.0,9.72,15.9,12.47,76.65
LT,Mar 2020,7.49,16.88,201.59,388.74,123.58,0.17,2.5,16.5,-1714.0,8408.0,68.0,635.76,26.0,912.0,6694.0,9.61,17.01,14.87,82.38
LT,Mar 2021,9.5,17.25,176.9,289.56,120.69,0.11,2.69,12.7,17324.0,5750.0,82.0,811.56,44.0,798.0,23074.0,6.1,22.99,21.48,82.98
LT,Mar 2022,6.66,15.53,72.92,167.15,50.65,0.02,2.89,7.61,15579.0,3585.0,62.0,952.53,36.0,258.0,19164.0,7.44,9.94,7.59,79.48
LT,Mar 2023,6.83,14.82,75.52,149.82,53.37,0.09,3.18,7.81,14729.0,8048.0,75.0,1106.13,32.0,1541.0,22777.0,8.9,9.38,7.19,80.7
LT,Mar 2024,7.03,13.51,77.67,135.2,56.44,0.1,3.54,8.03,20445.0,2179.0,95.0,1334.53,36.0,2071.0,18266.0,10.34,8.76,8.56,81.92
LT,TTM,6.76,12.9,,,,,3.7,,,,98.0,,,,,,,,30.0
LTIM,Mar 2013,14.59,22.59,41.97,55.31,24.14,0.17,42.48,1.65,384.0,224.0,174.0,83.69,54.0,234.0,608.0,,,,100.0
LTIM,Mar 2014,20.24,23.31,61.86,66.69,37.36,0.07,44.0,1.85,808.0,180.0,309.0,100.62,55.0,110.0,628.0,,,,94.71
LTIM,Mar 2015,15.45,20.19,37.96,44.79,25.82,0.11,110.4,1.67,539.0,103.0,238.0,126.62,63.0,218.0,642.0,,,,97.57
LTIM,Mar 2016,14.3,17.58,39.34,47.16,26.65,0.03,202.5,1.86,818.0,40.0,49.0,125.0,72.0,55.0,858.0,,,,100.0
LTIM,Mar 2017,14.94,18.92,30.88,39.12,21.98,0.0,472.33,1.47,209.0,961.0,57.0,184.94,29.0,0.0,1170.0,,,,100.0
LTIM,Mar 2018,15.22,16.25,28.81,30.75,20.84,0.0,100.81,1.37,392.0,452.0,65.0,227.06,33.0,0.0,844.0,13.66,14.62,-17.88,95.88
LTIM,Mar 2019,16.05,19.93,30.98,38.48,22.75,0.0,198.64,1.42,646.0,749.0,87.0,287.82,32.0,0.0,1395.0,13.93,8.76,-22.39,91.89
LTIM,Mar 2020,13.97,18.65,28.13,32.12,17.24,0.17,28.41,1.23,1001.0,643.0,87.0,317.88,32.0,912.0,1644.0,16.92,14.6,-18.23,99.6
LTIM,Mar 2021,15.67,22.03,26.53,33.63,18.1,0.11,37.96,1.16,743.0,1657.0,111.0,405.78,36.0,798.0,2400.0,16.17,18.31,17.77,100.0
LTIM,Mar 2022,15.13,20.1,27.65,36.09,19.2,0.02,48.9,1.27,1608.0,1643.0,225.0,476.27,41.0,258.0,3251.0,32.06,32.4,31.6,98.2
LTIM,Mar 2023,13.29,18.41,26.58,33.68,18.78,0.09,44.43,1.41,2824.0,271.0,149.0,553.07,40.0,1541.0,3095.0,35.35,31.72,18.05,97.0
LTIM,Mar 2024,12.91,17.98,22.9,28.91,16.65,0.1,31.93,1.29,1752.0,3918.0,155.0,667.27,42.0,2071.0,5670.0,30.33,24.78,12.24,100.0
LTIM,TTM,12.32,17.33,,,,,26.36,,,,154.0,,,,,,,,100.0
M&M,Mar 2013,6.01,13.27,20.69,18.73,5.42,1.44,4.33,0.9,-3825.0,2903.0,33.0,338.32,19.0,28711.0,-922.0,,,,65.95
M&M,Mar 2014,6.96,13.74,22.11,17.39,5.86,1.51,3.7,0.84,-4768.0,4524.0,38.0,395.03,18.0,35167.0,-244.0,,,,62.37
M&M,Mar 2015,4.73,12.31,13.08,13.79,3.58,1.47,3.04,0.76,-3302.0,4357.0,25.0,436.77,23.0,37911.0,1055.0,,,,51.1
M&M,Mar 2016,4.69,13.29,13.42,14.82,3.56,1.57,3.41,0.76,-3121.0,5506.0,25.0,490.59,21.0,41553.0,2385.0,,,,57.83
M&M,Mar 2017,4.84,12.81,13.6,13.67,3.56,1.64,3.51,0.74,-5692.0,5875.0,30.0,478.75,22.0,48762.0,183.0,,,,47.08
M&M,Mar 2018,8.64,14.36,21.64,14.27,5.84,1.52,4.41,0.68,-4785.0,5467.0,60.0,338.63,11.0,55898.0,682.0,6.04,14.02,12.7,62.22
M&M,Mar 2019,5.75,14.52,15.05,13.72,3.72,1.77,3.56,0.65,-11521.0,7174.0,43.0,367.49,17.0,70848.0,-4347.0,7.19,3.14,2.5,43.48
M&M,Mar 2020,-0.43,13.48,-0.8,8.32,-0.19,2.05,1.83,0.45,-8327.0,6870.0,1.0,360.73,205.0,82092.0,-1457.0,1.08,,-47.47,13.76
M&M,Mar 2021,2.04,15.46,3.64,9.4,0.92,1.94,2.07,0.45,-1777.0,19686.0,15.0,374.61,54.0,80625.0,17909.0,-0.42,-15.71,-9.71,24.63
M&M,Mar 2022,8.04,16.28,15.39,11.77,4.21,1.65,3.56,0.52,5996.0,3252.0,53.0,423.77,20.0,77605.0,9248.0,1.48,12.35,12.05,56.17
M&M,Mar 2023,9.38,16.73,20.18,13.65,5.57,1.64,4.16,0.59,-15940.0,8866.0,83.0,505.98,18.0,92247.0,-7074.0,5.66,7.4,6.71,52.62
M&M,Mar 2024,8.82,17.9,18.54,14.24,5.23,1.64,3.76,0.59,-11245.0,5615.0,91.0,594.17,21.0,108647.0,-5630.0,5.84,15.32,16.18,59.09
M&M,TTM,8.92,18.65,,,,,3.7,,,,95.0,,,,,,,,30.0
MARUTI,Mar 2013,5.58,9.84,12.98,21.17,8.98,0.08,26.05,1.61,940.0,3119.0,82.0,630.07,10.0,1569.0,4059.0,,,,89.97
MARUTI,Mar 2014,6.41,11.92,13.28,22.6,9.07,0.09,32.79,1.42,-2.0,4997.0,94.0,711.79,13.0,2004.0,4995.0,,,,90.4
MARUTI,Mar 2015,7.5,13.57,15.66,27.59,11.05,0.03,35.36,1.47,1958.0,4491.0,126.0,805.23,20.0,666.0,6449.0,,,,93.8
MARUTI,Mar 2016,9.55,15.67,17.95,29.25,12.87,0.01,127.9,1.35,1252.0,7230.0,182.0,1013.77,19.0,231.0,8482.0,,,,97.07
MARUTI,Mar 2017,11.03,15.31,20.26,27.75,14.46,0.01,144.04,1.31,1109.0,9173.0,249.0,1227.65,30.0,484.0,10282.0,,,,100.0
MARUTI,Mar 2018,9.87,15.18,18.52,28.39,13.08,0.0,41.25,1.32,3486.0,8302.0,261.0,1409.24,31.0,121.0,11788.0,12.49,26.12,26.06,96.01
MARUTI,Mar 2019,8.89,12.85,16.25,23.4,11.96,0.0,180.53,1.35,3061.0,3540.0,253.0,1559.34,32.0,160.0,6601.0,14.08,21.8,21.9,93.93
MARUTI,Mar 2020,7.5,9.72,11.49,14.83,8.92,0.0,80.34,1.19,2939.0,557.0,188.0,1636.19,32.0,184.0,3496.0,8.29,8.31,8.33,69.12
MARUTI,Mar 2021,6.24,7.69,8.36,10.2,6.15,0.01,82.91,0.99,1565.0,7291.0,145.0,1738.44,31.0,541.0,8856.0,4.09,-4.4,-4.44,52.65
MARUTI,Mar 2022,4.39,6.51,7.01,10.32,5.2,0.01,59.94,1.18,1601.0,239.0,128.0,1832.22,47.0,426.0,1840.0,5.34,-12.38,-12.46,47.37
MARUTI,Mar 2023,6.98,11.08,11.08,17.3,8.26,0.02,61.65,1.18,1995.0,8820.0,274.0,2375.8,34.0,1248.0,10815.0,8.21,0.95,0.98,67.54
MARUTI,Mar 2024,9.51,13.13,15.75,21.72,11.7,0.0,117.91,1.23,4936.0,11865.0,429.0,2727.26,29.0,119.0,16801.0,10.51,12.01,11.14,88.27
MARUTI,TTM,9.66,13.61,,,,,116.83,,,,446.0,,,,,,,,100.0
MOTHERSON,Mar 2013,1.79,5.85,19.75,20.58,3.55,2.14,7.19,1.99,397.0,1089.0,1.0,38.8,26.0,4904.0,1486.0,,,,80.9
MOTHERSON,Mar 2014,3.61,7.88,37.07,30.73,7.2,1.64,9.21,2.0,1323.0,1372.0,2.0,33.62,29.0,4840.0,2695.0,,,,87.89
MOTHERSON,Mar 2015,3.73,8.21,38.87,33.64,7.41,1.54,9.61,1.99,546.0,2844.0,2.0,37.77,31.0,5131.0,3390.0,,,,89.48
MOTHERSON,Mar 2016,4.77,9.53,40.35,33.9,9.02,1.38,10.8,1.89,282.0,1906.0,3.0,33.31,26.0,6069.0,2188.0,,,,91.62
MOTHERSON,Mar 2017,5.13,9.84,26.26,22.4,6.8,1.25,12.05,1.33,-2345.0,6145.0,3.0,59.09,18.0,10349.0,3800.0,,,,92.86
MOTHERSON,Mar 2018,4.01,9.11,22.87,25.31,6.11,1.05,12.78,1.52,70.0,3194.0,3.0,47.07,30.0,10374.0,3264.0,17.35,37.97,24.57,96.33
MOTHERSON,Mar 2019,3.3,8.42,19.14,23.77,4.91,1.05,13.43,1.49,994.0,3318.0,3.0,34.69,29.0,11534.0,4312.0,15.87,13.85,8.45,94.32
MOTHERSON,Mar 2020,2.13,7.66,11.49,19.08,2.87,1.17,8.93,1.35,4132.0,2220.0,2.0,35.64,40.0,13136.0,6352.0,11.87,0.03,0.0,66.81
MOTHERSON,Mar 2021,2.73,7.62,12.49,17.84,3.29,0.95,9.64,1.2,3165.0,1886.0,2.0,39.75,46.0,11930.0,5051.0,9.04,-2.43,-7.79,65.97
MOTHERSON,Mar 2022,1.85,7.39,5.74,13.58,2.12,0.69,9.74,1.14,159.0,2304.0,1.0,45.55,34.0,14130.0,2463.0,8.52,-11.46,-19.73,56.28
MOTHERSON,Mar 2023,2.12,7.93,7.44,17.25,2.72,0.61,8.09,1.28,2395.0,2248.0,2.0,33.12,29.0,13792.0,4643.0,6.95,-5.87,-7.79,58.78
MOTHERSON,Mar 2024,3.06,9.45,11.55,20.23,3.59,0.76,5.22,1.17,925.0,6644.0,4.0,38.58,20.0,19922.0,7569.0,9.21,7.56,5.92,71.28
MOTHERSON,TTM,3.77,9.58,,,,,5.55,,,,6.0,,,,,,,,50.56
NAUKRI,Mar 2013,16.1,25.64,12.5,19.87,9.21,0.0,48.33,0.57,29.0,46.0,8.0,55.78,12.0,1.0,75.0,,,,88.96
NAUKRI,Mar 2014,10.58,17.11,8.93,14.41,5.66,0.0,48.33,0.53,-123.0,204.0,8.0,61.65,30.0,1.0,81.0,,,,76.2
NAUKRI,Mar 2015,-1.91,2.87,-0.99,1.48,-0.63,0.0,27.5,0.33,-1000.0,1051.0,2.0,117.92,150.0,1.0,51.0,,,,35.8
NAUKRI,Mar 2016,15.78,12.17,7.65,5.89,6.13,0.0,67.33,0.39,76.0,2.0,11.0,127.52,27.0,1.0,78.0,,,,57.34
NAUKRI,Mar 2017,-4.84,-1.01,-2.7,-0.56,-2.09,0.0,10.25,0.43,48.0,165.0,-2.0,131.57,-230.0,1.0,213.0,,,,33.33
NAUKRI,Mar 2018,50.71,22.17,24.5,10.7,19.3,0.0,124.0,0.38,104.0,149.0,42.0,167.62,13.0,1.0,253.0,15.92,45.82,39.33,85.7
NAUKRI,Mar 2019,51.43,0.78,23.28,0.35,18.56,0.0,106.57,0.36,217.0,59.0,49.0,208.44,12.0,1.0,276.0,15.21,58.06,43.69,75.05
NAUKRI,Mar 2020,-18.75,-26.68,-11.21,-15.4,-8.5,0.04,-4.57,0.45,447.0,97.0,-19.0,179.92,-31.0,77.0,350.0,12.38,,,29.84
NAUKRI,Mar 2021,125.71,6.56,26.28,1.36,22.54,0.01,150.73,0.18,-1767.0,2043.0,110.0,418.29,7.0,65.0,276.0,8.56,64.42,58.49,66.82
NAUKRI,Mar 2022,810.7,28.07,74.71,2.58,62.89,0.0,1296.0,0.08,-470.0,1177.0,991.0,1336.59,1.0,64.0,707.0,12.34,,,65.2
NAUKRI,Mar 2023,-2.98,14.83,-0.52,2.58,-0.42,0.01,12.89,0.14,154.0,358.0,-8.0,1038.6,-228.0,108.0,512.0,18.88,,,50.11
NAUKRI,Mar 2024,23.46,28.04,1.97,2.33,1.65,0.01,28.97,0.07,-150.0,852.0,44.0,2345.89,49.0,246.0,702.0,17.12,0.1,-2.13,49.4
NAUKRI,TTM,20.7,28.21,,,,,59.59,,,,36.0,,,,,,,,100.0
NESTLEIND,Dec 2013,12.27,21.4,47.17,54.77,17.69,0.5,55.27,1.44,1355.0,441.0,12.0,24.67,42.0,1189.0,1796.0,,,,100.0
NESTLEIND,Dec 2014,12.02,20.69,41.77,71.37,20.36,0.01,151.86,1.69,1212.0,432.0,12.0,29.55,51.0,20.0,1644.0,,,,100.0
NESTLEIND,Dec 2015,6.89,19.02,19.99,54.85,9.25,0.01,388.0,1.34,1028.0,70.0,6.0,29.34,83.0,18.0,1098.0,,,,99.99
NESTLEIND,Dec 2016,10.95,20.24,30.5,55.81,14.7,0.01,21.87,1.34,1340.0,126.0,10.0,34.19,61.0,33.0,1466.0,,,,100.0
NESTLEIND,Dec 2017,12.24,20.95,35.82,60.69,16.64,0.01,24.72,1.36,1687.0,131.0,13.0,35.62,68.0,35.0,1818.0,,,,100.0
NESTLEIND,Dec 2018,14.23,23.18,43.75,70.6,19.87,0.01,25.69,1.4,2000.0,52.0,17.0,38.26,69.0,35.0,2052.0,4.41,7.55,7.21,81.96
NESTLEIND,Dec 2019,15.91,23.66,102.61,138.87,27.44,0.1,24.6,1.72,2378.0,83.0,20.0,19.98,168.0,189.0,2295.0,4.65,10.68,10.76,85.33
NESTLEIND,Dec 2020,15.6,23.99,103.12,147.83,26.35,0.07,20.41,1.69,2133.0,321.0,22.0,21.03,93.0,147.0,2454.0,10.31,29.9,29.67,95.31
NESTLEIND,Dec 2021,14.37,24.16,108.84,161.03,25.72,0.14,17.08,1.79,316.0,1920.0,22.0,20.27,91.0,266.0,2236.0,10.03,16.17,17.08,95.03
NESTLEIND,Dec 2022,14.15,21.93,97.23,135.75,26.63,0.11,24.6,1.88,2345.0,392.0,25.0,25.61,89.0,271.0,2737.0,11.04,14.31,13.97,95.35
NESTLEIND,Dec 2023,15.68,23.38,121.96,163.77,33.4,0.11,38.55,2.13,2465.0,927.0,31.0,25.61,56.0,271.0,3392.0,11.11,13.29,12.77,94.4
NESTLEIND,Mar 2024,16.12,23.83,117.75,157.75,37.38,0.1,41.19,2.32,2938.0,1237.0,41.0,34.79,79.0,345.0,4175.0,14.55,14.85,15.44,99.4
NESTLEIND,TTM,16.79,23.89,,,,,44.45,,,,34.0,,,,,,,,100.0
NHPC,Mar 2013,45.02,65.07,9.64,8.28,4.61,0.68,9.41,0.1,1516.0,1330.0,2.0,24.22,28.0,20340.0,2846.0,,,,65.66
NHPC,Mar 2014,22.1,58.76,5.78,8.85,2.66,0.74,4.35,0.12,2702.0,1122.0,1.0,25.51,27.0,20819.0,3824.0,,,,52.5
NHPC,Mar 2015,34.03,62.45,9.1,10.0,4.55,0.67,5.19,0.13,3293.0,768.0,2.0,27.78,27.0,20584.0,4061.0,,,,60.89
NHPC,Mar 2016,28.31,57.25,7.47,9.27,3.76,0.63,5.14,0.13,5225.0,746.0,2.0,28.58,81.0,19938.0,5971.0,,,,57.82
NHPC,Mar 2017,40.36,56.64,11.99,10.12,5.78,0.66,6.29,0.14,6465.0,1864.0,3.0,28.28,61.0,19227.0,8329.0,,,,67.03
NHPC,Mar 2018,35.91,54.78,9.27,8.73,4.43,0.62,5.88,0.12,3810.0,886.0,2.0,29.28,57.0,18602.0,4696.0,3.98,-0.62,0.0,46.6
NHPC,Mar 2019,31.57,55.45,9.21,9.99,4.25,0.62,7.49,0.13,2642.0,1182.0,3.0,30.66,56.0,19066.0,3824.0,3.98,11.67,24.57,61.26
NHPC,Mar 2020,33.42,54.42,10.66,9.97,4.69,0.74,6.56,0.14,6.0,2987.0,3.0,31.24,52.0,23226.0,2993.0,4.01,3.64,8.45,51.76
NHPC,Mar 2021,37.31,54.7,10.89,9.35,4.92,0.71,11.03,0.13,3463.0,1607.0,3.0,32.9,49.0,23365.0,5070.0,2.92,8.77,8.45,60.53
NHPC,Mar 2022,41.27,43.89,10.81,6.58,4.88,0.75,8.52,0.12,1506.0,3084.0,4.0,34.76,52.0,26096.0,4590.0,1.18,1.64,5.92,46.9
NHPC,Mar 2023,40.17,58.3,11.53,9.3,4.94,0.8,14.58,0.12,514.0,4191.0,4.0,36.8,48.0,29540.0,4705.0,6.46,8.88,14.87,64.17
NHPC,Mar 2024,41.82,49.91,10.41,6.75,4.32,0.84,11.24,0.1,970.0,5968.0,4.0,38.53,53.0,32561.0,6938.0,1.4,7.27,5.92,53.56
NHPC,TTM,35.26,51.75,,,,,9.9,,,,3.0,,,,,,,,98.89
NTPC,Mar 2013,17.6,25.38,15.49,11.97,7.04,0.87,9.2,0.4,-337.0,16845.0,13.0,98.53,38.0,70419.0,16508.0,,,,77.29
NTPC,Mar 2014,14.56,25.18,13.06,11.69,5.7,0.93,6.9,0.39,1022.0,15509.0,12.0,105.92,42.0,81455.0,16531.0,,,,69.2
NTPC,Mar 2015,12.5,21.7,12.17,9.41,4.55,1.25,5.37,0.36,-1088.0,15977.0,10.0,99.57,21.0,102252.0,14889.0,,,,59.19
NTPC,Mar 2016,14.69,25.3,11.77,9.72,4.8,1.09,5.87,0.33,4963.0,19162.0,11.0,111.07,26.0,99424.0,24125.0,,,,61.38
NTPC,Mar 2017,13.06,26.33,10.95,10.21,4.31,1.16,6.18,0.33,-4313.0,24480.0,11.0,118.66,37.0,113773.0,20167.0,,,,60.74
NTPC,Mar 2018,11.92,25.53,10.14,9.62,3.72,1.26,6.31,0.31,-1008.0,20678.0,11.0,125.61,40.0,130049.0,19670.0,4.25,-3.56,-3.29,44.84
NTPC,Mar 2019,13.99,22.65,12.6,7.98,4.05,1.55,4.55,0.29,-5377.0,24063.0,14.0,112.54,44.0,173058.0,18686.0,5.07,4.24,3.13,46.83
NTPC,Mar 2020,10.87,28.86,10.02,9.81,3.15,1.71,4.86,0.29,-5738.0,29628.0,12.0,120.1,27.0,202984.0,23890.0,6.48,3.56,3.71,46.09
NTPC,Mar 2021,13.42,30.52,11.9,10.13,3.76,1.67,4.24,0.28,11410.0,21034.0,15.0,129.67,41.0,210208.0,32444.0,8.73,6.78,6.4,53.34
NTPC,Mar 2022,12.78,30.42,12.53,11.66,4.08,1.56,4.82,0.32,18897.0,22891.0,17.0,139.6,41.0,210707.0,41788.0,10.09,9.62,9.1,61.08
NTPC,Mar 2023,9.72,27.01,11.65,12.87,3.83,1.52,4.38,0.39,21007.0,26145.0,17.0,151.62,42.0,222913.0,47152.0,14.88,10.27,9.1,66.63
NTPC,Mar 2024,11.95,28.83,13.27,12.93,4.45,1.48,4.6,0.37,8644.0,32141.0,21.0,165.73,36.0,237131.0,40785.0,12.22,8.74,8.45,64.63
NTPC,TTM,12.13,28.18,,,,,4.75,,,,23.0,,,,,,,,41.67
ONGC,Mar 2013,14.81,26.86,15.73,25.11,9.47,0.14,101.22,0.64,-1346.0,41220.0,19.0,178.27,34.0,20686.0,39874.0,,,,93.9
ONGC,Mar 2014,15.31,28.22,15.49,22.2,8.21,0.29,90.22,0.54,-10363.0,63633.0,21.0,201.21,31.0,49113.0,53270.0,,,,93.56
ONGC,Mar 2015,11.0,26.29,9.81,18.05,5.24,0.3,16.85,0.48,3892.0,30058.0,14.0,210.91,44.0,53944.0,33950.0,,,,82.66
ONGC,Mar 2016,10.56,31.55,6.62,16.08,3.83,0.23,10.67,0.36,8036.0,38256.0,10.0,231.2,56.0,45500.0,46292.0,,,,75.29
ONGC,Mar 2017,10.33,18.69,15.01,19.24,6.56,0.41,18.25,0.64,1965.0,43815.0,19.0,151.46,40.0,80029.0,45780.0,,,,91.79
ONGC,Mar 2018,8.08,17.63,12.78,18.32,5.68,0.52,13.47,0.7,-10006.0,66798.0,17.0,158.97,38.0,106550.0,56792.0,14.78,1.67,-2.2,77.42
ONGC,Mar 2019,8.05,17.75,15.64,23.04,6.89,0.5,14.46,0.86,24326.0,37132.0,24.0,172.44,29.0,107742.0,61458.0,19.35,4.94,2.71,85.58
ONGC,Mar 2020,2.89,13.13,5.59,15.57,2.25,0.63,7.09,0.78,17434.0,53159.0,9.0,163.04,58.0,129473.0,70593.0,19.78,-8.34,-8.46,62.06
ONGC,Mar 2021,7.03,16.28,9.67,13.97,3.94,0.6,11.96,0.56,8044.0,39141.0,13.0,175.66,28.0,133187.0,47185.0,19.63,10.27,5.39,78.24
ONGC,Mar 2022,10.03,16.26,19.0,20.94,8.45,0.47,15.22,0.84,37051.0,41197.0,36.0,206.28,29.0,121986.0,78248.0,11.7,11.06,13.63,91.76
ONGC,Mar 2023,5.18,11.94,11.68,17.86,5.35,0.51,9.57,1.03,11372.0,74690.0,28.0,223.09,40.0,142255.0,86062.0,14.4,4.69,10.49,78.09
ONGC,Mar 2024,9.66,17.39,16.94,20.98,8.04,0.45,11.36,0.83,42060.0,57203.0,39.0,267.94,31.0,153181.0,99263.0,7.0,10.97,10.2,84.91
ONGC,TTM,6.42,13.04,,,,,7.97,,,,33.0,,,,,,,,77.44
PFC,Mar 2013,25.63,34.58,18.74,3.67,2.62,5.89,0.55,0.1,-25080.0,22.0,13.0,179.39,21.0,139473.0,-25102.0,,,,32.01
PFC,Mar 2014,25.52,35.54,19.85,4.07,2.81,5.79,0.58,0.11,-22464.0,9.0,17.0,208.5,22.0,159215.0,-22473.0,,,,34.17
PFC,Mar 2015,24.03,33.73,18.52,3.83,2.62,5.79,0.55,0.11,-21946.0,491.0,18.0,245.54,20.0,187795.0,-21455.0,,,,31.93
PFC,Mar 2016,22.2,32.88,17.16,3.87,2.5,5.57,0.55,0.11,-15271.0,1973.0,19.0,272.94,30.0,200660.0,-13298.0,,,,30.04
PFC,Mar 2017,8.11,19.13,6.07,2.2,0.86,5.51,0.32,0.11,1128.0,667.0,7.0,139.56,59.0,202993.0,1795.0,,,,23.24
PFC,Mar 2018,18.09,24.17,22.08,2.44,1.68,11.07,0.39,0.09,-55739.0,1409.0,20.0,150.89,31.0,441151.0,-57148.0,22.94,14.66,9.0,52.1
PFC,Mar 2019,23.36,32.87,26.82,3.03,2.01,11.45,0.52,0.09,-93715.0,13463.0,30.0,178.49,0.0,539488.0,-80252.0,20.38,18.27,12.03,53.03
PFC,Mar 2020,15.24,22.53,19.18,2.17,1.36,12.08,0.35,0.09,-42221.0,73.0,22.0,187.12,35.0,596561.0,-42148.0,20.0,9.56,4.1,45.91
PFC,Mar 2021,21.93,27.73,25.86,2.76,2.03,10.86,0.45,0.09,-57402.0,1741.0,36.0,230.18,22.0,659682.0,-59143.0,20.8,20.51,13.63,52.76
PFC,Mar 2022,24.61,30.6,26.18,3.19,2.37,9.21,0.52,0.1,4357.0,547.0,42.0,271.5,23.0,660476.0,4904.0,22.56,53.03,43.1,55.79
PFC,Mar 2023,27.26,34.11,25.17,3.17,2.36,8.93,0.56,0.09,-76411.0,1694.0,48.0,318.78,22.0,751158.0,-74717.0,9.82,19.21,19.14,47.99
PFC,Mar 2024,28.92,36.69,26.16,3.49,2.55,8.52,0.58,0.09,-101229.0,3409.0,60.0,306.51,23.0,861961.0,-97820.0,11.08,15.92,14.87,49.57
PFC,TTM,28.78,36.44,,,,,0.58,,,,64.0,,,,,,,,0.0
PIDILITIND,Mar 2013,11.53,15.17,25.68,31.67,16.21,0.07,41.56,1.41,328.0,144.0,8.0,32.37,31.0,111.0,472.0,,,,100.0
PIDILITIND,Mar 2014,10.51,15.69,23.05,33.63,15.37,0.02,44.38,1.46,295.0,99.0,9.0,38.27,31.0,46.0,394.0,,,,98.29
PIDILITIND,Mar 2015,10.61,15.92,22.64,33.12,15.51,0.03,50.69,1.46,116.0,436.0,10.0,44.51,29.0,58.0,552.0,,,,100.0
PIDILITIND,Mar 2016,15.05,21.88,30.59,43.16,21.73,0.03,96.46,1.44,416.0,491.0,16.0,51.73,26.0,80.0,907.0,,,,100.0
PIDILITIND,Mar 2017,15.36,22.47,24.86,35.36,18.09,0.03,98.36,1.18,-85.0,879.0,17.0,68.06,28.0,98.0,794.0,,,,98.86
PIDILITIND,Mar 2018,15.89,22.06,27.03,36.25,18.58,0.03,93.38,1.17,835.0,39.0,19.0,70.08,32.0,125.0,796.0,10.57,17.9,18.89,93.77
PIDILITIND,Mar 2019,13.11,19.37,22.37,32.18,15.72,0.03,57.73,1.2,332.0,513.0,18.0,81.33,36.0,113.0,845.0,10.57,15.58,14.87,94.67
PIDILITIND,Mar 2020,15.38,21.61,25.18,33.22,17.2,0.06,49.21,1.12,1383.0,103.0,22.0,87.37,32.0,288.0,1280.0,8.53,16.9,17.08,93.53
PIDILITIND,Mar 2021,15.44,23.12,20.13,28.46,12.78,0.06,47.57,0.83,-296.0,1688.0,22.0,109.67,38.0,331.0,1392.0,6.35,6.89,6.58,83.24
PIDILITIND,Mar 2022,12.17,18.71,18.85,27.21,12.71,0.06,45.12,1.04,397.0,558.0,24.0,125.57,42.0,416.0,955.0,12.05,6.94,7.14,85.74
PIDILITIND,Mar 2023,10.92,16.83,17.87,26.12,12.27,0.05,42.52,1.12,659.0,899.0,25.0,141.41,44.0,391.0,1558.0,14.19,5.94,5.64,88.0
PIDILITIND,Mar 2024,14.11,21.87,20.78,30.81,14.47,0.05,54.33,1.03,955.0,1769.0,34.0,164.84,47.0,382.0,2724.0,11.84,13.49,13.56,95.33
PIDILITIND,TTM,15.29,22.88,,,,,63.18,,,,38.0,,,,,,,,100.0
PNB,Mar 2013,11.66,,812.3,,65.58,10.83,,5.63,-1292.0,600.0,28.0,24.72,19.0,6695.0,-692.0,,,,50.0
PNB,Mar 2014,8.17,,393.36,,31.84,10.82,,3.9,16604.0,302.0,20.0,28.3,10.0,10108.0,16906.0,,,,75.0
PNB,Mar 2015,7.24,,223.24,,18.52,10.44,,2.56,3942.0,872.0,18.0,30.37,18.0,16481.0,4814.0,,,,75.0
PNB,Mar 2016,-6.91,,-163.56,,-11.83,12.12,,1.71,12815.0,1352.0,-19.0,33.8,-2.0,26014.0,14167.0,,,,0.0
PNB,Mar 2017,2.58,,22.21,,2.88,6.36,,1.12,22097.0,159.0,6.0,67.2,0.0,35497.0,21938.0,,,,75.0
PNB,Mar 2018,-24.86,,-184.37,,-19.22,8.19,,0.77,-1350.0,392.0,-44.0,78.67,0.0,53777.0,-1742.0,2.5,,,5.56
PNB,Mar 2019,-18.31,,-128.45,,-11.4,9.66,,0.62,-34161.0,629.0,-21.0,89.04,0.0,71859.0,-33532.0,3.01,,,6.69
PNB,Mar 2020,0.88,,6.1,,0.61,8.52,,0.7,-13131.0,338.0,1.0,94.61,0.0,67736.0,-12793.0,2.43,-32.75,-43.9,12.19
PNB,Mar 2021,3.29,,30.39,,3.78,6.7,,1.15,30163.0,787.0,2.0,105.56,0.0,59394.0,30950.0,10.03,,,72.78
PNB,Mar 2022,5.13,,39.87,,5.95,5.4,,1.16,18828.0,1204.0,4.0,115.99,18.0,52961.0,20032.0,9.67,25.83,-7.79,78.1
PNB,Mar 2023,3.87,,30.67,,5.03,4.9,,1.3,21860.0,732.0,3.0,129.62,21.0,53621.0,22592.0,12.25,,,76.82
PNB,Mar 2024,8.4,,61.32,,12.65,3.68,,1.51,-29445.0,1506.0,8.0,114.87,18.0,55017.0,-27939.0,15.9,,,63.64
PNB,TTM,12.52,,,,,,,,,,13.0,,,,,,,,
POWERGRID,Mar 2013,32.97,82.85,16.34,11.33,3.8,2.62,4.54,0.12,-10394.0,22084.0,5.0,57.03,31.0,69233.0,11690.0,,,,59.43
POWERGRID,Mar 2014,29.24,83.36,13.11,10.9,3.21,2.43,4.21,0.11,-11416.0,26639.0,5.0,66.32,30.0,84220.0,15223.0,,,,53.68
POWERGRID,Mar 2015,28.77,85.1,13.13,11.08,3.14,2.5,3.84,0.11,-8385.0,24185.0,5.0,73.47,21.0,96243.0,15800.0,,,,53.38
POWERGRID,Mar 2016,28.85,88.05,13.55,11.92,3.32,2.47,3.7,0.12,-6568.0,21576.0,6.0,84.04,20.0,108545.0,15008.0,,,,54.96
POWERGRID,Mar 2017,29.0,87.36,14.94,13.3,3.81,2.39,3.77,0.13,-2261.0,23836.0,8.0,95.31,31.0,118988.0,21575.0,,,,59.03
POWERGRID,Mar 2018,27.39,86.67,15.07,13.96,3.64,2.42,4.1,0.13,-2991.0,25701.0,9.0,104.03,33.0,131503.0,22710.0,18.02,13.72,12.47,71.19
POWERGRID,Mar 2019,28.62,76.78,16.98,13.1,4.06,2.48,3.25,0.14,4544.0,18727.0,11.0,112.94,43.0,146376.0,23271.0,17.65,17.15,17.08,72.58
POWERGRID,Mar 2020,29.3,87.13,17.09,15.44,4.31,2.29,3.75,0.15,20006.0,10733.0,12.0,123.65,47.0,148270.0,30739.0,16.56,16.99,19.14,75.59
POWERGRID,Mar 2021,30.36,88.06,17.21,16.37,4.71,2.05,4.39,0.16,20159.0,9244.0,13.0,133.67,52.0,143232.0,29403.0,13.93,15.1,16.72,76.28
POWERGRID,Mar 2022,40.42,86.07,22.07,16.98,6.7,1.77,5.04,0.17,26877.0,753.0,18.0,109.31,61.0,134696.0,26124.0,10.13,17.69,17.61,78.13
POWERGRID,Mar 2023,33.81,86.78,18.57,18.7,6.11,1.55,4.22,0.18,33065.0,7138.0,17.0,119.03,67.0,128584.0,40203.0,8.77,13.45,13.56,76.07
POWERGRID,Mar 2024,33.97,86.87,17.87,18.91,6.21,1.42,4.6,0.18,24176.0,13114.0,17.0,93.7,67.0,123516.0,37290.0,5.51,9.19,9.1,69.35
POWERGRID,TTM,34.3,85.64,,,,,4.64,,,,17.0,,,,,,,,40.44
RECLTD,Mar 2013,28.11,97.33,21.87,10.59,2.94,6.15,1.64,0.1,-19907.0,152.0,15.0,177.61,21.0,107762.0,-20059.0,,,,44.72
RECLTD,Mar 2014,27.53,96.67,22.79,11.33,3.1,6.07,1.66,0.11,-17108.0,136.0,18.0,210.77,20.0,126173.0,-17244.0,,,,45.8
RECLTD,Mar 2015,26.01,94.41,21.31,11.02,2.91,6.02,1.64,0.11,-23747.0,151.0,20.0,254.02,20.0,150979.0,-23898.0,,,,45.33
RECLTD,Mar 2016,23.59,93.04,19.7,11.33,2.75,5.86,1.57,0.12,-14034.0,756.0,22.0,292.74,30.0,169212.0,-13278.0,,,,45.23
RECLTD,Mar 2017,25.94,92.24,18.75,11.14,3.0,4.99,1.67,0.12,6704.0,101.0,24.0,170.49,30.0,167852.0,6805.0,,,,58.05
RECLTD,Mar 2018,19.64,85.09,13.66,8.14,1.84,6.27,1.45,0.09,-32464.0,46.0,17.0,165.0,41.0,204367.0,-32510.0,10.69,3.03,2.53,36.02
RECLTD,Mar 2019,22.6,93.3,16.62,8.5,1.92,7.07,1.52,0.09,-35409.0,457.0,22.0,174.92,38.0,244249.0,-35866.0,8.09,3.9,4.1,37.69
RECLTD,Mar 2020,16.61,86.7,14.05,8.07,1.43,8.09,1.37,0.09,-32591.0,121.0,19.0,179.23,44.0,286289.0,-32712.0,7.82,-1.43,-1.02,30.35
RECLTD,Mar 2021,23.56,90.74,19.14,8.64,2.09,7.53,1.5,0.09,-42651.0,861.0,32.0,221.59,30.0,329723.0,-43512.0,8.07,8.04,7.78,44.45
RECLTD,Mar 2022,25.55,87.68,19.56,8.96,2.44,6.49,1.56,0.1,-1106.0,287.0,38.0,259.82,30.0,333043.0,-819.0,10.04,9.71,9.63,48.89
RECLTD,Mar 2023,28.28,95.29,19.21,8.57,2.4,6.55,1.59,0.08,-38303.0,943.0,42.0,220.74,30.0,380790.0,-37360.0,11.75,20.2,19.83,55.19
RECLTD,Mar 2024,29.77,100.77,20.4,9.3,2.58,6.42,1.6,0.09,-59554.0,1831.0,54.0,263.39,30.0,445568.0,-57723.0,13.34,19.76,19.67,58.31
RECLTD,TTM,28.91,98.78,,,,,1.59,,,,57.0,,,,,,,,6.56
RELIANCE,Mar 2013,5.27,8.37,11.47,11.46,5.76,0.59,11.81,1.09,9317.0,27601.0,15.0,620.08,13.0,107219.0,36918.0,,,,74.76
RELIANCE,Mar 2014,5.2,8.06,11.35,10.35,5.26,0.7,11.42,1.01,-29809.0,73070.0,16.0,675.81,12.0,138761.0,43261.0,,,,71.95
RELIANCE,Mar 2015,6.31,10.0,10.82,9.68,4.69,0.77,13.87,0.74,-30332.0,64706.0,17.0,742.44,12.0,168251.0,34374.0,,,,69.57
RELIANCE,Mar 2016,10.95,15.33,12.9,9.8,4.99,0.84,14.63,0.46,1948.0,36186.0,22.0,785.47,10.0,194714.0,38134.0,,,,72.05
RELIANCE,Mar 2017,9.81,15.23,11.31,9.62,4.22,0.82,14.43,0.43,-16651.0,66201.0,22.0,891.21,11.0,217475.0,49550.0,,,,69.71
RELIANCE,Mar 2018,9.23,16.46,12.29,12.06,4.45,0.82,9.21,0.48,3267.0,68192.0,27.0,495.62,10.0,239843.0,71459.0,-0.26,11.55,12.47,62.89
RELIANCE,Mar 2019,7.01,14.82,10.29,12.13,3.99,0.79,5.62,0.57,-52161.0,94507.0,29.0,653.24,10.0,307714.0,42346.0,5.56,12.06,12.63,63.24
RELIANCE,Mar 2020,6.68,14.96,8.88,11.1,3.43,0.79,4.44,0.51,22380.0,72497.0,29.0,708.58,10.0,355133.0,94877.0,9.77,11.03,11.27,62.67
RELIANCE,Mar 2021,11.52,17.33,7.68,8.25,4.07,0.4,4.87,0.35,-115427.0,142385.0,39.0,1086.38,9.0,278962.0,26958.0,11.34,12.47,12.13,59.04
RELIANCE,Mar 2022,9.77,15.63,8.7,9.88,4.53,0.41,8.79,0.46,1492.0,109162.0,45.0,1152.23,9.0,319158.0,110654.0,17.98,17.86,15.39,77.24
RELIANCE,Mar 2023,8.45,16.24,10.35,12.19,4.61,0.63,7.89,0.55,22031.0,93001.0,49.0,1058.04,9.0,451664.0,115032.0,17.53,15.48,12.66,79.33
RELIANCE,Mar 2024,8.79,18.07,9.96,12.97,4.5,0.58,7.73,0.51,45207.0,113581.0,51.0,1172.75,10.0,458991.0,158788.0,9.61,14.68,11.95,74.16
RELIANCE,TTM,8.51,17.46,,,,,7.61,,,,51.0,,,,,,,,73.44
SBILIFE,Mar 2013,4.24,2.87,23.03,15.61,1.17,0.0,179.75,0.28,903.0,227.0,6.0,27.36,8.0,0.0,1130.0,,,,93.73
SBILIFE,Mar 2014,4.22,2.96,21.69,15.23,1.2,0.0,171.0,0.28,-542.0,708.0,7.0,33.56,14.0,0.0,166.0,,,,82.19
SBILIFE,Mar 2015,3.48,3.39,20.09,19.58,1.1,0.0,244.25,0.32,2533.0,178.0,8.0,40.56,15.0,0.0,2711.0,,,,99.4
SBILIFE,Mar 2016,4.37,4.76,17.83,19.44,1.01,0.0,209.8,0.23,-1426.0,7204.0,8.0,47.33,14.0,0.0,5778.0,,,,96.1
SBILIFE,Mar 2017,3.13,3.5,17.2,19.24,0.93,0.0,241.4,0.3,-507.0,9032.0,10.0,55.52,16.0,0.0,8525.0,,,,94.91
SBILIFE,Mar 2018,3.38,3.91,17.62,20.4,0.94,0.0,248.0,0.28,1485.0,8910.0,12.0,65.28,17.0,0.0,10395.0,18.03,12.79,14.87,95.41
SBILIFE,Mar 2019,2.98,3.3,17.52,19.46,0.9,0.0,217.5,0.3,-79.0,13552.0,13.0,75.76,15.0,0.0,13473.0,20.91,12.76,13.18,94.74
SBILIFE,Mar 2020,3.25,3.08,16.26,15.45,0.86,0.0,,0.26,2313.0,16986.0,14.0,87.43,0.0,0.0,19299.0,13.36,11.78,11.84,86.85
SBILIFE,Mar 2021,1.78,1.06,14.0,8.38,0.64,0.0,,0.36,4675.0,19203.0,15.0,104.0,17.0,0.0,23878.0,33.49,11.52,13.4,78.9
SBILIFE,Mar 2022,1.81,0.88,12.96,6.28,0.55,0.0,,0.3,241.0,21611.0,15.0,116.22,13.0,0.0,21852.0,22.12,9.54,8.45,73.78
SBILIFE,Mar 2023,2.13,0.15,13.22,0.94,0.55,0.0,198.4,0.26,-1547.0,30203.0,17.0,130.05,15.0,0.0,28656.0,18.81,8.4,7.21,67.56
SBILIFE,Mar 2024,1.43,0.19,12.7,1.65,0.48,0.0,240.33,0.33,-2099.0,31221.0,19.0,148.93,14.0,0.0,29122.0,24.23,7.37,7.89,66.72
SBILIFE,TTM,1.85,0.77,,,,,,,,,24.0,,,,,,,,
SBIN,Mar 2013,11.05,-3.05,,,,,0.26,,22061.0,2271.0,26.0,,16.0,,24332.0,,,,50.0
SBIN,Mar 2014,7.83,-7.73,,,,,0.19,,18351.0,791.0,19.0,,16.0,,19142.0,,,,50.0
SBIN,Mar 2015,8.57,-10.52,,,,,0.21,,22873.0,3424.0,23.0,,15.0,,26297.0,,,,50.0
SBIN,Mar 2016,5.9,-14.68,,,,,0.14,,11730.0,2747.0,16.0,,17.0,,14477.0,,,,50.0
SBIN,Mar 2017,-0.04,-27.92,,,,,0.03,,72834.0,4572.0,0.0,,859.0,,77406.0,,,,0.0
SBIN,Mar 2018,-1.64,-37.86,,,,,-0.06,,-83455.0,13053.0,-5.0,,0.0,,-96508.0,6.39,,,25.56
SBIN,Mar 2019,1.32,-27.1,,,,,0.06,,29776.0,220.0,3.0,,0.0,,29556.0,6.03,-25.71,-30.87,32.06
SBIN,Mar 2020,7.83,-23.78,,,,,0.21,,23374.0,555.0,22.0,,0.0,,23929.0,5.35,3.46,-0.89,37.62
SBIN,Mar 2021,8.59,-25.43,,,,,0.23,,86249.0,3670.0,25.0,,16.0,,89919.0,4.74,12.91,9.34,55.3
SBIN,Mar 2022,12.82,-21.92,,,,,0.34,,55043.0,2652.0,40.0,,18.0,,57695.0,4.7,,,42.0
SBIN,Mar 2023,16.46,-12.38,,,,,0.42,,-86980.0,966.0,62.0,,18.0,,-86014.0,8.91,,,25.46
SBIN,Mar 2024,15.83,-13.73,,,,,0.37,,18156.0,3476.0,75.0,,18.0,,21632.0,11.63,83.41,90.37,59.46
SBIN,TTM,15.86,-12.6,,,,,0.34,,,,80.0,,,,,,,,0.0
SHREECEM,Jun 2013,18.53,28.81,26.12,30.42,16.3,0.34,9.06,0.88,990.0,270.0,288.0,1098.29,7.0,1288.0,1260.0,,,,98.51
SHREECEM,Jun 2014,13.77,24.32,16.71,23.52,10.74,0.25,11.58,0.78,167.0,1234.0,226.0,1346.0,10.0,1200.0,1401.0,,,,95.3
SHREECEM,Jun 2015,6.81,21.47,8.07,21.7,5.33,0.17,11.95,0.78,249.0,990.0,122.0,1507.43,20.0,917.0,1239.0,,,,82.96
SHREECEM,Mar 2016 9m,20.73,25.52,,,,,27.37,,,,328.0,,7.0,,,,,,100.0
SHREECEM,Mar 2017,15.58,29.24,17.39,27.95,11.99,0.17,22.29,0.77,154.0,2048.0,384.0,2199.43,36.0,1293.0,2202.0,,,,96.27
SHREECEM,Mar 2018,14.08,25.15,15.56,20.11,9.14,0.38,21.2,0.65,-1716.0,3595.0,397.0,2542.0,13.0,3403.0,1879.0,12.66,6.63,6.63,84.85
SHREECEM,Mar 2019,8.08,22.28,10.5,22.42,6.55,0.29,11.56,0.81,1360.0,720.0,289.0,2763.14,21.0,2803.0,2080.0,17.05,5.22,5.04,80.72
SHREECEM,Mar 2020,12.0,29.31,11.72,23.11,7.74,0.24,13.86,0.65,-1617.0,5590.0,426.0,3658.06,26.0,3146.0,3973.0,15.51,29.37,28.41,91.72
SHREECEM,Mar 2021,17.23,30.17,15.18,23.21,10.86,0.14,18.0,0.63,1603.0,2651.0,646.0,4276.94,9.0,2230.0,4254.0,19.72,15.38,14.52,95.18
SHREECEM,Mar 2022,8.45,24.72,7.27,18.94,5.34,0.12,16.17,0.63,525.0,2143.0,352.0,4850.0,14.0,2129.0,2668.0,11.8,-1.07,-1.73,68.01
SHREECEM,Mar 2023,13.27,16.58,12.71,13.86,9.0,0.15,13.0,0.68,164.0,2405.0,664.0,5176.67,28.0,2725.0,2569.0,12.67,11.35,10.83,80.59
SHREECEM,Mar 2024,8.45,22.02,8.37,20.21,6.21,0.08,19.83,0.73,1929.0,1418.0,480.0,5750.83,16.0,1656.0,3347.0,10.33,11.29,10.68,79.99
SHREECEM,TTM,8.75,21.34,,,,,21.15,,,,480.0,,,,,,,,100.0
SHRIRAMFIN,Mar 2013,20.87,31.09,19.94,5.35,3.09,4.55,0.71,0.15,-8400.0,41.0,12.0,64.65,11.0,33386.0,-8359.0,,,,36.13
SHRIRAMFIN,Mar 2014,16.02,23.58,15.96,4.24,2.59,4.54,0.47,0.16,-4167.0,112.0,11.0,74.98,12.0,38630.0,-4055.0,,,,28.86
SHRIRAMFIN,Mar 2015,11.2,18.43,11.09,3.02,1.65,5.04,0.36,0.15,-9656.0,45.0,8.0,81.64,22.0,46695.0,-9611.0,,,,20.16
SHRIRAMFIN,Mar 2016,11.43,17.61,11.64,3.04,1.74,4.89,0.36,0.15,-5543.0,36.0,9.0,89.66,19.0,49790.0,-5507.0,,,,20.97
SHRIRAMFIN,Mar 2017,11.61,18.09,11.17,3.06,1.7,4.68,0.38,0.15,-2679.0,2.0,10.0,99.84,7.0,53080.0,-2677.0,,,,20.33
SHRIRAMFIN,Mar 2018,18.88,28.18,18.62,3.97,2.62,6.0,0.61,0.14,-13056.0,86.0,20.0,120.62,10.0,82131.0,-13142.0,14.01,11.74,10.76,48.34
SHRIRAMFIN,Mar 2019,16.58,24.47,16.14,3.66,2.44,5.51,0.51,0.15,-5611.0,76.0,20.0,140.64,11.0,87914.0,-5535.0,12.88,13.66,12.7,46.34
SHRIRAMFIN,Mar 2020,15.17,21.53,13.85,3.16,2.2,5.22,0.43,0.14,-2519.0,55.0,20.0,159.84,5.0,94735.0,-2464.0,12.53,19.57,20.11,44.54
SHRIRAMFIN,Mar 2021,14.34,19.53,11.51,2.65,1.92,4.91,0.38,0.13,-4264.0,25.0,18.0,171.68,18.0,106546.0,-4239.0,10.96,16.11,14.87,40.12
SHRIRAMFIN,Mar 2022,14.13,19.04,10.43,2.6,1.91,4.4,0.38,0.14,-8893.0,34.0,20.0,192.58,20.0,114846.0,-8859.0,12.05,16.54,14.87,40.08
SHRIRAMFIN,Mar 2023,19.74,28.86,13.84,4.24,2.86,3.77,0.68,0.14,-12549.0,5076.0,32.0,232.68,22.0,164202.0,-17625.0,17.69,18.75,9.86,48.08
SHRIRAMFIN,Mar 2024,20.33,28.92,15.12,4.3,2.98,3.99,0.68,0.15,-31359.0,258.0,39.0,260.36,23.0,195496.0,-31101.0,18.56,23.49,14.29,49.42
SHRIRAMFIN,TTM,23.72,28.64,,,,,0.77,,,,50.0,,,,,,,,0.0
SIEMENS,Sep 2011,7.26,9.8,22.75,30.69,8.54,0.0,56.54,1.18,267.0,264.0,,112.24,24.0,0.0,3.0,,,,85.71
SIEMENS,Sep 2014,5.65,1.11,13.78,2.72,5.86,0.0,35.61,1.04,738.0,130.0,17.0,123.24,35.0,0.0,608.0,,,,66.43
SIEMENS,Sep 2015,11.11,9.45,22.94,19.41,11.1,0.0,64.7,1.0,1220.0,646.0,33.0,144.14,30.0,25.0,574.0,,,,91.87
SIEMENS,Sep 2016,26.89,9.42,42.83,14.95,24.31,0.0,379.73,0.9,750.0,237.0,82.0,191.63,41.0,25.0,513.0,-1.94,27.41,,71.75
SIEMENS,Sep 2017,10.28,9.54,14.79,13.73,8.65,0.0,234.25,0.84,1894.0,1321.0,32.0,216.62,22.0,0.0,573.0,,,,76.46
SIEMENS,Sep 2018,7.04,10.37,10.86,15.99,6.28,0.0,200.88,0.89,-74.0,174.0,25.0,233.77,28.0,0.0,100.0,,,,68.5
SIEMENS,Sep 2019,8.4,11.39,12.14,16.47,7.16,0.0,157.33,0.85,138.0,1135.0,31.0,254.9,23.0,0.0,1273.0,4.15,12.76,12.77,75.52
SIEMENS,Sep 2020,7.73,10.08,8.1,10.57,4.85,0.0,43.93,0.63,1591.0,871.0,22.0,267.38,32.0,0.0,720.0,-1.2,-8.11,-7.79,48.07
SIEMENS,Sep 2021,8.25,11.0,10.52,14.03,6.04,0.0,73.88,0.73,-967.0,2389.0,31.0,291.46,26.0,4.0,1422.0,4.02,-17.87,-17.68,58.57
SIEMENS,Sep 2022,9.56,11.53,13.29,15.77,7.67,0.02,65.19,0.8,944.0,34.0,43.0,327.04,23.0,182.0,978.0,7.84,6.3,6.09,69.5
SIEMENS,Sep 2023,10.03,12.72,14.99,18.75,9.06,0.01,129.7,0.9,641.0,759.0,55.0,368.65,18.0,175.0,1400.0,8.85,16.84,17.08,84.69
SIEMENS,Sep 2024,12.22,13.96,17.7,19.85,10.74,0.02,67.15,0.88,1168.0,502.0,76.0,432.59,16.0,279.0,1670.0,11.19,19.85,19.64,89.84
SUNPHARMA,Mar 2013,31.17,42.98,23.14,31.37,17.02,0.02,109.16,0.55,982.0,2375.0,14.0,144.13,9.0,260.0,3357.0,,,,99.57
SUNPHARMA,Mar 2014,24.12,43.55,20.94,33.21,13.33,0.14,114.43,0.55,1783.0,2176.0,15.0,89.49,10.0,2561.0,3959.0,,,,100.0
SUNPHARMA,Mar 2015,19.99,28.82,21.36,22.79,11.24,0.35,14.12,0.56,4114.0,1502.0,22.0,123.86,14.0,8996.0,5616.0,,,,100.0
SUNPHARMA,Mar 2016,19.86,28.69,17.15,19.71,10.21,0.26,15.55,0.51,2737.0,3949.0,19.0,136.86,5.0,8497.0,6686.0,,,,95.51
SUNPHARMA,Mar 2017,24.85,31.99,21.41,21.74,12.84,0.27,26.78,0.52,2896.0,4186.0,29.0,152.67,12.0,9832.0,7082.0,,,,98.57
SUNPHARMA,Mar 2018,9.6,21.26,6.63,11.56,3.95,0.27,10.61,0.41,803.0,3104.0,9.0,159.64,23.0,10385.0,3907.0,18.93,-6.03,-8.46,63.19
SUNPHARMA,Mar 2019,11.04,21.94,7.75,12.28,4.97,0.25,11.03,0.45,1886.0,310.0,11.0,172.54,25.0,10514.0,2196.0,12.57,-3.73,-6.01,59.4
SUNPHARMA,Mar 2020,12.7,21.26,9.22,13.03,6.12,0.18,24.31,0.48,4330.0,2225.0,16.0,188.6,25.0,8315.0,6555.0,3.69,-5.29,-6.17,55.94
SUNPHARMA,Mar 2021,6.78,25.29,4.89,16.83,3.36,0.08,35.61,0.5,6577.0,407.0,12.0,193.6,62.0,3869.0,6170.0,3.29,-16.68,-8.78,55.01
SUNPHARMA,Mar 2022,8.77,26.54,7.06,20.81,4.86,0.03,53.17,0.55,3429.0,5556.0,14.0,200.05,73.0,1290.0,8985.0,4.13,-15.46,-13.55,61.19
SUNPHARMA,Mar 2023,19.4,26.55,15.2,18.53,10.55,0.12,70.4,0.54,-2261.0,7220.0,35.0,233.31,33.0,6886.0,4959.0,10.62,27.34,31.21,85.15
SUNPHARMA,Mar 2024,19.82,26.84,15.09,19.45,11.27,0.05,58.33,0.57,11372.0,763.0,40.0,265.28,34.0,3274.0,12135.0,10.78,24.54,29.46,90.32
SUNPHARMA,TTM,22.1,27.95,,,,,65.4,,,,46.0,,,,,,,,100.0
TATACONSUM,Mar 2013,6.05,10.47,9.25,12.42,5.06,0.29,9.83,0.84,197.0,24.0,6.0,77.58,36.0,1389.0,173.0,,,,64.83
TATACONSUM,Mar 2014,6.59,9.72,8.72,10.32,5.15,0.25,10.6,0.78,421.0,1.0,7.0,94.34,29.0,1438.0,422.0,,,,67.63
TATACONSUM,Mar 2015,3.42,9.91,4.97,11.62,2.89,0.24,8.72,0.85,211.0,207.0,4.0,88.6,6.0,1324.0,418.0,,,,64.53
TATACONSUM,Mar 2016,-0.56,5.51,-0.59,4.82,-0.37,0.22,3.45,0.67,261.0,145.0,0.0,99.16,-999.0,1354.0,116.0,,,,29.24
TATACONSUM,Mar 2017,6.71,11.67,7.26,11.22,4.76,0.13,20.44,0.71,886.0,145.0,6.0,99.44,38.0,787.0,741.0,,,,69.26
TATACONSUM,Mar 2018,8.16,12.31,7.91,10.36,5.31,0.15,17.54,0.65,325.0,31.0,8.0,111.6,30.0,1068.0,356.0,-1.5,4.55,5.92,49.22
TATACONSUM,Mar 2019,6.3,10.84,6.23,9.28,4.2,0.16,11.67,0.67,263.0,53.0,6.0,116.38,39.0,1141.0,210.0,-1.29,-2.17,-3.04,40.11
TATACONSUM,Mar 2020,4.77,13.41,3.33,8.39,2.49,0.11,16.36,0.52,460.0,622.0,5.0,150.16,54.0,1586.0,1082.0,3.81,11.0,4.56,56.53
TATACONSUM,Mar 2021,8.02,13.31,6.4,9.55,4.6,0.11,22.4,0.57,1310.0,346.0,9.0,157.98,44.0,1634.0,1656.0,11.82,,,67.96
TATACONSUM,Mar 2022,8.17,13.84,6.7,10.38,4.82,0.09,20.77,0.59,199.0,1317.0,10.0,164.59,60.0,1412.0,1516.0,12.88,17.41,10.76,74.96
TATACONSUM,Mar 2023,9.58,13.47,8.11,10.38,5.8,0.1,16.8,0.61,627.0,834.0,12.0,175.02,65.0,1600.0,1461.0,15.13,18.88,8.45,78.49
TATACONSUM,Mar 2024,7.99,15.02,7.57,11.69,4.36,0.22,25.32,0.55,26.0,1911.0,12.0,169.02,64.0,3477.0,1937.0,15.96,21.6,14.87,79.26
TATACONSUM,TTM,7.18,15.32,,,,,8.69,,,,12.0,,,,,,,,85.44
TATAMOTORS,Mar 2013,5.28,13.03,26.51,26.92,5.93,1.43,6.97,1.12,-806.0,22969.0,35.0,117.98,6.0,53716.0,22163.0,,,,86.33
TATAMOTORS,Mar 2014,6.03,14.97,21.42,27.61,6.43,0.92,7.31,1.07,8160.0,27991.0,48.0,203.74,5.0,60642.0,36151.0,,,,91.73
TATAMOTORS,Mar 2015,5.35,14.91,25.01,30.21,5.93,1.31,8.22,1.11,-701.0,36232.0,48.0,174.73,0.0,73610.0,35531.0,,,,89.46
TATAMOTORS,Mar 2016,4.28,14.06,14.79,25.89,4.44,0.88,7.31,1.04,1206.0,36694.0,40.0,232.55,1.0,69360.0,37900.0,,,,84.67
TATAMOTORS,Mar 2017,2.8,10.97,13.02,21.65,2.77,1.35,7.42,0.99,-9372.0,39571.0,26.0,171.02,0.0,78604.0,30199.0,,,,77.84
TATAMOTORS,Mar 2018,3.12,10.79,9.53,17.06,2.78,0.93,7.99,0.89,-1282.0,25139.0,31.0,281.08,0.0,88950.0,23857.0,9.08,-1.84,-2.4,60.57
TATAMOTORS,Mar 2019,-9.51,8.17,-47.73,14.83,-9.4,1.76,-0.35,0.99,-1987.0,20878.0,-100.0,177.26,0.0,106175.0,18891.0,5.34,,,29.03
TATAMOTORS,Mar 2020,-4.59,6.89,-18.98,9.57,-3.74,1.98,2.5,0.82,-6482.0,33115.0,-39.0,175.22,0.0,124788.0,26633.0,-0.16,,,15.16
TATAMOTORS,Mar 2021,-5.36,12.93,-24.25,16.36,-3.92,2.57,2.61,0.73,3329.0,25672.0,-41.0,144.25,0.0,142131.0,29001.0,-1.76,,,24.2
TATAMOTORS,Mar 2022,-4.06,8.88,-25.38,12.94,-3.44,3.29,2.91,0.85,9839.0,4444.0,-34.0,116.35,0.0,146449.0,14283.0,0.64,,,20.94
TATAMOTORS,Mar 2023,0.78,9.2,5.94,17.73,0.8,2.96,3.76,1.03,19971.0,15417.0,7.0,118.33,32.0,134113.0,35388.0,3.48,-21.62,-25.74,40.22
TATAMOTORS,Mar 2024,7.26,13.6,37.46,30.98,8.61,1.26,6.53,1.19,45133.0,22782.0,94.0,221.72,7.0,107262.0,67915.0,7.72,,,80.94
TATAMOTORS,TTM,7.68,13.75,,,,,7.59,,,,99.0,,,,,,,,73.22
TATAPOWER,Mar 2013,0.37,16.86,1.0,11.14,0.18,3.07,2.26,0.49,-740.0,4026.0,0.0,52.05,-319.0,37882.0,3286.0,,,,33.63
TATAPOWER,Mar 2014,0.03,19.36,0.1,13.15,0.02,3.24,2.08,0.5,2874.0,3609.0,-1.0,52.32,-114.0,40173.0,6483.0,,,,34.93
TATAPOWER,Mar 2015,1.36,18.76,3.19,11.47,0.61,2.84,1.99,0.45,2116.0,3865.0,1.0,53.03,210.0,40607.0,5981.0,,,,36.8
TATAPOWER,Mar 2016,2.66,7.14,6.76,4.17,1.12,3.34,1.91,0.42,5610.0,1805.0,2.0,43.09,53.0,38849.0,7415.0,,,,31.34
TATAPOWER,Mar 2017,3.99,19.84,8.32,8.82,1.33,3.69,2.01,0.33,-359.0,7373.0,3.0,48.94,39.0,48815.0,7014.0,,,,40.37
TATAPOWER,Mar 2018,9.73,8.55,15.92,3.53,3.19,2.96,2.36,0.33,4852.0,1512.0,9.0,60.74,15.0,48589.0,6364.0,-4.15,84.24,,45.96
TATAPOWER,Mar 2019,8.72,10.27,14.24,4.6,3.1,2.65,2.46,0.36,4302.0,272.0,9.0,67.8,15.0,48506.0,4574.0,-3.51,193.33,,45.46
TATAPOWER,Mar 2020,4.52,23.36,6.73,9.52,1.47,2.65,2.02,0.32,6882.0,493.0,4.0,72.47,41.0,51936.0,7375.0,-2.81,23.56,31.95,42.38
TATAPOWER,Mar 2021,4.4,21.16,6.45,10.03,1.46,2.09,2.17,0.33,9338.0,993.0,4.0,69.76,44.0,46708.0,8345.0,2.09,12.86,14.87,42.73
TATAPOWER,Mar 2022,5.04,16.42,9.61,9.55,1.92,2.28,2.47,0.38,443.0,6250.0,5.0,70.13,32.0,51195.0,6693.0,9.19,14.41,10.76,54.39
TATAPOWER,Mar 2023,6.91,14.02,13.23,9.46,2.97,1.84,3.03,0.43,-97.0,7263.0,10.0,89.96,19.0,52923.0,7166.0,15.48,7.85,2.13,58.86
TATAPOWER,Mar 2024,6.97,17.47,13.23,12.48,3.08,1.66,3.05,0.44,3569.0,9027.0,12.0,101.11,17.0,53689.0,12596.0,15.51,10.43,5.92,65.68
TATAPOWER,TTM,6.94,17.42,,,,,3.25,,,,12.0,,,,,,,,25.0
TATASTEEL,Mar 2013,-5.4,2.94,-21.28,3.86,-4.95,2.01,1.36,0.92,936.0,13099.0,-6.0,35.19,-11.0,68529.0,14035.0,,,,7.1
TATASTEEL,Mar 2014,2.47,10.89,9.04,13.25,2.14,2.01,3.9,0.87,-2232.0,15378.0,3.0,41.74,27.0,81629.0,13146.0,,,,50.73
TATASTEEL,Mar 2015,-2.82,2.44,-12.56,3.04,-2.48,2.57,1.94,0.88,2859.0,9021.0,-3.0,32.29,-20.0,80701.0,11880.0,,,,6.81
TATASTEEL,Mar 2016,-0.49,-0.61,-1.14,-0.5,-0.28,1.87,2.3,0.58,2661.0,8794.0,0.0,45.08,-203.0,81987.0,11455.0,,,,3.85
TATASTEEL,Mar 2017,-3.71,11.7,-11.02,10.88,-2.42,2.2,1.84,0.65,1334.0,9490.0,-4.0,38.99,-23.0,83014.0,10824.0,,,,19.69
TATASTEEL,Mar 2018,14.4,17.39,29.15,14.01,8.5,1.51,5.93,0.59,-3707.0,11730.0,12.0,53.16,9.0,92147.0,8023.0,-1.76,,,55.59
TATASTEEL,Mar 2019,5.79,18.59,13.23,17.27,3.92,1.46,4.03,0.68,-3840.0,29176.0,9.0,60.2,15.0,100816.0,25336.0,1.19,20.01,24.57,63.66
TATASTEEL,Mar 2020,0.84,12.49,1.6,9.2,0.47,1.58,1.94,0.56,6157.0,14012.0,1.0,64.26,74.0,116328.0,20169.0,0.04,,,29.04
TATASTEEL,Mar 2021,5.24,19.52,11.03,18.74,3.36,1.19,4.03,0.64,34890.0,9437.0,6.0,61.97,40.0,88501.0,44327.0,8.92,,,67.6
TATASTEEL,Mar 2022,17.11,26.02,36.48,33.42,14.78,0.66,11.86,0.86,33476.0,10905.0,33.0,93.73,16.0,75561.0,44381.0,16.79,,,98.75
TATASTEEL,Mar 2023,3.32,13.27,7.83,17.18,2.83,0.82,5.38,0.85,3504.0,18179.0,7.0,84.42,50.0,84893.0,21683.0,14.58,-14.57,-10.22,62.32
TATASTEEL,Mar 2024,-2.14,9.71,-5.33,12.42,-1.82,0.95,2.16,0.85,6048.0,14253.0,-4.0,73.81,-101.0,87082.0,20301.0,7.77,,,37.97
TATASTEEL,TTM,1.14,11.45,,,,,3.47,,,,2.0,,,,,,,,27.44
TCS,Mar 2013,22.35,28.64,36.52,46.4,27.1,0.01,400.38,1.21,5577.0,6038.0,36.0,196.66,31.0,332.0,11615.0,,,,97.57
TCS,Mar 2014,23.63,30.75,39.3,50.82,28.93,0.01,686.92,1.22,5299.0,9452.0,49.0,250.99,33.0,297.0,14751.0,,,,96.57
TCS,Mar 2015,21.19,25.87,39.62,48.01,27.36,0.01,271.17,1.29,17562.0,1807.0,51.0,258.34,78.0,358.0,19369.0,,,,99.57
TCS,Mar 2016,22.4,28.24,34.24,43.01,27.57,0.0,1023.06,1.23,14099.0,5010.0,62.0,360.77,35.0,245.0,19109.0,,,,97.0
TCS,Mar 2017,22.34,27.39,30.57,37.35,25.76,0.0,1141.62,1.15,8328.0,16895.0,67.0,437.63,35.0,289.0,25223.0,,,,99.43
TCS,Mar 2018,21.02,26.41,30.4,38.09,24.62,0.0,695.35,1.17,28171.0,3104.0,67.0,445.7,37.0,247.0,25067.0,14.34,12.95,13.23,96.99
TCS,Mar 2019,21.55,26.97,35.29,44.14,27.71,0.0,221.3,1.29,30238.0,1645.0,84.0,238.52,36.0,62.0,28593.0,12.35,10.3,11.38,91.75
TCS,Mar 2020,20.67,26.83,38.57,45.62,27.01,0.1,50.54,1.31,41337.0,8968.0,86.0,224.34,85.0,8174.0,32369.0,10.64,10.1,11.02,90.74
TCS,Mar 2021,19.83,28.35,37.67,49.4,25.05,0.09,76.08,1.26,30846.0,7956.0,88.0,233.6,43.0,7795.0,38802.0,8.61,5.99,7.26,84.6
TCS,Mar 2022,20.05,27.67,43.13,54.72,27.28,0.09,72.8,1.36,39211.0,738.0,105.0,243.55,41.0,7818.0,39949.0,10.2,7.84,9.4,88.04
TCS,Mar 2023,18.76,26.28,46.78,60.4,29.61,0.09,80.5,1.58,42513.0,548.0,115.0,247.06,100.0,7688.0,41965.0,12.86,10.33,11.41,93.09
TCS,Mar 2024,19.14,26.69,50.94,65.27,31.69,0.09,87.1,1.66,50429.0,6091.0,127.0,249.97,58.0,8021.0,44338.0,10.46,7.87,8.62,87.93
TCS,TTM,19.44,26.81,,,,,90.17,,,,135.0,,,,,,,,100.0
TECHM,Mar 2013,19.02,20.69,24.09,20.89,14.55,0.25,12.44,0.77,233.0,622.0,25.0,211.95,5.0,1380.0,855.0,,,,95.0
TECHM,Mar 2014,16.29,22.19,33.35,43.71,19.21,0.04,55.2,1.18,1887.0,291.0,32.0,196.2,15.0,363.0,1596.0,,,,93.14
TECHM,Mar 2015,11.75,18.54,21.71,32.38,13.4,0.06,62.3,1.14,583.0,1865.0,27.0,127.58,22.0,700.0,2448.0,,,,98.86
TECHM,Mar 2016,11.43,16.08,20.75,27.16,13.44,0.07,48.59,1.18,1684.0,1453.0,31.0,167.33,35.0,1091.0,3137.0,,,,100.0
TECHM,Mar 2017,9.78,14.36,17.35,23.5,10.94,0.08,38.44,1.12,1178.0,2893.0,29.0,187.21,28.0,1366.0,4071.0,,,,96.21
TECHM,Mar 2018,12.3,15.31,20.09,22.18,12.44,0.13,37.82,1.01,235.0,3319.0,39.0,213.16,33.0,2397.0,3554.0,34.96,23.7,9.3,99.4
TECHM,Mar 2019,12.35,18.05,21.14,28.15,12.82,0.1,51.17,1.04,2328.0,2104.0,44.0,228.43,29.0,1996.0,4432.0,13.07,6.97,6.58,90.04
TECHM,Mar 2020,10.57,14.93,17.87,21.59,10.44,0.17,34.87,0.99,5439.0,1081.0,42.0,250.15,32.0,3670.0,4358.0,10.26,7.94,9.24,86.07
TECHM,Mar 2021,11.5,17.95,17.51,24.48,10.99,0.12,43.59,0.96,2661.0,5433.0,46.0,284.5,89.0,2901.0,8094.0,7.4,7.54,8.21,82.45
TECHM,Mar 2022,12.61,17.96,20.94,27.18,12.68,0.1,56.04,1.01,5765.0,480.0,57.0,306.22,47.0,2618.0,5285.0,8.91,14.58,14.47,92.89
TECHM,Mar 2023,9.11,14.57,17.39,25.32,10.6,0.1,26.77,1.16,5346.0,226.0,50.0,317.32,91.0,2740.0,5572.0,11.61,5.11,5.09,84.11
TECHM,Mar 2024,4.61,8.67,8.99,15.43,5.56,0.1,13.86,1.21,5058.0,1318.0,24.0,302.37,150.0,2537.0,6376.0,8.4,-10.99,-11.42,62.82
TECHM,TTM,7.19,11.86,,,,,24.73,,,,38.0,,,,,,,,100.0
TITAN,Mar 2013,7.16,10.02,36.8,51.47,12.32,0.0,21.82,1.72,411.0,142.0,8.0,22.13,26.0,0.0,553.0,,,,96.57
TITAN,Mar 2014,6.73,9.58,29.13,31.44,12.03,0.32,13.38,1.79,-826.0,271.0,8.0,28.35,25.0,807.0,-555.0,,,,85.71
TITAN,Mar 2015,6.85,9.68,26.46,36.21,13.91,0.03,15.06,2.03,385.0,118.0,9.0,34.65,25.0,100.0,503.0,,,,94.57
TITAN,Mar 2016,5.99,8.33,19.25,25.94,10.64,0.03,24.0,1.78,417.0,159.0,8.0,39.4,29.0,113.0,576.0,,,,96.79
TITAN,Mar 2017,5.26,8.78,16.47,19.04,8.29,0.44,29.53,1.58,759.0,953.0,8.0,47.56,32.0,1882.0,1712.0,,,,93.59
TITAN,Mar 2018,6.84,10.2,21.65,24.24,11.57,0.33,32.34,1.69,47.0,98.0,13.0,57.19,29.0,1691.0,-51.0,9.75,8.73,10.2,78.48
TITAN,Mar 2019,7.02,10.08,22.88,23.56,11.86,0.39,40.98,1.69,446.0,797.0,16.0,68.2,32.0,2393.0,1243.0,12.6,13.58,14.87,95.08
TITAN,Mar 2020,7.09,11.7,22.39,24.07,11.02,0.53,15.76,1.55,-113.0,235.0,17.0,74.93,24.0,3562.0,-348.0,12.06,12.84,13.56,84.7
TITAN,Mar 2021,4.5,7.97,12.99,13.13,5.92,0.75,9.38,1.32,1340.0,2799.0,11.0,84.24,37.0,5638.0,4139.0,13.93,7.61,6.58,75.3
TITAN,Mar 2022,7.63,11.61,23.63,20.17,10.37,0.78,16.15,1.36,441.0,1165.0,24.0,104.53,31.0,7275.0,-724.0,16.78,25.82,24.57,88.13
TITAN,Mar 2023,8.07,12.03,27.63,23.01,12.12,0.79,17.29,1.5,-444.0,1814.0,37.0,133.16,27.0,9367.0,1370.0,20.28,24.33,23.27,92.27
TITAN,Mar 2024,6.84,10.36,37.22,21.24,11.08,1.65,9.41,1.62,1506.0,189.0,39.0,105.54,28.0,15528.0,1695.0,20.9,20.27,19.51,86.48
TITAN,TTM,5.96,9.62,,,,,6.88,,,,37.0,,,,,,,,65.33
TORNTPHARM,Mar 2013,13.58,21.76,30.59,32.96,11.59,0.49,20.53,0.85,-94.0,247.0,13.0,169.29,45.0,693.0,153.0,,,,90.71
TORNTPHARM,Mar 2014,15.92,22.89,34.89,31.47,13.22,0.59,16.76,0.83,181.0,418.0,20.0,111.94,25.0,1132.0,599.0,,,,97.71
TORNTPHARM,Mar 2015,16.2,22.0,30.15,19.5,9.6,1.1,7.46,0.59,-1303.0,2113.0,22.0,146.53,25.0,2740.0,810.0,,,,89.54
TORNTPHARM,Mar 2016,25.92,40.87,49.6,46.75,19.5,0.67,15.03,0.75,1873.0,869.0,51.0,205.53,34.0,2352.0,2742.0,,,,98.38
TORNTPHARM,Mar 2017,16.06,23.68,21.47,20.07,9.73,0.58,7.77,0.61,211.0,798.0,28.0,255.94,25.0,2510.0,1009.0,,,,95.7
TORNTPHARM,Mar 2018,11.39,22.67,14.67,12.17,4.76,1.4,5.35,0.42,-3783.0,4677.0,20.0,271.94,35.0,6462.0,894.0,13.19,9.28,9.0,68.14
TORNTPHARM,Mar 2019,5.68,25.84,9.23,18.42,3.09,1.28,3.34,0.54,1552.0,246.0,13.0,277.94,66.0,6038.0,1798.0,12.96,-8.07,-8.25,58.01
TORNTPHARM,Mar 2020,12.91,27.33,21.25,20.46,7.32,1.2,5.08,0.57,1622.0,229.0,30.0,283.76,53.0,5784.0,1393.0,11.36,6.42,6.4,77.65
TORNTPHARM,Mar 2021,15.64,30.98,21.45,23.15,8.9,0.83,7.19,0.57,1561.0,444.0,37.0,343.41,47.0,4874.0,2005.0,3.66,-6.3,-6.22,68.34
TORNTPHARM,Mar 2022,9.13,28.57,13.05,24.25,6.02,0.68,8.4,0.66,1607.0,196.0,23.0,350.18,105.0,4070.0,1803.0,7.9,-3.61,-3.86,67.97
TORNTPHARM,Mar 2023,12.94,29.54,20.09,24.57,8.52,0.87,8.67,0.66,33.0,2335.0,37.0,183.37,60.0,5369.0,2368.0,10.09,12.92,13.09,89.07
TORNTPHARM,Mar 2024,15.44,31.39,24.15,30.96,11.42,0.59,9.93,0.74,3106.0,160.0,49.0,202.84,57.0,4022.0,3266.0,6.93,30.59,30.39,91.25
TORNTPHARM,TTM,16.47,32.21,,,,,13.45,,,,55.0,,,,,,,,100.0
TRENT,Mar 2013,-1.27,0.23,-2.19,0.32,-1.22,0.28,2.17,0.97,-245.0,276.0,-1.0,37.3,-87.0,343.0,31.0,,,,19.37
TRENT,Mar 2014,-0.81,-0.43,-1.92,-0.76,-0.98,0.34,3.12,1.21,-94.0,48.0,-1.0,30.03,-125.0,332.0,-46.0,,,,20.59
TRENT,Mar 2015,5.65,3.85,9.07,5.21,5.85,0.19,13.45,1.03,-316.0,306.0,4.0,43.09,26.0,267.0,-10.0,,,,48.97
TRENT,Mar 2016,3.26,5.34,3.76,4.83,2.55,0.27,3.67,0.78,11.0,98.0,2.0,44.36,54.0,400.0,109.0,,,,45.08
TRENT,Mar 2017,4.69,7.4,5.49,6.91,3.83,0.25,4.67,0.82,58.0,44.0,3.0,46.88,39.0,392.0,102.0,,,,52.11
TRENT,Mar 2018,4.03,9.64,5.45,10.47,3.72,0.25,5.34,0.92,73.0,4.0,3.0,48.33,44.0,391.0,77.0,0.23,,,46.91
TRENT,Mar 2019,3.61,9.16,5.77,11.26,3.71,0.3,5.31,1.03,-16.0,37.0,3.0,49.88,45.0,494.0,21.0,2.43,,,42.88
TRENT,Mar 2020,3.04,15.17,4.44,19.68,1.92,0.13,2.57,0.63,-448.0,809.0,3.0,66.33,29.0,300.0,361.0,8.82,-3.85,-5.59,54.68
TRENT,Mar 2021,-6.98,4.4,-7.83,4.36,-3.16,0.13,1.2,0.45,303.0,18.0,-4.0,64.25,-15.0,300.0,285.0,8.99,,,31.43
TRENT,Mar 2022,0.78,13.23,1.48,8.39,0.45,2.0,2.3,0.58,114.0,56.0,3.0,65.67,57.0,4725.0,58.0,19.94,-16.26,0.0,36.31
TRENT,Mar 2023,4.78,13.52,15.18,15.78,4.88,1.72,3.56,1.02,492.0,103.0,13.0,72.11,18.0,4464.0,595.0,30.75,35.27,34.08,75.67
TRENT,Mar 2024,11.94,15.93,36.31,33.86,20.62,0.43,8.04,1.73,841.0,508.0,42.0,113.0,8.0,1753.0,1349.0,36.31,73.11,69.52,96.92
TRENT,TTM,12.04,15.67,,,,,16.91,,,,51.0,,,,,,,,100.0
TVSMOTOR,Mar 2013,2.64,5.83,22.02,22.27,5.86,1.19,5.51,2.22,344.0,120.0,4.0,,30.0,1068.0,464.0,,,,86.3
TVSMOTOR,Mar 2014,2.23,5.87,16.11,26.05,5.15,0.63,6.7,2.31,235.0,235.0,4.0,,37.0,728.0,470.0,,,,87.97
TVSMOTOR,Mar 2015,3.2,5.9,24.75,24.75,7.18,0.84,11.05,2.24,-332.0,415.0,7.0,,28.0,1119.0,83.0,,,,86.05
TVSMOTOR,Mar 2016,3.77,7.2,23.58,28.14,8.34,0.6,13.03,2.21,331.0,605.0,9.0,,28.0,1091.0,936.0,,,,99.05
TVSMOTOR,Mar 2017,4.08,6.99,22.96,24.69,8.31,0.59,17.23,2.03,-20.0,709.0,11.0,,23.0,1311.0,689.0,,,,99.14
TVSMOTOR,Mar 2018,4.07,9.61,24.83,16.35,5.04,2.59,4.86,1.24,-741.0,1095.0,14.0,,24.0,6928.0,354.0,16.82,27.42,28.47,75.94
TVSMOTOR,Mar 2019,3.6,10.73,22.86,17.35,4.34,2.93,3.3,1.21,-2022.0,1104.0,15.0,,24.0,9298.0,-918.0,19.18,31.13,30.26,69.91
TVSMOTOR,Mar 2020,3.43,12.01,19.71,15.22,3.36,3.53,2.66,0.98,-717.0,1090.0,13.0,,27.0,11591.0,373.0,12.94,14.55,13.18,70.06
TVSMOTOR,Mar 2021,3.13,11.49,15.89,13.94,2.78,3.18,2.57,0.89,269.0,882.0,13.0,,28.0,12179.0,1151.0,11.29,7.22,7.63,60.08
TVSMOTOR,Mar 2022,3.0,11.31,16.61,13.62,2.72,3.6,2.93,0.9,-3046.0,1471.0,16.0,,24.0,15827.0,-1575.0,14.34,7.51,7.78,54.22
TVSMOTOR,Mar 2023,4.09,12.59,23.78,14.44,3.74,4.06,3.04,0.91,-5713.0,1308.0,28.0,,18.0,22376.0,-4405.0,14.37,14.5,14.87,65.58
TVSMOTOR,Mar 2024,4.54,14.05,26.22,16.77,4.23,3.83,2.91,0.93,-2254.0,1001.0,36.0,,23.0,26006.0,-1253.0,14.19,19.67,19.14,68.08
TVSMOTOR,TTM,4.88,14.43,,,,,3.05,,,,42.0,,,,,,,,22.78
INDIGO,Mar 2013,8.55,90.71,17886.36,54207.79,3026.92,2.5,28.23,353.96,-149.0,1890.0,25647.0,110.0,70.0,11.0,1741.0,,,,85.71
INDIGO,Mar 2014,4.26,96.11,10772.73,58065.22,1354.29,3.18,27.34,317.63,-1319.0,2914.0,15454.0,110.0,80.0,14.0,1595.0,,,,85.71
INDIGO,Mar 2015,9.36,86.33,4939.39,39546.05,2137.7,0.15,30.47,228.28,1444.0,940.0,42481.0,660.0,83.0,4.0,2384.0,,,,100.0
INDIGO,Mar 2016,12.3,80.4,1534.78,9443.96,1013.27,0.06,25.23,82.35,1779.0,1337.0,55.0,3235.0,27.0,8.0,3116.0,,,,100.0
INDIGO,Mar 2017,8.93,88.06,1692.86,10908.0,674.39,0.53,20.75,75.53,749.0,3033.0,46.0,33.79,74.0,52.0,3782.0,,,,99.71
INDIGO,Mar 2018,9.74,86.84,2242.0,12981.17,803.58,0.54,21.12,82.51,-249.0,4152.0,58.0,34.48,10.0,54.0,3903.0,20.13,23.29,-70.43,99.73
INDIGO,Mar 2019,0.55,100.53,120.93,13201.84,41.82,0.68,21.62,76.4,634.0,2526.0,4.0,44.48,123.0,88.0,3160.0,20.72,-19.93,-80.83,83.8
INDIGO,Mar 2020,-0.69,88.62,-138.55,12475.2,-58.77,0.42,20.7,84.73,2370.0,4573.0,-6.0,61.72,0.0,75.0,6943.0,20.76,,,73.33
INDIGO,Mar 2021,-42.15,99.98,-1094.15,2554.62,-760.91,0.02,14.13,18.05,1608.0,3228.0,-151.0,117.5,0.0,9.0,-1620.0,-1.93,,,53.33
INDIGO,Mar 2022,-1.22,97.85,-48.77,3832.78,-34.46,0.02,35.0,28.19,3591.0,1527.0,-160.0,135.42,0.0,12.0,2064.0,6.89,,,62.52
INDIGO,Mar 2023,-0.58,88.02,-40.8,6074.27,-29.85,0.02,33.5,51.27,8664.0,4039.0,-8.0,161.88,0.0,12.0,12703.0,18.79,,,73.33
INDIGO,Mar 2024,11.85,76.3,892.57,5640.88,668.33,0.02,22.61,56.39,9424.0,11759.0,212.0,190.62,0.0,17.0,21183.0,19.31,120.69,121.24,100.0
INDIGO,TTM,7.94,79.2,,,,,19.97,,,,157.0,,,,,,,,100.0
