company_id,year,ratio_name,value,status,formula,source_tables,classification,formula_version,timestamp
ABB,Dec 2012,NPM,8.77,VALID,Net Profit / Sales * 100,profitandloss,AVERAGE,1.0,2026-07-19 11:42:19
ABB,Dec 2012,OPM,12.22,VALID,Operating Profit / Sales * 100,profitandloss,AVERAGE,1.0,2026-07-19 11:42:19
ABB,Dec 2012,ROE,22.41,VALID,PAT / (Equity + Reserves) * 100,profitandloss + balancesheet,EXCELLENT,1.0,2026-07-19 11:42:19
ABB,Dec 2012,ROCE,31.22,VALID,EBIT / Capital Employed * 100,profitandloss + balancesheet,EXCELLENT,1.0,2026-07-19 11:42:19
ABB,Dec 2012,ROA,15.99,VALID,PAT / Total Assets * 100,profitandloss + balancesheet,EXCELLENT,1.0,2026-07-19 11:42:19
ABB,Mar 2014,NPM,8.7,VALID,Net Profit / Sales * 100,profitandloss,AVERAGE,1.0,2026-07-19 11:42:19
ABB,Mar 2014,OPM,11.73,VALID,Operating Profit / Sales * 100,profitandloss,AVERAGE,1.0,2026-07-19 11:42:19
ABB,Mar 2014,ROE,25.13,VALID,PAT / (Equity + Reserves) * 100,profitandloss + balancesheet,EXCELLENT,1.0,2026-07-19 11:42:19
ABB,Mar 2014,ROCE,33.88,VALID,EBIT / Capital Employed * 100,profitandloss + balancesheet,EXCELLENT,1.0,2026-07-19 11:42:19
ABB,Mar 2014,ROA,17.38,VALID,PAT / Total Assets * 100,profitandloss + balancesheet,EXCELLENT,1.0,2026-07-19 11:42:19
ABB,Mar 2015,NPM,10.0,VALID,Net Profit / Sales * 100,profitandloss,GOOD,1.0,2026-07-19 11:42:19
ABB,Mar 2015,OPM,13.63,VALID,Operating Profit / Sales * 100,profitandloss,AVERAGE,1.0,2026-07-19 11:42:19
ABB,Mar 2015,ROE,24.44,VALID,PAT / (Equity + Reserves) * 100,profitandloss + balancesheet,EXCELLENT,1.0,2026-07-19 11:42:19
ABB,Mar 2015,ROCE,33.3,VALID,EBIT / Capital Employed * 100,profitandloss + balancesheet,EXCELLENT,1.0,2026-07-19 11:42:19
ABB,Mar 2015,ROA,16.67,VALID,PAT / Total Assets * 100,profitandloss + balancesheet,EXCELLENT,1.0,2026-07-19 11:42:19
ABB,Mar 2016,NPM,9.76,VALID,Net Profit / Sales * 100,profitandloss,AVERAGE,1.0,2026-07-19 11:42:19
ABB,Mar 2016,OPM,13.96,VALID,Operating Profit / Sales * 100,profitandloss,AVERAGE,1.0,2026-07-19 11:42:19
ABB,Mar 2016,ROE,21.34,VALID,PAT / (Equity + Reserves) * 100,profitandloss + balancesheet,EXCELLENT,1.0,2026-07-19 11:42:19
ABB,Mar 2016,ROCE,30.54,VALID,EBIT / Capital Employed * 100,profitandloss + balancesheet,EXCELLENT,1.0,2026-07-19 11:42:19
ABB,Mar 2016,ROA,15.78,VALID,PAT / Total Assets * 100,profitandloss + balancesheet,EXCELLENT,1.0,2026-07-19 11:42:19
ABB,Mar 2017,NPM,9.54,VALID,Net Profit / Sales * 100,profitandloss,AVERAGE,1.0,2026-07-19 11:42:19
ABB,Mar 2017,OPM,13.71,VALID,Operating Profit / Sales * 100,profitandloss,AVERAGE,1.0,2026-07-19 11:42:19
ABB,Mar 2017,ROE,19.97,VALID,PAT / (Equity + Reserves) * 100,profitandloss + balancesheet,GOOD,1.0,2026-07-19 11:42:19
ABB,Mar 2017,ROCE,28.7,VALID,EBIT / Capital Employed * 100,profitandloss + balancesheet,EXCELLENT,1.0,2026-07-19 11:42:19
ABB,Mar 2017,ROA,13.41,VALID,PAT / Total Assets * 100,profitandloss + balancesheet,GOOD,1.0,2026-07-19 11:42:19
ABB,Mar 2018,NPM,12.16,VALID,Net Profit / Sales * 100,profitandloss,GOOD,1.0,2026-07-19 11:42:19
ABB,Mar 2018,OPM,15.92,VALID,Operating Profit / Sales * 100,profitandloss,GOOD,1.0,2026-07-19 11:42:19
ABB,Mar 2018,ROE,23.69,VALID,PAT / (Equity + Reserves) * 100,profitandloss + balancesheet,EXCELLENT,1.0,2026-07-19 11:42:19
ABB,Mar 2018,ROCE,31.01,VALID,EBIT / Capital Employed * 100,profitandloss + balancesheet,EXCELLENT,1.0,2026-07-19 11:42:19
ABB,Mar 2018,ROA,16.6,VALID,PAT / Total Assets * 100,profitandloss + balancesheet,EXCELLENT,1.0,2026-07-19 11:42:19
ABB,Mar 2019,NPM,12.23,VALID,Net Profit / Sales * 100,profitandloss,GOOD,1.0,2026-07-19 11:42:19
ABB,Mar 2019,OPM,16.44,VALID,Operating Profit / Sales * 100,profitandloss,GOOD,1.0,2026-07-19 11:42:19
ABB,Mar 2019,ROE,22.41,VALID,PAT / (Equity + Reserves) * 100,profitandloss + balancesheet,EXCELLENT,1.0,2026-07-19 11:42:19
ABB,Mar 2019,ROCE,30.13,VALID,EBIT / Capital Employed * 100,profitandloss + balancesheet,EXCELLENT,1.0,2026-07-19 11:42:19
ABB,Mar 2019,ROA,15.3,VALID,PAT / Total Assets * 100,profitandloss + balancesheet,EXCELLENT,1.0,2026-07-19 11:42:19
ABB,Mar 2020,NPM,14.49,VALID,Net Profit / Sales * 100,profitandloss,GOOD,1.0,2026-07-19 11:42:19
ABB,Mar 2020,OPM,18.49,VALID,Operating Profit / Sales * 100,profitandloss,GOOD,1.0,2026-07-19 11:42:19
ABB,Mar 2020,ROE,24.39,VALID,PAT / (Equity + Reserves) * 100,profitandloss + balancesheet,EXCELLENT,1.0,2026-07-19 11:42:19
ABB,Mar 2020,ROCE,29.05,VALID,EBIT / Capital Employed * 100,profitandloss + balancesheet,EXCELLENT,1.0,2026-07-19 11:42:19
ABB,Mar 2020,ROA,16.72,VALID,PAT / Total Assets * 100,profitandloss + balancesheet,EXCELLENT,1.0,2026-07-19 11:42:19
ABB,Mar 2021,NPM,16.03,VALID,Net Profit / Sales * 100,profitandloss,EXCELLENT,1.0,2026-07-19 11:42:19
ABB,Mar 2021,OPM,21.39,VALID,Operating Profit / Sales * 100,profitandloss,GOOD,1.0,2026-07-19 11:42:19
ABB,Mar 2021,ROE,26.56,VALID,PAT / (Equity + Reserves) * 100,profitandloss + balancesheet,EXCELLENT,1.0,2026-07-19 11:42:19
ABB,Mar 2021,ROCE,33.47,VALID,EBIT / Capital Employed * 100,profitandloss + balancesheet,EXCELLENT,1.0,2026-07-19 11:42:19
ABB,Mar 2021,ROA,17.99,VALID,PAT / Total Assets * 100,profitandloss + balancesheet,EXCELLENT,1.0,2026-07-19 11:42:19
ABB,Mar 2022,NPM,16.26,VALID,Net Profit / Sales * 100,profitandloss,EXCELLENT,1.0,2026-07-19 11:42:19
ABB,Mar 2022,OPM,22.02,VALID,Operating Profit / Sales * 100,profitandloss,GOOD,1.0,2026-07-19 11:42:19
ABB,Mar 2022,ROE,28.33,VALID,PAT / (Equity + Reserves) * 100,profitandloss + balancesheet,EXCELLENT,1.0,2026-07-19 11:42:19
ABB,Mar 2022,ROCE,36.41,VALID,EBIT / Capital Employed * 100,profitandloss + balancesheet,EXCELLENT,1.0,2026-07-19 11:42:19
ABB,Mar 2022,ROA,18.92,VALID,PAT / Total Assets * 100,profitandloss + balancesheet,EXCELLENT,1.0,2026-07-19 11:42:19
ABB,Mar 2023,NPM,17.74,VALID,Net Profit / Sales * 100,profitandloss,EXCELLENT,1.0,2026-07-19 11:42:19
ABB,Mar 2023,OPM,22.55,VALID,Operating Profit / Sales * 100,profitandloss,GOOD,1.0,2026-07-19 11:42:19
ABB,Mar 2023,ROE,29.77,VALID,PAT / (Equity + Reserves) * 100,profitandloss + balancesheet,EXCELLENT,1.0,2026-07-19 11:42:19
ABB,Mar 2023,ROCE,36.53,VALID,EBIT / Capital Employed * 100,profitandloss + balancesheet,EXCELLENT,1.0,2026-07-19 11:42:19
ABB,Mar 2023,ROA,20.83,VALID,PAT / Total Assets * 100,profitandloss + balancesheet,EXCELLENT,1.0,2026-07-19 11:42:19
ABB,Mar 2024,NPM,20.53,VALID,Net Profit / Sales * 100,profitandloss,EXCELLENT,1.0,2026-07-19 11:42:19
ABB,Mar 2024,OPM,24.84,VALID,Operating Profit / Sales * 100,profitandloss,GOOD,1.0,2026-07-19 11:42:19
ABB,Mar 2024,ROE,32.47,VALID,PAT / (Equity + Reserves) * 100,profitandloss + balancesheet,EXCELLENT,1.0,2026-07-19 11:42:19
ABB,Mar 2024,ROCE,38.42,VALID,EBIT / Capital Employed * 100,profitandloss + balancesheet,EXCELLENT,1.0,2026-07-19 11:42:19
ABB,Mar 2024,ROA,23.13,VALID,PAT / Total Assets * 100,profitandloss + balancesheet,EXCELLENT,1.0,2026-07-19 11:42:19
ADANIENSOL,Mar 2014,NPM,,NON_POSITIVE_SALES,Net Profit / Sales * 100,profitandloss,N/A,1.0,2026-07-19 11:42:19
ADANIENSOL,Mar 2014,OPM,,NON_POSITIVE_SALES,Operating Profit / Sales * 100,profitandloss,N/A,1.0,2026-07-19 11:42:19
ADANIENSOL,Mar 2014,ROE,0.0,VALID,PAT / (Equity + Reserves) * 100,profitandloss + balancesheet,WEAK,1.0,2026-07-19 11:42:19
ADANIENSOL,Mar 2014,ROCE,0.0,VALID,EBIT / Capital Employed * 100,profitandloss + balancesheet,WEAK,1.0,2026-07-19 11:42:19
ADANIENSOL,Mar 2014,ROA,,NON_POSITIVE_ASSETS,PAT / Total Assets * 100,profitandloss + balancesheet,N/A,1.0,2026-07-19 11:42:19
ADANIENSOL,Mar 2015,NPM,-5.34,VALID,Net Profit / Sales * 100,profitandloss,WEAK,1.0,2026-07-19 11:42:19
ADANIENSOL,Mar 2015,OPM,77.1,VALID,Operating Profit / Sales * 100,profitandloss,EXCELLENT,1.0,2026-07-19 11:42:19
ADANIENSOL,Mar 2015,ROE,-0.65,VALID,PAT / (Equity + Reserves) * 100,profitandloss + balancesheet,WEAK,1.0,2026-07-19 11:42:19
ADANIENSOL,Mar 2015,ROCE,0.94,VALID,EBIT / Capital Employed * 100,profitandloss + balancesheet,WEAK,1.0,2026-07-19 11:42:19
ADANIENSOL,Mar 2015,ROA,-0.06,VALID,PAT / Total Assets * 100,profitandloss + balancesheet,WEAK,1.0,2026-07-19 11:42:19
ADANIENSOL,Mar 2016,NPM,16.77,VALID,Net Profit / Sales * 100,profitandloss,EXCELLENT,1.0,2026-07-19 11:42:19
ADANIENSOL,Mar 2016,OPM,87.83,VALID,Operating Profit / Sales * 100,profitandloss,EXCELLENT,1.0,2026-07-19 11:42:19
ADANIENSOL,Mar 2016,ROE,13.77,VALID,PAT / (Equity + Reserves) * 100,profitandloss + balancesheet,AVERAGE,1.0,2026-07-19 11:42:19
ADANIENSOL,Mar 2016,ROCE,17.12,VALID,EBIT / Capital Employed * 100,profitandloss + balancesheet,GOOD,1.0,2026-07-19 11:42:19
ADANIENSOL,Mar 2016,ROA,3.13,VALID,PAT / Total Assets * 100,profitandloss + balancesheet,WEAK,1.0,2026-07-19 11:42:19
ADANIENSOL,Mar 2017,NPM,14.46,VALID,Net Profit / Sales * 100,profitandloss,GOOD,1.0,2026-07-19 11:42:19
ADANIENSOL,Mar 2017,OPM,68.95,VALID,Operating Profit / Sales * 100,profitandloss,EXCELLENT,1.0,2026-07-19 11:42:19
ADANIENSOL,Mar 2017,ROE,14.12,VALID,PAT / (Equity + Reserves) * 100,profitandloss + balancesheet,AVERAGE,1.0,2026-07-19 11:42:19
ADANIENSOL,Mar 2017,ROCE,16.63,VALID,EBIT / Capital Employed * 100,profitandloss + balancesheet,GOOD,1.0,2026-07-19 11:42:19
ADANIENSOL,Mar 2017,ROA,3.25,VALID,PAT / Total Assets * 100,profitandloss + balancesheet,WEAK,1.0,2026-07-19 11:42:19
ADANIENSOL,Mar 2018,NPM,28.98,VALID,Net Profit / Sales * 100,profitandloss,EXCELLENT,1.0,2026-07-19 11:42:19
ADANIENSOL,Mar 2018,OPM,71.65,VALID,Operating Profit / Sales * 100,profitandloss,EXCELLENT,1.0,2026-07-19 11:42:19
ADANIENSOL,Mar 2018,ROE,18.87,VALID,PAT / (Equity + Reserves) * 100,profitandloss + balancesheet,GOOD,1.0,2026-07-19 11:42:19
ADANIENSOL,Mar 2018,ROCE,17.14,VALID,EBIT / Capital Employed * 100,profitandloss + balancesheet,GOOD,1.0,2026-07-19 11:42:19
ADANIENSOL,Mar 2018,ROA,6.62,VALID,PAT / Total Assets * 100,profitandloss + balancesheet,AVERAGE,1.0,2026-07-19 11:42:19
ADANIENSOL,Mar 2019,NPM,7.65,VALID,Net Profit / Sales * 100,profitandloss,AVERAGE,1.0,2026-07-19 11:42:19
ADANIENSOL,Mar 2019,OPM,38.03,VALID,Operating Profit / Sales * 100,profitandloss,EXCELLENT,1.0,2026-07-19 11:42:19
ADANIENSOL,Mar 2019,ROE,6.95,VALID,PAT / (Equity + Reserves) * 100,profitandloss + balancesheet,WEAK,1.0,2026-07-19 11:42:19
ADANIENSOL,Mar 2019,ROCE,9.86,VALID,EBIT / Capital Employed * 100,profitandloss + balancesheet,WEAK,1.0,2026-07-19 11:42:19
ADANIENSOL,Mar 2019,ROA,1.72,VALID,PAT / Total Assets * 100,profitandloss + balancesheet,WEAK,1.0,2026-07-19 11:42:19
ADANIENSOL,Mar 2020,NPM,6.18,VALID,Net Profit / Sales * 100,profitandloss,AVERAGE,1.0,2026-07-19 11:42:19
ADANIENSOL,Mar 2020,OPM,37.3,VALID,Operating Profit / Sales * 100,profitandloss,EXCELLENT,1.0,2026-07-19 11:42:19
ADANIENSOL,Mar 2020,ROE,8.31,VALID,PAT / (Equity + Reserves) * 100,profitandloss + balancesheet,WEAK,1.0,2026-07-19 11:42:19
ADANIENSOL,Mar 2020,ROCE,13.0,VALID,EBIT / Capital Employed * 100,profitandloss + balancesheet,AVERAGE,1.0,2026-07-19 11:42:19
ADANIENSOL,Mar 2020,ROA,1.78,VALID,PAT / Total Assets * 100,profitandloss + balancesheet,WEAK,1.0,2026-07-19 11:42:19
ADANIENSOL,Mar 2021,NPM,13.0,VALID,Net Profit / Sales * 100,profitandloss,GOOD,1.0,2026-07-19 11:42:19
ADANIENSOL,Mar 2021,OPM,39.79,VALID,Operating Profit / Sales * 100,profitandloss,EXCELLENT,1.0,2026-07-19 11:42:19
ADANIENSOL,Mar 2021,ROE,14.46,VALID,PAT / (Equity + Reserves) * 100,profitandloss + balancesheet,AVERAGE,1.0,2026-07-19 11:42:19
ADANIENSOL,Mar 2021,ROCE,10.97,VALID,EBIT / Capital Employed * 100,profitandloss + balancesheet,AVERAGE,1.0,2026-07-19 11:42:19
ADANIENSOL,Mar 2021,ROA,2.98,VALID,PAT / Total Assets * 100,profitandloss + balancesheet,WEAK,1.0,2026-07-19 11:42:19
ADANIENSOL,Mar 2022,NPM,10.98,VALID,Net Profit / Sales * 100,profitandloss,GOOD,1.0,2026-07-19 11:42:19
ADANIENSOL,Mar 2022,OPM,37.36,VALID,Operating Profit / Sales * 100,profitandloss,EXCELLENT,1.0,2026-07-19 11:42:19
ADANIENSOL,Mar 2022,ROE,12.47,VALID,PAT / (Equity + Reserves) * 100,profitandloss + balancesheet,AVERAGE,1.0,2026-07-19 11:42:19
ADANIENSOL,Mar 2022,ROCE,10.56,VALID,EBIT / Capital Employed * 100,profitandloss + balancesheet,AVERAGE,1.0,2026-07-19 11:42:19
ADANIENSOL,Mar 2022,ROA,2.6,VALID,PAT / Total Assets * 100,profitandloss + balancesheet,WEAK,1.0,2026-07-19 11:42:19
ADANIENSOL,Mar 2023,NPM,9.64,VALID,Net Profit / Sales * 100,profitandloss,AVERAGE,1.0,2026-07-19 11:42:19
ADANIENSOL,Mar 2023,OPM,33.99,VALID,Operating Profit / Sales * 100,profitandloss,EXCELLENT,1.0,2026-07-19 11:42:19
ADANIENSOL,Mar 2023,ROE,10.9,VALID,PAT / (Equity + Reserves) * 100,profitandloss + balancesheet,AVERAGE,1.0,2026-07-19 11:42:19
ADANIENSOL,Mar 2023,ROCE,9.82,VALID,EBIT / Capital Employed * 100,profitandloss + balancesheet,WEAK,1.0,2026-07-19 11:42:19
ADANIENSOL,Mar 2023,ROA,2.38,VALID,PAT / Total Assets * 100,profitandloss + balancesheet,WEAK,1.0,2026-07-19 11:42:19
ADANIENSOL,Mar 2024,NPM,7.2,VALID,Net Profit / Sales * 100,profitandloss,AVERAGE,1.0,2026-07-19 11:42:19
ADANIENSOL,Mar 2024,OPM,34.39,OPM_MISMATCH,Operating Profit / Sales * 100,profitandloss,EXCELLENT,1.0,2026-07-19 11:42:19
ADANIENSOL,Mar 2024,ROE,9.46,VALID,PAT / (Equity + Reserves) * 100,profitandloss + balancesheet,WEAK,1.0,2026-07-19 11:42:19
ADANIENSOL,Mar 2024,ROCE,11.49,VALID,EBIT / Capital Employed * 100,profitandloss + balancesheet,AVERAGE,1.0,2026-07-19 11:42:19
ADANIENSOL,Mar 2024,ROA,2.04,VALID,PAT / Total Assets * 100,profitandloss + balancesheet,WEAK,1.0,2026-07-19 11:42:19
ADANIENT,Mar 2013,NPM,2.63,VALID,Net Profit / Sales * 100,profitandloss,WEAK,1.0,2026-07-19 11:42:19
ADANIENT,Mar 2013,OPM,12.98,VALID,Operating Profit / Sales * 100,profitandloss,AVERAGE,1.0,2026-07-19 11:42:19
ADANIENT,Mar 2013,ROE,5.69,VALID,PAT / (Equity + Reserves) * 100,profitandloss + balancesheet,WEAK,1.0,2026-07-19 11:42:19
ADANIENT,Mar 2013,ROCE,6.64,VALID,EBIT / Capital Employed * 100,profitandloss + balancesheet,WEAK,1.0,2026-07-19 11:42:19
ADANIENT,Mar 2013,ROA,1.09,VALID,PAT / Total Assets * 100,profitandloss + balancesheet,WEAK,1.0,2026-07-19 11:42:19
ADANIENT,Mar 2014,NPM,4.82,VALID,Net Profit / Sales * 100,profitandloss,WEAK,1.0,2026-07-19 11:42:19
ADANIENT,Mar 2014,OPM,17.08,VALID,Operating Profit / Sales * 100,profitandloss,GOOD,1.0,2026-07-19 11:42:19
ADANIENT,Mar 2014,ROE,11.14,VALID,PAT / (Equity + Reserves) * 100,profitandloss + balancesheet,AVERAGE,1.0,2026-07-19 11:42:19
ADANIENT,Mar 2014,ROCE,9.8,VALID,EBIT / Capital Employed * 100,profitandloss + balancesheet,WEAK,1.0,2026-07-19 11:42:19
ADANIENT,Mar 2014,ROA,2.24,VALID,PAT / Total Assets * 100,profitandloss + balancesheet,WEAK,1.0,2026-07-19 11:42:19
ADANIENT,Mar 2015,NPM,3.56,VALID,Net Profit / Sales * 100,profitandloss,WEAK,1.0,2026-07-19 11:42:19
ADANIENT,Mar 2015,OPM,19.31,VALID,Operating Profit / Sales * 100,profitandloss,GOOD,1.0,2026-07-19 11:42:19
ADANIENT,Mar 2015,ROE,8.93,VALID,PAT / (Equity + Reserves) * 100,profitandloss + balancesheet,WEAK,1.0,2026-07-19 11:42:19
ADANIENT,Mar 2015,ROCE,11.39,VALID,EBIT / Capital Employed * 100,profitandloss + balancesheet,AVERAGE,1.0,2026-07-19 11:42:19
ADANIENT,Mar 2015,ROA,1.76,VALID,PAT / Total Assets * 100,profitandloss + balancesheet,WEAK,1.0,2026-07-19 11:42:19
ADANIENT,Mar 2016,NPM,2.94,VALID,Net Profit / Sales * 100,profitandloss,WEAK,1.0,2026-07-19 11:42:19
ADANIENT,Mar 2016,OPM,4.95,VALID,Operating Profit / Sales * 100,profitandloss,WEAK,1.0,2026-07-19 11:42:19
ADANIENT,Mar 2016,ROE,7.47,VALID,PAT / (Equity + Reserves) * 100,profitandloss + balancesheet,WEAK,1.0,2026-07-19 11:42:19
ADANIENT,Mar 2016,ROCE,5.17,VALID,EBIT / Capital Employed * 100,profitandloss + balancesheet,WEAK,1.0,2026-07-19 11:42:19
ADANIENT,Mar 2016,ROA,2.4,VALID,PAT / Total Assets * 100,profitandloss + balancesheet,WEAK,1.0,2026-07-19 11:42:19
ADANIENT,Mar 2017,NPM,2.53,VALID,Net Profit / Sales * 100,profitandloss,WEAK,1.0,2026-07-19 11:42:19
ADANIENT,Mar 2017,OPM,5.21,VALID,Operating Profit / Sales * 100,profitandloss,WEAK,1.0,2026-07-19 11:42:19
ADANIENT,Mar 2017,ROE,6.54,VALID,PAT / (Equity + Reserves) * 100,profitandloss + balancesheet,WEAK,1.0,2026-07-19 11:42:19
ADANIENT,Mar 2017,ROCE,5.44,VALID,EBIT / Capital Employed * 100,profitandloss + balancesheet,WEAK,1.0,2026-07-19 11:42:19
ADANIENT,Mar 2017,ROA,1.94,VALID,PAT / Total Assets * 100,profitandloss + balancesheet,WEAK,1.0,2026-07-19 11:42:19
ADANIENT,Mar 2018,NPM,1.65,VALID,Net Profit / Sales * 100,profitandloss,WEAK,1.0,2026-07-19 11:42:19
ADANIENT,Mar 2018,OPM,5.67,VALID,Operating Profit / Sales * 100,profitandloss,WEAK,1.0,2026-07-19 11:42:19
ADANIENT,Mar 2018,ROE,3.94,VALID,PAT / (Equity + Reserves) * 100,profitandloss + balancesheet,WEAK,1.0,2026-07-19 11:42:19
ADANIENT,Mar 2018,ROCE,6.23,VALID,EBIT / Capital Employed * 100,profitandloss + balancesheet,WEAK,1.0,2026-07-19 11:42:19
ADANIENT,Mar 2018,ROA,1.05,VALID,PAT / Total Assets * 100,profitandloss + balancesheet,WEAK,1.0,2026-07-19 11:42:19
ADANIENT,Mar 2019,NPM,1.25,VALID,Net Profit / Sales * 100,profitandloss,WEAK,1.0,2026-07-19 11:42:19
ADANIENT,Mar 2019,OPM,4.88,VALID,Operating Profit / Sales * 100,profitandloss,WEAK,1.0,2026-07-19 11:42:19
ADANIENT,Mar 2019,ROE,3.43,VALID,PAT / (Equity + Reserves) * 100,profitandloss + balancesheet,WEAK,1.0,2026-07-19 11:42:19
ADANIENT,Mar 2019,ROCE,7.57,VALID,EBIT / Capital Employed * 100,profitandloss + balancesheet,WEAK,1.0,2026-07-19 11:42:19
ADANIENT,Mar 2019,ROA,1.19,VALID,PAT / Total Assets * 100,profitandloss + balancesheet,WEAK,1.0,2026-07-19 11:42:19
ADANIENT,Mar 2020,NPM,2.4,VALID,Net Profit / Sales * 100,profitandloss,WEAK,1.0,2026-07-19 11:42:19
ADANIENT,Mar 2020,OPM,5.29,VALID,Operating Profit / Sales * 100,profitandloss,WEAK,1.0,2026-07-19 11:42:19
ADANIENT,Mar 2020,ROE,6.14,VALID,PAT / (Equity + Reserves) * 100,profitandloss + balancesheet,WEAK,1.0,2026-07-19 11:42:19
ADANIENT,Mar 2020,ROCE,7.81,VALID,EBIT / Capital Employed * 100,profitandloss + balancesheet,WEAK,1.0,2026-07-19 11:42:19
ADANIENT,Mar 2020,ROA,2.22,VALID,PAT / Total Assets * 100,profitandloss + balancesheet,WEAK,1.0,2026-07-19 11:42:19
ADANIENT,Mar 2021,NPM,2.65,VALID,Net Profit / Sales * 100,profitandloss,WEAK,1.0,2026-07-19 11:42:19
ADANIENT,Mar 2021,OPM,6.34,VALID,Operating Profit / Sales * 100,profitandloss,WEAK,1.0,2026-07-19 11:42:19
ADANIENT,Mar 2021,ROE,6.1,VALID,PAT / (Equity + Reserves) * 100,profitandloss + balancesheet,WEAK,1.0,2026-07-19 11:42:19
ADANIENT,Mar 2021,ROCE,7.51,VALID,EBIT / Capital Employed * 100,profitandloss + balancesheet,WEAK,1.0,2026-07-19 11:42:19
ADANIENT,Mar 2021,ROA,2.03,VALID,PAT / Total Assets * 100,profitandloss + balancesheet,WEAK,1.0,2026-07-19 11:42:19
ADANIENT,Mar 2022,NPM,1.14,VALID,Net Profit / Sales * 100,profitandloss,WEAK,1.0,2026-07-19 11:42:19
ADANIENT,Mar 2022,OPM,5.35,VALID,Operating Profit / Sales * 100,profitandloss,WEAK,1.0,2026-07-19 11:42:19
ADANIENT,Mar 2022,ROE,3.54,VALID,PAT / (Equity + Reserves) * 100,profitandloss + balancesheet,WEAK,1.0,2026-07-19 11:42:19
ADANIENT,Mar 2022,ROCE,5.82,VALID,EBIT / Capital Employed * 100,profitandloss + balancesheet,WEAK,1.0,2026-07-19 11:42:19
ADANIENT,Mar 2022,ROA,0.78,VALID,PAT / Total Assets * 100,profitandloss + balancesheet,WEAK,1.0,2026-07-19 11:42:19
ADANIENT,Mar 2023,NPM,1.9,VALID,Net Profit / Sales * 100,profitandloss,WEAK,1.0,2026-07-19 11:42:19
ADANIENT,Mar 2023,OPM,6.91,VALID,Operating Profit / Sales * 100,profitandloss,WEAK,1.0,2026-07-19 11:42:19
ADANIENT,Mar 2023,ROE,7.33,VALID,PAT / (Equity + Reserves) * 100,profitandloss + balancesheet,WEAK,1.0,2026-07-19 11:42:19
ADANIENT,Mar 2023,ROCE,10.22,VALID,EBIT / Capital Employed * 100,profitandloss + balancesheet,AVERAGE,1.0,2026-07-19 11:42:19
ADANIENT,Mar 2023,ROA,1.71,VALID,PAT / Total Assets * 100,profitandloss + balancesheet,WEAK,1.0,2026-07-19 11:42:19
ADANIENT,Mar 2024,NPM,3.46,VALID,Net Profit / Sales * 100,profitandloss,WEAK,1.0,2026-07-19 11:42:19
ADANIENT,Mar 2024,OPM,11.8,VALID,Operating Profit / Sales * 100,profitandloss,AVERAGE,1.0,2026-07-19 11:42:19
ADANIENT,Mar 2024,ROE,8.53,VALID,PAT / (Equity + Reserves) * 100,profitandloss + balancesheet,WEAK,1.0,2026-07-19 11:42:19
ADANIENT,Mar 2024,ROCE,10.9,VALID,EBIT / Capital Employed * 100,profitandloss + balancesheet,AVERAGE,1.0,2026-07-19 11:42:19
ADANIENT,Mar 2024,ROA,2.08,VALID,PAT / Total Assets * 100,profitandloss + balancesheet,WEAK,1.0,2026-07-19 11:42:19
ADANIGREEN,Mar 2017,NPM,-9.36,VALID,Net Profit / Sales * 100,profitandloss,WEAK,1.0,2026-07-19 11:42:19
ADANIGREEN,Mar 2017,OPM,80.28,VALID,Operating Profit / Sales * 100,profitandloss,EXCELLENT,1.0,2026-07-19 11:42:19
ADANIGREEN,Mar 2017,ROE,-3.91,VALID,PAT / (Equity + Reserves) * 100,profitandloss + balancesheet,WEAK,1.0,2026-07-19 11:42:19
ADANIGREEN,Mar 2017,ROCE,7.26,VALID,EBIT / Capital Employed * 100,profitandloss + balancesheet,WEAK,1.0,2026-07-19 11:42:19
ADANIGREEN,Mar 2017,ROA,-0.76,VALID,PAT / Total Assets * 100,profitandloss + balancesheet,WEAK,1.0,2026-07-19 11:42:19
ADANIGREEN,Mar 2018,NPM,-9.32,VALID,Net Profit / Sales * 100,profitandloss,WEAK,1.0,2026-07-19 11:42:19
ADANIGREEN,Mar 2018,OPM,56.96,VALID,Operating Profit / Sales * 100,profitandloss,EXCELLENT,1.0,2026-07-19 11:42:19
ADANIGREEN,Mar 2018,ROE,-10.29,VALID,PAT / (Equity + Reserves) * 100,profitandloss + balancesheet,WEAK,1.0,2026-07-19 11:42:19
ADANIGREEN,Mar 2018,ROCE,7.52,VALID,EBIT / Capital Employed * 100,profitandloss + balancesheet,WEAK,1.0,2026-07-19 11:42:19
ADANIGREEN,Mar 2018,ROA,-0.88,VALID,PAT / Total Assets * 100,profitandloss + balancesheet,WEAK,1.0,2026-07-19 11:42:19
ADANIGREEN,Mar 2019,NPM,-23.08,VALID,Net Profit / Sales * 100,profitandloss,WEAK,1.0,2026-07-19 11:42:19
ADANIGREEN,Mar 2019,OPM,74.15,VALID,Operating Profit / Sales * 100,profitandloss,EXCELLENT,1.0,2026-07-19 11:42:19
ADANIGREEN,Mar 2019,ROE,-24.57,VALID,PAT / (Equity + Reserves) * 100,profitandloss + balancesheet,WEAK,1.0,2026-07-19 11:42:19
ADANIGREEN,Mar 2019,ROCE,11.67,VALID,EBIT / Capital Employed * 100,profitandloss + balancesheet,AVERAGE,1.0,2026-07-19 11:42:19
ADANIGREEN,Mar 2019,ROA,-3.24,VALID,PAT / Total Assets * 100,profitandloss + balancesheet,WEAK,1.0,2026-07-19 11:42:19
ADANIGREEN,Mar 2020,NPM,-2.67,VALID,Net Profit / Sales * 100,profitandloss,WEAK,1.0,2026-07-19 11:42:19
ADANIGREEN,Mar 2020,OPM,56.89,VALID,Operating Profit / Sales * 100,profitandloss,EXCELLENT,1.0,2026-07-19 11:42:19
ADANIGREEN,Mar 2020,ROE,-2.89,VALID,PAT / (Equity + Reserves) * 100,profitandloss + balancesheet,WEAK,1.0,2026-07-19 11:42:19
ADANIGREEN,Mar 2020,ROCE,8.42,VALID,EBIT / Capital Employed * 100,profitandloss + balancesheet,WEAK,1.0,2026-07-19 11:42:19
ADANIGREEN,Mar 2020,ROA,-0.37,VALID,PAT / Total Assets * 100,profitandloss + balancesheet,WEAK,1.0,2026-07-19 11:42:19
ADANIGREEN,Mar 2021,NPM,5.83,VALID,Net Profit / Sales * 100,profitandloss,AVERAGE,1.0,2026-07-19 11:42:19
ADANIGREEN,Mar 2021,OPM,71.73,VALID,Operating Profit / Sales * 100,profitandloss,EXCELLENT,1.0,2026-07-19 11:42:19
ADANIGREEN,Mar 2021,ROE,8.27,VALID,PAT / (Equity + Reserves) * 100,profitandloss + balancesheet,WEAK,1.0,2026-07-19 11:42:19
ADANIGREEN,Mar 2021,ROCE,8.49,VALID,EBIT / Capital Employed * 100,profitandloss + balancesheet,WEAK,1.0,2026-07-19 11:42:19
ADANIGREEN,Mar 2021,ROA,0.63,VALID,PAT / Total Assets * 100,profitandloss + balancesheet,WEAK,1.0,2026-07-19 11:42:19
ADANIGREEN,Mar 2022,NPM,9.53,VALID,Net Profit / Sales * 100,profitandloss,AVERAGE,1.0,2026-07-19 11:42:19
ADANIGREEN,Mar 2022,OPM,68.42,VALID,Operating Profit / Sales * 100,profitandloss,EXCELLENT,1.0,2026-07-19 11:42:19
ADANIGREEN,Mar 2022,ROE,18.71,VALID,PAT / (Equity + Reserves) * 100,profitandloss + balancesheet,GOOD,1.0,2026-07-19 11:42:19
ADANIGREEN,Mar 2022,ROCE,6.33,VALID,EBIT / Capital Employed * 100,profitandloss + balancesheet,WEAK,1.0,2026-07-19 11:42:19
ADANIGREEN,Mar 2022,ROA,0.83,VALID,PAT / Total Assets * 100,profitandloss + balancesheet,WEAK,1.0,2026-07-19 11:42:19
ADANIGREEN,Mar 2023,NPM,12.51,VALID,Net Profit / Sales * 100,profitandloss,GOOD,1.0,2026-07-19 11:42:19
ADANIGREEN,Mar 2023,OPM,63.91,VALID,Operating Profit / Sales * 100,profitandloss,EXCELLENT,1.0,2026-07-19 11:42:19
ADANIGREEN,Mar 2023,ROE,13.32,VALID,PAT / (Equity + Reserves) * 100,profitandloss + balancesheet,AVERAGE,1.0,2026-07-19 11:42:19
ADANIGREEN,Mar 2023,ROCE,8.08,VALID,EBIT / Capital Employed * 100,profitandloss + balancesheet,WEAK,1.0,2026-07-19 11:42:19
ADANIGREEN,Mar 2023,ROA,1.45,VALID,PAT / Total Assets * 100,profitandloss + balancesheet,WEAK,1.0,2026-07-19 11:42:19
ADANIGREEN,Mar 2024,NPM,13.67,VALID,Net Profit / Sales * 100,profitandloss,GOOD,1.0,2026-07-19 11:42:19
ADANIGREEN,Mar 2024,OPM,79.37,VALID,Operating Profit / Sales * 100,profitandloss,EXCELLENT,1.0,2026-07-19 11:42:19
ADANIGREEN,Mar 2024,ROE,12.81,VALID,PAT / (Equity + Reserves) * 100,profitandloss + balancesheet,AVERAGE,1.0,2026-07-19 11:42:19
ADANIGREEN,Mar 2024,ROCE,9.8,VALID,EBIT / Capital Employed * 100,profitandloss + balancesheet,WEAK,1.0,2026-07-19 11:42:19
ADANIGREEN,Mar 2024,ROA,1.43,VALID,PAT / Total Assets * 100,profitandloss + balancesheet,WEAK,1.0,2026-07-19 11:42:19
ADANIPORTS,Mar 2013,NPM,45.82,VALID,Net Profit / Sales * 100,profitandloss,EXCELLENT,1.0,2026-07-19 11:42:19
ADANIPORTS,Mar 2013,OPM,66.59,VALID,Operating Profit / Sales * 100,profitandloss,EXCELLENT,1.0,2026-07-19 11:42:19
ADANIPORTS,Mar 2013,ROE,25.63,VALID,PAT / (Equity + Reserves) * 100,profitandloss + balancesheet,EXCELLENT,1.0,2026-07-19 11:42:19
ADANIPORTS,Mar 2013,ROCE,13.22,VALID,EBIT / Capital Employed * 100,profitandloss + balancesheet,AVERAGE,1.0,2026-07-19 11:42:19
ADANIPORTS,Mar 2013,ROA,7.79,VALID,PAT / Total Assets * 100,profitandloss + balancesheet,AVERAGE,1.0,2026-07-19 11:42:19
ADANIPORTS,Mar 2014,NPM,36.05,VALID,Net Profit / Sales * 100,profitandloss,EXCELLENT,1.0,2026-07-19 11:42:19
ADANIPORTS,Mar 2014,OPM,60.43,VALID,Operating Profit / Sales * 100,profitandloss,EXCELLENT,1.0,2026-07-19 11:42:19
ADANIPORTS,Mar 2014,ROE,19.86,VALID,PAT / (Equity + Reserves) * 100,profitandloss + balancesheet,GOOD,1.0,2026-07-19 11:42:19
ADANIPORTS,Mar 2014,ROCE,13.42,VALID,EBIT / Capital Employed * 100,profitandloss + balancesheet,AVERAGE,1.0,2026-07-19 11:42:19
ADANIPORTS,Mar 2014,ROA,7.06,VALID,PAT / Total Assets * 100,profitandloss + balancesheet,AVERAGE,1.0,2026-07-19 11:42:19
ADANIPORTS,Mar 2015,NPM,37.78,VALID,Net Profit / Sales * 100,profitandloss,EXCELLENT,1.0,2026-07-19 11:42:19
ADANIPORTS,Mar 2015,OPM,63.43,VALID,Operating Profit / Sales * 100,profitandloss,EXCELLENT,1.0,2026-07-19 11:42:19
ADANIPORTS,Mar 2015,ROE,21.59,VALID,PAT / (Equity + Reserves) * 100,profitandloss + balancesheet,EXCELLENT,1.0,2026-07-19 11:42:19
ADANIPORTS,Mar 2015,ROCE,13.67,VALID,EBIT / Capital Employed * 100,profitandloss + balancesheet,AVERAGE,1.0,2026-07-19 11:42:19
ADANIPORTS,Mar 2015,ROA,7.24,VALID,PAT / Total Assets * 100,profitandloss + balancesheet,AVERAGE,1.0,2026-07-19 11:42:19
ADANIPORTS,Mar 2016,NPM,40.17,VALID,Net Profit / Sales * 100,profitandloss,EXCELLENT,1.0,2026-07-19 11:42:19
ADANIPORTS,Mar 2016,OPM,64.38,VALID,Operating Profit / Sales * 100,profitandloss,EXCELLENT,1.0,2026-07-19 11:42:19
ADANIPORTS,Mar 2016,ROE,21.15,VALID,PAT / (Equity + Reserves) * 100,profitandloss + balancesheet,EXCELLENT,1.0,2026-07-19 11:42:19
ADANIPORTS,Mar 2016,ROCE,12.77,VALID,EBIT / Capital Employed * 100,profitandloss + balancesheet,AVERAGE,1.0,2026-07-19 11:42:19
ADANIPORTS,Mar 2016,ROA,7.44,VALID,PAT / Total Assets * 100,profitandloss + balancesheet,AVERAGE,1.0,2026-07-19 11:42:19
ADANIPORTS,Mar 2017,NPM,46.24,VALID,Net Profit / Sales * 100,profitandloss,EXCELLENT,1.0,2026-07-19 11:42:19
ADANIPORTS,Mar 2017,OPM,64.2,VALID,Operating Profit / Sales * 100,profitandloss,EXCELLENT,1.0,2026-07-19 11:42:19
ADANIPORTS,Mar 2017,ROE,22.26,VALID,PAT / (Equity + Reserves) * 100,profitandloss + balancesheet,EXCELLENT,1.0,2026-07-19 11:42:19
ADANIPORTS,Mar 2017,ROCE,13.63,VALID,EBIT / Capital Employed * 100,profitandloss + balancesheet,AVERAGE,1.0,2026-07-19 11:42:19
ADANIPORTS,Mar 2017,ROA,9.0,VALID,PAT / Total Assets * 100,profitandloss + balancesheet,AVERAGE,1.0,2026-07-19 11:42:19
ADANIPORTS,Mar 2018,NPM,32.59,VALID,Net Profit / Sales * 100,profitandloss,EXCELLENT,1.0,2026-07-19 11:42:19
ADANIPORTS,Mar 2018,OPM,63.21,VALID,Operating Profit / Sales * 100,profitandloss,EXCELLENT,1.0,2026-07-19 11:42:19
ADANIPORTS,Mar 2018,ROE,17.65,VALID,PAT / (Equity + Reserves) * 100,profitandloss + balancesheet,GOOD,1.0,2026-07-19 11:42:19
ADANIPORTS,Mar 2018,ROCE,16.54,VALID,EBIT / Capital Employed * 100,profitandloss + balancesheet,GOOD,1.0,2026-07-19 11:42:19
ADANIPORTS,Mar 2018,ROA,7.81,VALID,PAT / Total Assets * 100,profitandloss + balancesheet,AVERAGE,1.0,2026-07-19 11:42:19
ADANIPORTS,Mar 2019,NPM,37.03,VALID,Net Profit / Sales * 100,profitandloss,EXCELLENT,1.0,2026-07-19 11:42:19
ADANIPORTS,Mar 2019,OPM,60.38,VALID,Operating Profit / Sales * 100,profitandloss,EXCELLENT,1.0,2026-07-19 11:42:19
ADANIPORTS,Mar 2019,ROE,16.6,VALID,PAT / (Equity + Reserves) * 100,profitandloss + balancesheet,GOOD,1.0,2026-07-19 11:42:19
ADANIPORTS,Mar 2019,ROCE,12.66,VALID,EBIT / Capital Employed * 100,profitandloss + balancesheet,AVERAGE,1.0,2026-07-19 11:42:19
ADANIPORTS,Mar 2019,ROA,7.18,VALID,PAT / Total Assets * 100,profitandloss + balancesheet,AVERAGE,1.0,2026-07-19 11:42:19
ADANIPORTS,Mar 2020,NPM,31.88,VALID,Net Profit / Sales * 100,profitandloss,EXCELLENT,1.0,2026-07-19 11:42:19
ADANIPORTS,Mar 2020,OPM,50.09,VALID,Operating Profit / Sales * 100,profitandloss,EXCELLENT,1.0,2026-07-19 11:42:19
ADANIPORTS,Mar 2020,ROE,14.87,VALID,PAT / (Equity + Reserves) * 100,profitandloss + balancesheet,AVERAGE,1.0,2026-07-19 11:42:19
ADANIPORTS,Mar 2020,ROCE,10.68,VALID,EBIT / Capital Employed * 100,profitandloss + balancesheet,AVERAGE,1.0,2026-07-19 11:42:19
ADANIPORTS,Mar 2020,ROA,6.11,VALID,PAT / Total Assets * 100,profitandloss + balancesheet,AVERAGE,1.0,2026-07-19 11:42:19
ADANIPORTS,Mar 2021,NPM,40.23,VALID,Net Profit / Sales * 100,profitandloss,EXCELLENT,1.0,2026-07-19 11:42:19
ADANIPORTS,Mar 2021,OPM,69.23,VALID,Operating Profit / Sales * 100,profitandloss,EXCELLENT,1.0,2026-07-19 11:42:19
ADANIPORTS,Mar 2021,ROE,16.59,VALID,PAT / (Equity + Reserves) * 100,profitandloss + balancesheet,GOOD,1.0,2026-07-19 11:42:19
ADANIPORTS,Mar 2021,ROCE,13.1,VALID,EBIT / Capital Employed * 100,profitandloss + balancesheet,AVERAGE,1.0,2026-07-19 11:42:19
ADANIPORTS,Mar 2021,ROA,6.77,VALID,PAT / Total Assets * 100,profitandloss + balancesheet,AVERAGE,1.0,2026-07-19 11:42:19
ADANIPORTS,Mar 2022,NPM,28.93,VALID,Net Profit / Sales * 100,profitandloss,EXCELLENT,1.0,2026-07-19 11:42:19
ADANIPORTS,Mar 2022,OPM,55.66,VALID,Operating Profit / Sales * 100,profitandloss,EXCELLENT,1.0,2026-07-19 11:42:19
ADANIPORTS,Mar 2022,ROE,11.84,VALID,PAT / (Equity + Reserves) * 100,profitandloss + balancesheet,AVERAGE,1.0,2026-07-19 11:42:19
ADANIPORTS,Mar 2022,ROCE,10.62,VALID,EBIT / Capital Employed * 100,profitandloss + balancesheet,AVERAGE,1.0,2026-07-19 11:42:19
ADANIPORTS,Mar 2022,ROA,5.04,VALID,PAT / Total Assets * 100,profitandloss + balancesheet,AVERAGE,1.0,2026-07-19 11:42:19
ADANIPORTS,Mar 2023,NPM,25.85,VALID,Net Profit / Sales * 100,profitandloss,EXCELLENT,1.0,2026-07-19 11:42:19
ADANIPORTS,Mar 2023,OPM,52.5,VALID,Operating Profit / Sales * 100,profitandloss,EXCELLENT,1.0,2026-07-19 11:42:19
ADANIPORTS,Mar 2023,ROE,11.88,VALID,PAT / (Equity + Reserves) * 100,profitandloss + balancesheet,AVERAGE,1.0,2026-07-19 11:42:19
ADANIPORTS,Mar 2023,ROCE,11.08,VALID,EBIT / Capital Employed * 100,profitandloss + balancesheet,AVERAGE,1.0,2026-07-19 11:42:19
ADANIPORTS,Mar 2023,ROA,4.79,VALID,PAT / Total Assets * 100,profitandloss + balancesheet,WEAK,1.0,2026-07-19 11:42:19
ADANIPORTS,Mar 2024,NPM,30.34,VALID,Net Profit / Sales * 100,profitandloss,EXCELLENT,1.0,2026-07-19 11:42:19
ADANIPORTS,Mar 2024,OPM,58.36,VALID,Operating Profit / Sales * 100,profitandloss,EXCELLENT,1.0,2026-07-19 11:42:19
ADANIPORTS,Mar 2024,ROE,15.35,VALID,PAT / (Equity + Reserves) * 100,profitandloss + balancesheet,GOOD,1.0,2026-07-19 11:42:19
ADANIPORTS,Mar 2024,ROCE,15.25,VALID,EBIT / Capital Employed * 100,profitandloss + balancesheet,GOOD,1.0,2026-07-19 11:42:19
ADANIPORTS,Mar 2024,ROA,6.93,VALID,PAT / Total Assets * 100,profitandloss + balancesheet,AVERAGE,1.0,2026-07-19 11:42:19
ADANIPOWER,Mar 2013,NPM,-34.29,VALID,Net Profit / Sales * 100,profitandloss,WEAK,1.0,2026-07-19 11:42:19
ADANIPOWER,Mar 2013,OPM,14.35,VALID,Operating Profit / Sales * 100,profitandloss,AVERAGE,1.0,2026-07-19 11:42:19
ADANIPOWER,Mar 2013,ROE,-53.46,VALID,PAT / (Equity + Reserves) * 100,profitandloss + balancesheet,WEAK,1.0,2026-07-19 11:42:19
ADANIPOWER,Mar 2013,ROCE,2.08,VALID,EBIT / Capital Employed * 100,profitandloss + balancesheet,WEAK,1.0,2026-07-19 11:42:19
ADANIPOWER,Mar 2013,ROA,-4.2,VALID,PAT / Total Assets * 100,profitandloss + balancesheet,WEAK,1.0,2026-07-19 11:42:19
ADANIPOWER,Mar 2014,NPM,-1.9,VALID,Net Profit / Sales * 100,profitandloss,WEAK,1.0,2026-07-19 11:42:19
ADANIPOWER,Mar 2014,OPM,29.96,VALID,Operating Profit / Sales * 100,profitandloss,EXCELLENT,1.0,2026-07-19 11:42:19
ADANIPOWER,Mar 2014,ROE,-4.45,VALID,PAT / (Equity + Reserves) * 100,profitandloss + balancesheet,WEAK,1.0,2026-07-19 11:42:19
ADANIPOWER,Mar 2014,ROCE,9.06,VALID,EBIT / Capital Employed * 100,profitandloss + balancesheet,WEAK,1.0,2026-07-19 11:42:19
ADANIPOWER,Mar 2014,ROA,-0.5,VALID,PAT / Total Assets * 100,profitandloss + balancesheet,WEAK,1.0,2026-07-19 11:42:19
ADANIPOWER,Mar 2015,NPM,-4.37,VALID,Net Profit / Sales * 100,profitandloss,WEAK,1.0,2026-07-19 11:42:19
ADANIPOWER,Mar 2015,OPM,25.04,VALID,Operating Profit / Sales * 100,profitandloss,EXCELLENT,1.0,2026-07-19 11:42:19
ADANIPOWER,Mar 2015,ROE,-14.25,VALID,PAT / (Equity + Reserves) * 100,profitandloss + balancesheet,WEAK,1.0,2026-07-19 11:42:19
ADANIPOWER,Mar 2015,ROCE,9.27,VALID,EBIT / Capital Employed * 100,profitandloss + balancesheet,WEAK,1.0,2026-07-19 11:42:19
ADANIPOWER,Mar 2015,ROA,-1.4,VALID,PAT / Total Assets * 100,profitandloss + balancesheet,WEAK,1.0,2026-07-19 11:42:19
ADANIPOWER,Mar 2016,NPM,2.17,VALID,Net Profit / Sales * 100,profitandloss,WEAK,1.0,2026-07-19 11:42:19
ADANIPOWER,Mar 2016,OPM,34.68,VALID,Operating Profit / Sales * 100,profitandloss,EXCELLENT,1.0,2026-07-19 11:42:19
ADANIPOWER,Mar 2016,ROE,7.38,VALID,PAT / (Equity + Reserves) * 100,profitandloss + balancesheet,WEAK,1.0,2026-07-19 11:42:19
ADANIPOWER,Mar 2016,ROCE,14.62,VALID,EBIT / Capital Employed * 100,profitandloss + balancesheet,AVERAGE,1.0,2026-07-19 11:42:19
ADANIPOWER,Mar 2016,ROA,0.73,VALID,PAT / Total Assets * 100,profitandloss + balancesheet,WEAK,1.0,2026-07-19 11:42:19
ADANIPOWER,Mar 2017,NPM,-27.3,VALID,Net Profit / Sales * 100,profitandloss,WEAK,1.0,2026-07-19 11:42:19
ADANIPOWER,Mar 2017,OPM,26.44,VALID,Operating Profit / Sales * 100,profitandloss,EXCELLENT,1.0,2026-07-19 11:42:19
ADANIPOWER,Mar 2017,ROE,-205.8,VALID,PAT / (Equity + Reserves) * 100,profitandloss + balancesheet,WEAK,1.0,2026-07-19 11:42:19
ADANIPOWER,Mar 2017,ROCE,10.78,VALID,EBIT / Capital Employed * 100,profitandloss + balancesheet,AVERAGE,1.0,2026-07-19 11:42:19
ADANIPOWER,Mar 2017,ROA,-8.63,VALID,PAT / Total Assets * 100,profitandloss + balancesheet,WEAK,1.0,2026-07-19 11:42:19
ADANIPOWER,Mar 2018,NPM,-10.36,VALID,Net Profit / Sales * 100,profitandloss,WEAK,1.0,2026-07-19 11:42:19
ADANIPOWER,Mar 2018,OPM,26.77,VALID,Operating Profit / Sales * 100,profitandloss,EXCELLENT,1.0,2026-07-19 11:42:19
ADANIPOWER,Mar 2018,ROE,-236.56,VALID,PAT / (Equity + Reserves) * 100,profitandloss + balancesheet,WEAK,1.0,2026-07-19 11:42:19
ADANIPOWER,Mar 2018,ROCE,10.12,VALID,EBIT / Capital Employed * 100,profitandloss + balancesheet,AVERAGE,1.0,2026-07-19 11:42:19
ADANIPOWER,Mar 2018,ROA,-3.02,VALID,PAT / Total Assets * 100,profitandloss + balancesheet,WEAK,1.0,2026-07-19 11:42:19
ADANIPOWER,Mar 2019,NPM,-4.12,VALID,Net Profit / Sales * 100,profitandloss,WEAK,1.0,2026-07-19 11:42:19
ADANIPOWER,Mar 2019,OPM,20.86,VALID,Operating Profit / Sales * 100,profitandloss,GOOD,1.0,2026-07-19 11:42:19
ADANIPOWER,Mar 2019,ROE,-12.76,VALID,PAT / (Equity + Reserves) * 100,profitandloss + balancesheet,WEAK,1.0,2026-07-19 11:42:19
ADANIPOWER,Mar 2019,ROCE,9.11,VALID,EBIT / Capital Employed * 100,profitandloss + balancesheet,WEAK,1.0,2026-07-19 11:42:19
ADANIPOWER,Mar 2019,ROA,-1.45,VALID,PAT / Total Assets * 100,profitandloss + balancesheet,WEAK,1.0,2026-07-19 11:42:19
ADANIPOWER,Mar 2020,NPM,-8.6,VALID,Net Profit / Sales * 100,profitandloss,WEAK,1.0,2026-07-19 11:42:19
ADANIPOWER,Mar 2020,OPM,21.66,VALID,Operating Profit / Sales * 100,profitandloss,GOOD,1.0,2026-07-19 11:42:19
ADANIPOWER,Mar 2020,ROE,-35.1,VALID,PAT / (Equity + Reserves) * 100,profitandloss + balancesheet,WEAK,1.0,2026-07-19 11:42:19
ADANIPOWER,Mar 2020,ROCE,9.3,VALID,EBIT / Capital Employed * 100,profitandloss + balancesheet,WEAK,1.0,2026-07-19 11:42:19
ADANIPOWER,Mar 2020,ROA,-3.03,VALID,PAT / Total Assets * 100,profitandloss + balancesheet,WEAK,1.0,2026-07-19 11:42:19
ADANIPOWER,Mar 2021,NPM,4.84,VALID,Net Profit / Sales * 100,profitandloss,WEAK,1.0,2026-07-19 11:42:19
ADANIPOWER,Mar 2021,OPM,33.13,VALID,Operating Profit / Sales * 100,profitandloss,EXCELLENT,1.0,2026-07-19 11:42:19
ADANIPOWER,Mar 2021,ROE,9.69,VALID,PAT / (Equity + Reserves) * 100,profitandloss + balancesheet,WEAK,1.0,2026-07-19 11:42:19
ADANIPOWER,Mar 2021,ROCE,13.24,VALID,EBIT / Capital Employed * 100,profitandloss + balancesheet,AVERAGE,1.0,2026-07-19 11:42:19
ADANIPOWER,Mar 2021,ROA,1.61,VALID,PAT / Total Assets * 100,profitandloss + balancesheet,WEAK,1.0,2026-07-19 11:42:19
ADANIPOWER,Mar 2022,NPM,17.73,VALID,Net Profit / Sales * 100,profitandloss,EXCELLENT,1.0,2026-07-19 11:42:19
ADANIPOWER,Mar 2022,OPM,35.66,VALID,Operating Profit / Sales * 100,profitandloss,EXCELLENT,1.0,2026-07-19 11:42:19
ADANIPOWER,Mar 2022,ROE,26.61,VALID,PAT / (Equity + Reserves) * 100,profitandloss + balancesheet,EXCELLENT,1.0,2026-07-19 11:42:19
ADANIPOWER,Mar 2022,ROCE,14.62,VALID,EBIT / Capital Employed * 100,profitandloss + balancesheet,AVERAGE,1.0,2026-07-19 11:42:19
ADANIPOWER,Mar 2022,ROA,5.99,VALID,PAT / Total Assets * 100,profitandloss + balancesheet,AVERAGE,1.0,2026-07-19 11:42:19
ADANIPOWER,Mar 2023,NPM,27.67,VALID,Net Profit / Sales * 100,profitandloss,EXCELLENT,1.0,2026-07-19 11:42:19
ADANIPOWER,Mar 2023,OPM,26.04,VALID,Operating Profit / Sales * 100,profitandloss,EXCELLENT,1.0,2026-07-19 11:42:19
ADANIPOWER,Mar 2023,ROE,35.91,VALID,PAT / (Equity + Reserves) * 100,profitandloss + balancesheet,EXCELLENT,1.0,2026-07-19 11:42:19
ADANIPOWER,Mar 2023,ROCE,13.98,VALID,EBIT / Capital Employed * 100,profitandloss + balancesheet,AVERAGE,1.0,2026-07-19 11:42:19
ADANIPOWER,Mar 2023,ROA,12.5,VALID,PAT / Total Assets * 100,profitandloss + balancesheet,GOOD,1.0,2026-07-19 11:42:19
ADANIPOWER,Mar 2024,NPM,41.37,VALID,Net Profit / Sales * 100,profitandloss,EXCELLENT,1.0,2026-07-19 11:42:19
ADANIPOWER,Mar 2024,OPM,36.2,VALID,Operating Profit / Sales * 100,profitandloss,EXCELLENT,1.0,2026-07-19 11:42:19
ADANIPOWER,Mar 2024,ROE,48.28,VALID,PAT / (Equity + Reserves) * 100,profitandloss + balancesheet,EXCELLENT,1.0,2026-07-19 11:42:19
ADANIPOWER,Mar 2024,ROCE,23.44,VALID,EBIT / Capital Employed * 100,profitandloss + balancesheet,EXCELLENT,1.0,2026-07-19 11:42:19
ADANIPOWER,Mar 2024,ROA,22.64,VALID,PAT / Total Assets * 100,profitandloss + balancesheet,EXCELLENT,1.0,2026-07-19 11:42:19
AMBUJACEM,Dec 2012,NPM,13.25,VALID,Net Profit / Sales * 100,profitandloss,GOOD,1.0,2026-07-19 11:42:19
AMBUJACEM,Dec 2012,OPM,25.37,VALID,Operating Profit / Sales * 100,profitandloss,EXCELLENT,1.0,2026-07-19 11:42:19
AMBUJACEM,Dec 2012,ROE,14.69,VALID,PAT / (Equity + Reserves) * 100,profitandloss + balancesheet,AVERAGE,1.0,2026-07-19 11:42:19
AMBUJACEM,Dec 2012,ROCE,27.92,VALID,EBIT / Capital Employed * 100,profitandloss + balancesheet,EXCELLENT,1.0,2026-07-19 11:42:19
AMBUJACEM,Dec 2012,ROA,10.47,VALID,PAT / Total Assets * 100,profitandloss + balancesheet,GOOD,1.0,2026-07-19 11:42:19
AMBUJACEM,Dec 2013,NPM,13.95,VALID,Net Profit / Sales * 100,profitandloss,GOOD,1.0,2026-07-19 11:42:19
AMBUJACEM,Dec 2013,OPM,18.22,VALID,Operating Profit / Sales * 100,profitandloss,GOOD,1.0,2026-07-19 11:42:19
AMBUJACEM,Dec 2013,ROE,13.51,VALID,PAT / (Equity + Reserves) * 100,profitandloss + balancesheet,AVERAGE,1.0,2026-07-19 11:42:19
AMBUJACEM,Dec 2013,ROCE,17.55,VALID,EBIT / Capital Employed * 100,profitandloss + balancesheet,GOOD,1.0,2026-07-19 11:42:19
AMBUJACEM,Dec 2013,ROA,9.86,VALID,PAT / Total Assets * 100,profitandloss + balancesheet,AVERAGE,1.0,2026-07-19 11:42:19
AMBUJACEM,Dec 2014,NPM,14.94,VALID,Net Profit / Sales * 100,profitandloss,GOOD,1.0,2026-07-19 11:42:19
AMBUJACEM,Dec 2014,OPM,19.43,VALID,Operating Profit / Sales * 100,profitandloss,GOOD,1.0,2026-07-19 11:42:19
AMBUJACEM,Dec 2014,ROE,14.77,VALID,PAT / (Equity + Reserves) * 100,profitandloss + balancesheet,AVERAGE,1.0,2026-07-19 11:42:19
AMBUJACEM,Dec 2014,ROCE,19.14,VALID,EBIT / Capital Employed * 100,profitandloss + balancesheet,GOOD,1.0,2026-07-19 11:42:19
AMBUJACEM,Dec 2014,ROA,10.71,VALID,PAT / Total Assets * 100,profitandloss + balancesheet,GOOD,1.0,2026-07-19 11:42:19
AMBUJACEM,Dec 2015,NPM,8.56,VALID,Net Profit / Sales * 100,profitandloss,AVERAGE,1.0,2026-07-19 11:42:19
AMBUJACEM,Dec 2015,OPM,16.34,VALID,Operating Profit / Sales * 100,profitandloss,GOOD,1.0,2026-07-19 11:42:19
AMBUJACEM,Dec 2015,ROE,7.87,VALID,PAT / (Equity + Reserves) * 100,profitandloss + balancesheet,WEAK,1.0,2026-07-19 11:42:19
AMBUJACEM,Dec 2015,ROCE,14.96,VALID,EBIT / Capital Employed * 100,profitandloss + balancesheet,AVERAGE,1.0,2026-07-19 11:42:19
AMBUJACEM,Dec 2015,ROA,5.72,VALID,PAT / Total Assets * 100,profitandloss + balancesheet,AVERAGE,1.0,2026-07-19 11:42:19
AMBUJACEM,Dec 2016,NPM,7.14,VALID,Net Profit / Sales * 100,profitandloss,AVERAGE,1.0,2026-07-19 11:42:19
AMBUJACEM,Dec 2016,OPM,15.83,VALID,Operating Profit / Sales * 100,profitandloss,GOOD,1.0,2026-07-19 11:42:19
AMBUJACEM,Dec 2016,ROE,7.23,VALID,PAT / (Equity + Reserves) * 100,profitandloss + balancesheet,WEAK,1.0,2026-07-19 11:42:19
AMBUJACEM,Dec 2016,ROCE,16.03,VALID,EBIT / Capital Employed * 100,profitandloss + balancesheet,GOOD,1.0,2026-07-19 11:42:19
AMBUJACEM,Dec 2016,ROA,4.37,VALID,PAT / Total Assets * 100,profitandloss + balancesheet,WEAK,1.0,2026-07-19 11:42:19
AMBUJACEM,Dec 2017,NPM,8.24,VALID,Net Profit / Sales * 100,profitandloss,AVERAGE,1.0,2026-07-19 11:42:19
AMBUJACEM,Dec 2017,OPM,16.34,VALID,Operating Profit / Sales * 100,profitandloss,GOOD,1.0,2026-07-19 11:42:19
AMBUJACEM,Dec 2017,ROE,9.41,VALID,PAT / (Equity + Reserves) * 100,profitandloss + balancesheet,WEAK,1.0,2026-07-19 11:42:19
AMBUJACEM,Dec 2017,ROCE,18.64,VALID,EBIT / Capital Employed * 100,profitandloss + balancesheet,GOOD,1.0,2026-07-19 11:42:19
AMBUJACEM,Dec 2017,ROA,5.48,VALID,PAT / Total Assets * 100,profitandloss + balancesheet,AVERAGE,1.0,2026-07-19 11:42:19
AMBUJACEM,Dec 2018,NPM,11.42,VALID,Net Profit / Sales * 100,profitandloss,GOOD,1.0,2026-07-19 11:42:19
AMBUJACEM,Dec 2018,OPM,15.4,VALID,Operating Profit / Sales * 100,profitandloss,GOOD,1.0,2026-07-19 11:42:19
AMBUJACEM,Dec 2018,ROE,13.29,VALID,PAT / (Equity + Reserves) * 100,profitandloss + balancesheet,AVERAGE,1.0,2026-07-19 11:42:19
AMBUJACEM,Dec 2018,ROCE,17.9,VALID,EBIT / Capital Employed * 100,profitandloss + balancesheet,GOOD,1.0,2026-07-19 11:42:19
AMBUJACEM,Dec 2018,ROA,7.95,VALID,PAT / Total Assets * 100,profitandloss + balancesheet,AVERAGE,1.0,2026-07-19 11:42:19
AMBUJACEM,Dec 2019,NPM,10.27,VALID,Net Profit / Sales * 100,profitandloss,GOOD,1.0,2026-07-19 11:42:19
AMBUJACEM,Dec 2019,OPM,16.96,VALID,Operating Profit / Sales * 100,profitandloss,GOOD,1.0,2026-07-19 11:42:19
AMBUJACEM,Dec 2019,ROE,11.56,VALID,PAT / (Equity + Reserves) * 100,profitandloss + balancesheet,AVERAGE,1.0,2026-07-19 11:42:19
AMBUJACEM,Dec 2019,ROCE,19.06,VALID,EBIT / Capital Employed * 100,profitandloss + balancesheet,GOOD,1.0,2026-07-19 11:42:19
AMBUJACEM,Dec 2019,ROA,6.93,VALID,PAT / Total Assets * 100,profitandloss + balancesheet,AVERAGE,1.0,2026-07-19 11:42:19
AMBUJACEM,Dec 2020,NPM,12.67,VALID,Net Profit / Sales * 100,profitandloss,GOOD,1.0,2026-07-19 11:42:19
AMBUJACEM,Dec 2020,OPM,20.42,VALID,Operating Profit / Sales * 100,profitandloss,GOOD,1.0,2026-07-19 11:42:19
AMBUJACEM,Dec 2020,ROE,13.65,VALID,PAT / (Equity + Reserves) * 100,profitandloss + balancesheet,AVERAGE,1.0,2026-07-19 11:42:19
AMBUJACEM,Dec 2020,ROCE,21.55,VALID,EBIT / Capital Employed * 100,profitandloss + balancesheet,EXCELLENT,1.0,2026-07-19 11:42:19
AMBUJACEM,Dec 2020,ROA,7.82,VALID,PAT / Total Assets * 100,profitandloss + balancesheet,AVERAGE,1.0,2026-07-19 11:42:19
AMBUJACEM,Dec 2021,NPM,12.81,VALID,Net Profit / Sales * 100,profitandloss,GOOD,1.0,2026-07-19 11:42:19
AMBUJACEM,Dec 2021,OPM,21.44,VALID,Operating Profit / Sales * 100,profitandloss,GOOD,1.0,2026-07-19 11:42:19
AMBUJACEM,Dec 2021,ROE,14.64,VALID,PAT / (Equity + Reserves) * 100,profitandloss + balancesheet,AVERAGE,1.0,2026-07-19 11:42:19
AMBUJACEM,Dec 2021,ROCE,24.04,VALID,EBIT / Capital Employed * 100,profitandloss + balancesheet,EXCELLENT,1.0,2026-07-19 11:42:19
AMBUJACEM,Dec 2021,ROA,8.21,VALID,PAT / Total Assets * 100,profitandloss + balancesheet,AVERAGE,1.0,2026-07-19 11:42:19
AMBUJACEM,Mar 2024,NPM,14.29,VALID,Net Profit / Sales * 100,profitandloss,GOOD,1.0,2026-07-19 11:42:19
AMBUJACEM,Mar 2024,OPM,19.3,VALID,Operating Profit / Sales * 100,profitandloss,GOOD,1.0,2026-07-19 11:42:19
AMBUJACEM,Mar 2024,ROE,11.43,VALID,PAT / (Equity + Reserves) * 100,profitandloss + balancesheet,AVERAGE,1.0,2026-07-19 11:42:19
AMBUJACEM,Mar 2024,ROCE,15.18,VALID,EBIT / Capital Employed * 100,profitandloss + balancesheet,GOOD,1.0,2026-07-19 11:42:19
AMBUJACEM,Mar 2024,ROA,7.26,VALID,PAT / Total Assets * 100,profitandloss + balancesheet,AVERAGE,1.0,2026-07-19 11:42:19
APOLLOHOSP,Mar 2013,NPM,8.04,VALID,Net Profit / Sales * 100,profitandloss,AVERAGE,1.0,2026-07-19 11:42:19
APOLLOHOSP,Mar 2013,OPM,16.24,VALID,Operating Profit / Sales * 100,profitandloss,GOOD,1.0,2026-07-19 11:42:19
APOLLOHOSP,Mar 2013,ROE,11.03,VALID,PAT / (Equity + Reserves) * 100,profitandloss + balancesheet,AVERAGE,1.0,2026-07-19 11:42:19
APOLLOHOSP,Mar 2013,ROCE,15.45,VALID,EBIT / Capital Employed * 100,profitandloss + balancesheet,GOOD,1.0,2026-07-19 11:42:19
APOLLOHOSP,Mar 2013,ROA,6.29,VALID,PAT / Total Assets * 100,profitandloss + balancesheet,AVERAGE,1.0,2026-07-19 11:42:19
APOLLOHOSP,Mar 2014,NPM,7.23,VALID,Net Profit / Sales * 100,profitandloss,AVERAGE,1.0,2026-07-19 11:42:19
APOLLOHOSP,Mar 2014,OPM,15.52,VALID,Operating Profit / Sales * 100,profitandloss,GOOD,1.0,2026-07-19 11:42:19
APOLLOHOSP,Mar 2014,ROE,10.58,VALID,PAT / (Equity + Reserves) * 100,profitandloss + balancesheet,AVERAGE,1.0,2026-07-19 11:42:19
APOLLOHOSP,Mar 2014,ROCE,15.64,VALID,EBIT / Capital Employed * 100,profitandloss + balancesheet,GOOD,1.0,2026-07-19 11:42:19
APOLLOHOSP,Mar 2014,ROA,5.89,VALID,PAT / Total Assets * 100,profitandloss + balancesheet,AVERAGE,1.0,2026-07-19 11:42:19
APOLLOHOSP,Mar 2015,NPM,6.53,VALID,Net Profit / Sales * 100,profitandloss,AVERAGE,1.0,2026-07-19 11:42:19
APOLLOHOSP,Mar 2015,OPM,14.37,VALID,Operating Profit / Sales * 100,profitandloss,AVERAGE,1.0,2026-07-19 11:42:19
APOLLOHOSP,Mar 2015,ROE,10.56,VALID,PAT / (Equity + Reserves) * 100,profitandloss + balancesheet,AVERAGE,1.0,2026-07-19 11:42:19
APOLLOHOSP,Mar 2015,ROCE,14.27,VALID,EBIT / Capital Employed * 100,profitandloss + balancesheet,AVERAGE,1.0,2026-07-19 11:42:19
APOLLOHOSP,Mar 2015,ROA,5.19,VALID,PAT / Total Assets * 100,profitandloss + balancesheet,AVERAGE,1.0,2026-07-19 11:42:19
APOLLOHOSP,Mar 2016,NPM,3.82,VALID,Net Profit / Sales * 100,profitandloss,WEAK,1.0,2026-07-19 11:42:19
APOLLOHOSP,Mar 2016,OPM,11.12,VALID,Operating Profit / Sales * 100,profitandloss,AVERAGE,1.0,2026-07-19 11:42:19
APOLLOHOSP,Mar 2016,ROE,7.05,VALID,PAT / (Equity + Reserves) * 100,profitandloss + balancesheet,WEAK,1.0,2026-07-19 11:42:19
APOLLOHOSP,Mar 2016,ROCE,11.09,VALID,EBIT / Capital Employed * 100,profitandloss + balancesheet,AVERAGE,1.0,2026-07-19 11:42:19
APOLLOHOSP,Mar 2016,ROA,3.19,VALID,PAT / Total Assets * 100,profitandloss + balancesheet,WEAK,1.0,2026-07-19 11:42:19
APOLLOHOSP,Mar 2017,NPM,1.81,VALID,Net Profit / Sales * 100,profitandloss,WEAK,1.0,2026-07-19 11:42:19
APOLLOHOSP,Mar 2017,OPM,10.12,VALID,Operating Profit / Sales * 100,profitandloss,AVERAGE,1.0,2026-07-19 11:42:19
APOLLOHOSP,Mar 2017,ROE,3.95,VALID,PAT / (Equity + Reserves) * 100,profitandloss + balancesheet,WEAK,1.0,2026-07-19 11:42:19
APOLLOHOSP,Mar 2017,ROCE,11.4,VALID,EBIT / Capital Employed * 100,profitandloss + balancesheet,AVERAGE,1.0,2026-07-19 11:42:19
APOLLOHOSP,Mar 2017,ROA,1.62,VALID,PAT / Total Assets * 100,profitandloss + balancesheet,WEAK,1.0,2026-07-19 11:42:19
APOLLOHOSP,Mar 2018,NPM,0.73,VALID,Net Profit / Sales * 100,profitandloss,WEAK,1.0,2026-07-19 11:42:19
APOLLOHOSP,Mar 2018,OPM,9.72,VALID,Operating Profit / Sales * 100,profitandloss,WEAK,1.0,2026-07-19 11:42:19
APOLLOHOSP,Mar 2018,ROE,1.85,VALID,PAT / (Equity + Reserves) * 100,profitandloss + balancesheet,WEAK,1.0,2026-07-19 11:42:19
APOLLOHOSP,Mar 2018,ROCE,11.99,VALID,EBIT / Capital Employed * 100,profitandloss + balancesheet,AVERAGE,1.0,2026-07-19 11:42:19
APOLLOHOSP,Mar 2018,ROA,0.7,VALID,PAT / Total Assets * 100,profitandloss + balancesheet,WEAK,1.0,2026-07-19 11:42:19
APOLLOHOSP,Mar 2019,NPM,2.08,VALID,Net Profit / Sales * 100,profitandloss,WEAK,1.0,2026-07-19 11:42:19
APOLLOHOSP,Mar 2019,OPM,11.13,VALID,Operating Profit / Sales * 100,profitandloss,AVERAGE,1.0,2026-07-19 11:42:19
APOLLOHOSP,Mar 2019,ROE,6.0,VALID,PAT / (Equity + Reserves) * 100,profitandloss + balancesheet,WEAK,1.0,2026-07-19 11:42:19
APOLLOHOSP,Mar 2019,ROCE,15.27,VALID,EBIT / Capital Employed * 100,profitandloss + balancesheet,GOOD,1.0,2026-07-19 11:42:19
APOLLOHOSP,Mar 2019,ROA,2.18,VALID,PAT / Total Assets * 100,profitandloss + balancesheet,WEAK,1.0,2026-07-19 11:42:19
APOLLOHOSP,Mar 2020,NPM,3.84,VALID,Net Profit / Sales * 100,profitandloss,WEAK,1.0,2026-07-19 11:42:19
APOLLOHOSP,Mar 2020,OPM,14.15,VALID,Operating Profit / Sales * 100,profitandloss,AVERAGE,1.0,2026-07-19 11:42:19
APOLLOHOSP,Mar 2020,ROE,12.93,VALID,PAT / (Equity + Reserves) * 100,profitandloss + balancesheet,AVERAGE,1.0,2026-07-19 11:42:19
APOLLOHOSP,Mar 2020,ROCE,22.94,VALID,EBIT / Capital Employed * 100,profitandloss + balancesheet,EXCELLENT,1.0,2026-07-19 11:42:19
APOLLOHOSP,Mar 2020,ROA,3.83,VALID,PAT / Total Assets * 100,profitandloss + balancesheet,WEAK,1.0,2026-07-19 11:42:19
APOLLOHOSP,Mar 2021,NPM,1.3,VALID,Net Profit / Sales * 100,profitandloss,WEAK,1.0,2026-07-19 11:42:19
APOLLOHOSP,Mar 2021,OPM,10.8,VALID,Operating Profit / Sales * 100,profitandloss,AVERAGE,1.0,2026-07-19 11:42:19
APOLLOHOSP,Mar 2021,ROE,2.98,VALID,PAT / (Equity + Reserves) * 100,profitandloss + balancesheet,WEAK,1.0,2026-07-19 11:42:19
APOLLOHOSP,Mar 2021,ROCE,13.01,VALID,EBIT / Capital Employed * 100,profitandloss + balancesheet,AVERAGE,1.0,2026-07-19 11:42:19
APOLLOHOSP,Mar 2021,ROA,1.2,VALID,PAT / Total Assets * 100,profitandloss + balancesheet,WEAK,1.0,2026-07-19 11:42:19
APOLLOHOSP,Mar 2022,NPM,7.56,VALID,Net Profit / Sales * 100,profitandloss,AVERAGE,1.0,2026-07-19 11:42:19
APOLLOHOSP,Mar 2022,OPM,14.93,VALID,Operating Profit / Sales * 100,profitandloss,AVERAGE,1.0,2026-07-19 11:42:19
APOLLOHOSP,Mar 2022,ROE,19.7,VALID,PAT / (Equity + Reserves) * 100,profitandloss + balancesheet,GOOD,1.0,2026-07-19 11:42:19
APOLLOHOSP,Mar 2022,ROCE,22.59,VALID,EBIT / Capital Employed * 100,profitandloss + balancesheet,EXCELLENT,1.0,2026-07-19 11:42:19
APOLLOHOSP,Mar 2022,ROA,8.36,VALID,PAT / Total Assets * 100,profitandloss + balancesheet,AVERAGE,1.0,2026-07-19 11:42:19
APOLLOHOSP,Mar 2023,NPM,5.08,VALID,Net Profit / Sales * 100,profitandloss,AVERAGE,1.0,2026-07-19 11:42:19
APOLLOHOSP,Mar 2023,OPM,12.43,VALID,Operating Profit / Sales * 100,profitandloss,AVERAGE,1.0,2026-07-19 11:42:19
APOLLOHOSP,Mar 2023,ROE,13.62,VALID,PAT / (Equity + Reserves) * 100,profitandloss + balancesheet,AVERAGE,1.0,2026-07-19 11:42:19
APOLLOHOSP,Mar 2023,ROCE,19.61,VALID,EBIT / Capital Employed * 100,profitandloss + balancesheet,GOOD,1.0,2026-07-19 11:42:19
APOLLOHOSP,Mar 2023,ROA,5.85,VALID,PAT / Total Assets * 100,profitandloss + balancesheet,AVERAGE,1.0,2026-07-19 11:42:19
APOLLOHOSP,Mar 2024,NPM,4.91,VALID,Net Profit / Sales * 100,profitandloss,WEAK,1.0,2026-07-19 11:42:19
APOLLOHOSP,Mar 2024,OPM,12.56,VALID,Operating Profit / Sales * 100,profitandloss,AVERAGE,1.0,2026-07-19 11:42:19
APOLLOHOSP,Mar 2024,ROE,13.48,VALID,PAT / (Equity + Reserves) * 100,profitandloss + balancesheet,AVERAGE,1.0,2026-07-19 11:42:19
APOLLOHOSP,Mar 2024,ROCE,19.51,VALID,EBIT / Capital Employed * 100,profitandloss + balancesheet,GOOD,1.0,2026-07-19 11:42:19
APOLLOHOSP,Mar 2024,ROA,5.58,VALID,PAT / Total Assets * 100,profitandloss + balancesheet,AVERAGE,1.0,2026-07-19 11:42:19
ASIANPAINT,Mar 2013,NPM,11.04,VALID,Net Profit / Sales * 100,profitandloss,GOOD,1.0,2026-07-19 11:42:19
ASIANPAINT,Mar 2013,OPM,16.54,VALID,Operating Profit / Sales * 100,profitandloss,GOOD,1.0,2026-07-19 11:42:19
ASIANPAINT,Mar 2013,ROE,34.28,VALID,PAT / (Equity + Reserves) * 100,profitandloss + balancesheet,EXCELLENT,1.0,2026-07-19 11:42:19
ASIANPAINT,Mar 2013,ROCE,47.79,VALID,EBIT / Capital Employed * 100,profitandloss + balancesheet,EXCELLENT,1.0,2026-07-19 11:42:19
ASIANPAINT,Mar 2013,ROA,17.1,VALID,PAT / Total Assets * 100,profitandloss + balancesheet,EXCELLENT,1.0,2026-07-19 11:42:19
ASIANPAINT,Mar 2014,NPM,10.34,VALID,Net Profit / Sales * 100,profitandloss,GOOD,1.0,2026-07-19 11:42:19
ASIANPAINT,Mar 2014,OPM,16.4,VALID,Operating Profit / Sales * 100,profitandloss,GOOD,1.0,2026-07-19 11:42:19
ASIANPAINT,Mar 2014,ROE,31.27,VALID,PAT / (Equity + Reserves) * 100,profitandloss + balancesheet,EXCELLENT,1.0,2026-07-19 11:42:19
ASIANPAINT,Mar 2014,ROCE,46.74,VALID,EBIT / Capital Employed * 100,profitandloss + balancesheet,EXCELLENT,1.0,2026-07-19 11:42:19
ASIANPAINT,Mar 2014,ROA,15.64,VALID,PAT / Total Assets * 100,profitandloss + balancesheet,EXCELLENT,1.0,2026-07-19 11:42:19
ASIANPAINT,Mar 2015,NPM,10.48,VALID,Net Profit / Sales * 100,profitandloss,GOOD,1.0,2026-07-19 11:42:19
ASIANPAINT,Mar 2015,OPM,16.47,VALID,Operating Profit / Sales * 100,profitandloss,GOOD,1.0,2026-07-19 11:42:19
ASIANPAINT,Mar 2015,ROE,30.09,VALID,PAT / (Equity + Reserves) * 100,profitandloss + balancesheet,EXCELLENT,1.0,2026-07-19 11:42:19
ASIANPAINT,Mar 2015,ROCE,43.47,VALID,EBIT / Capital Employed * 100,profitandloss + balancesheet,EXCELLENT,1.0,2026-07-19 11:42:19
ASIANPAINT,Mar 2015,ROA,16.01,VALID,PAT / Total Assets * 100,profitandloss + balancesheet,EXCELLENT,1.0,2026-07-19 11:42:19
ASIANPAINT,Mar 2016,NPM,12.63,VALID,Net Profit / Sales * 100,profitandloss,GOOD,1.0,2026-07-19 11:42:19
ASIANPAINT,Mar 2016,OPM,19.09,VALID,Operating Profit / Sales * 100,profitandloss,GOOD,1.0,2026-07-19 11:42:19
ASIANPAINT,Mar 2016,ROE,27.63,VALID,PAT / (Equity + Reserves) * 100,profitandloss + balancesheet,EXCELLENT,1.0,2026-07-19 11:42:19
ASIANPAINT,Mar 2016,ROCE,39.79,VALID,EBIT / Capital Employed * 100,profitandloss + balancesheet,EXCELLENT,1.0,2026-07-19 11:42:19
ASIANPAINT,Mar 2016,ROA,17.08,VALID,PAT / Total Assets * 100,profitandloss + balancesheet,EXCELLENT,1.0,2026-07-19 11:42:19
ASIANPAINT,Mar 2017,NPM,13.38,VALID,Net Profit / Sales * 100,profitandloss,GOOD,1.0,2026-07-19 11:42:19
ASIANPAINT,Mar 2017,OPM,19.88,VALID,Operating Profit / Sales * 100,profitandloss,GOOD,1.0,2026-07-19 11:42:19
ASIANPAINT,Mar 2017,ROE,26.51,VALID,PAT / (Equity + Reserves) * 100,profitandloss + balancesheet,EXCELLENT,1.0,2026-07-19 11:42:19
ASIANPAINT,Mar 2017,ROCE,36.67,VALID,EBIT / Capital Employed * 100,profitandloss + balancesheet,EXCELLENT,1.0,2026-07-19 11:42:19
ASIANPAINT,Mar 2017,ROA,16.25,VALID,PAT / Total Assets * 100,profitandloss + balancesheet,EXCELLENT,1.0,2026-07-19 11:42:19
ASIANPAINT,Mar 2018,NPM,12.47,VALID,Net Profit / Sales * 100,profitandloss,GOOD,1.0,2026-07-19 11:42:19
ASIANPAINT,Mar 2018,OPM,19.04,VALID,Operating Profit / Sales * 100,profitandloss,GOOD,1.0,2026-07-19 11:42:19
ASIANPAINT,Mar 2018,ROE,24.95,VALID,PAT / (Equity + Reserves) * 100,profitandloss + balancesheet,EXCELLENT,1.0,2026-07-19 11:42:19
ASIANPAINT,Mar 2018,ROCE,35.83,VALID,EBIT / Capital Employed * 100,profitandloss + balancesheet,EXCELLENT,1.0,2026-07-19 11:42:19
ASIANPAINT,Mar 2018,ROA,15.24,VALID,PAT / Total Assets * 100,profitandloss + balancesheet,EXCELLENT,1.0,2026-07-19 11:42:19
ASIANPAINT,Mar 2019,NPM,11.48,VALID,Net Profit / Sales * 100,profitandloss,GOOD,1.0,2026-07-19 11:42:19
ASIANPAINT,Mar 2019,OPM,19.57,VALID,Operating Profit / Sales * 100,profitandloss,GOOD,1.0,2026-07-19 11:42:19
ASIANPAINT,Mar 2019,ROE,23.31,VALID,PAT / (Equity + Reserves) * 100,profitandloss + balancesheet,EXCELLENT,1.0,2026-07-19 11:42:19
ASIANPAINT,Mar 2019,ROCE,34.89,VALID,EBIT / Capital Employed * 100,profitandloss + balancesheet,EXCELLENT,1.0,2026-07-19 11:42:19
ASIANPAINT,Mar 2019,ROA,13.59,VALID,PAT / Total Assets * 100,profitandloss + balancesheet,GOOD,1.0,2026-07-19 11:42:19
ASIANPAINT,Mar 2020,NPM,13.73,VALID,Net Profit / Sales * 100,profitandloss,GOOD,1.0,2026-07-19 11:42:19
ASIANPAINT,Mar 2020,OPM,20.57,VALID,Operating Profit / Sales * 100,profitandloss,GOOD,1.0,2026-07-19 11:42:19
ASIANPAINT,Mar 2020,ROE,27.38,VALID,PAT / (Equity + Reserves) * 100,profitandloss + balancesheet,EXCELLENT,1.0,2026-07-19 11:42:19
ASIANPAINT,Mar 2020,ROCE,36.96,VALID,EBIT / Capital Employed * 100,profitandloss + balancesheet,EXCELLENT,1.0,2026-07-19 11:42:19
ASIANPAINT,Mar 2020,ROA,17.19,VALID,PAT / Total Assets * 100,profitandloss + balancesheet,EXCELLENT,1.0,2026-07-19 11:42:19
ASIANPAINT,Mar 2021,NPM,14.77,VALID,Net Profit / Sales * 100,profitandloss,GOOD,1.0,2026-07-19 11:42:19
ASIANPAINT,Mar 2021,OPM,22.36,VALID,Operating Profit / Sales * 100,profitandloss,GOOD,1.0,2026-07-19 11:42:19
ASIANPAINT,Mar 2021,ROE,25.04,VALID,PAT / (Equity + Reserves) * 100,profitandloss + balancesheet,EXCELLENT,1.0,2026-07-19 11:42:19
ASIANPAINT,Mar 2021,ROCE,34.94,VALID,EBIT / Capital Employed * 100,profitandloss + balancesheet,EXCELLENT,1.0,2026-07-19 11:42:19
ASIANPAINT,Mar 2021,ROA,15.76,VALID,PAT / Total Assets * 100,profitandloss + balancesheet,EXCELLENT,1.0,2026-07-19 11:42:19
ASIANPAINT,Mar 2022,NPM,10.6,VALID,Net Profit / Sales * 100,profitandloss,GOOD,1.0,2026-07-19 11:42:19
ASIANPAINT,Mar 2022,OPM,16.51,VALID,Operating Profit / Sales * 100,profitandloss,GOOD,1.0,2026-07-19 11:42:19
ASIANPAINT,Mar 2022,ROE,22.34,VALID,PAT / (Equity + Reserves) * 100,profitandloss + balancesheet,EXCELLENT,1.0,2026-07-19 11:42:19
ASIANPAINT,Mar 2022,ROCE,31.2,VALID,EBIT / Capital Employed * 100,profitandloss + balancesheet,EXCELLENT,1.0,2026-07-19 11:42:19
ASIANPAINT,Mar 2022,ROA,13.44,VALID,PAT / Total Assets * 100,profitandloss + balancesheet,GOOD,1.0,2026-07-19 11:42:19
ASIANPAINT,Mar 2023,NPM,12.16,VALID,Net Profit / Sales * 100,profitandloss,GOOD,1.0,2026-07-19 11:42:19
ASIANPAINT,Mar 2023,OPM,18.15,VALID,Operating Profit / Sales * 100,profitandloss,GOOD,1.0,2026-07-19 11:42:19
ASIANPAINT,Mar 2023,ROE,26.23,VALID,PAT / (Equity + Reserves) * 100,profitandloss + balancesheet,EXCELLENT,1.0,2026-07-19 11:42:19
ASIANPAINT,Mar 2023,ROCE,34.92,VALID,EBIT / Capital Employed * 100,profitandloss + balancesheet,EXCELLENT,1.0,2026-07-19 11:42:19
ASIANPAINT,Mar 2023,ROA,16.27,VALID,PAT / Total Assets * 100,profitandloss + balancesheet,EXCELLENT,1.0,2026-07-19 11:42:19
ASIANPAINT,Mar 2024,NPM,15.66,VALID,Net Profit / Sales * 100,profitandloss,EXCELLENT,1.0,2026-07-19 11:42:19
ASIANPAINT,Mar 2024,OPM,21.37,VALID,Operating Profit / Sales * 100,profitandloss,GOOD,1.0,2026-07-19 11:42:19
ASIANPAINT,Mar 2024,ROE,29.68,VALID,PAT / (Equity + Reserves) * 100,profitandloss + balancesheet,EXCELLENT,1.0,2026-07-19 11:42:19
ASIANPAINT,Mar 2024,ROCE,35.77,VALID,EBIT / Capital Employed * 100,profitandloss + balancesheet,EXCELLENT,1.0,2026-07-19 11:42:19
ASIANPAINT,Mar 2024,ROA,18.59,VALID,PAT / Total Assets * 100,profitandloss + balancesheet,EXCELLENT,1.0,2026-07-19 11:42:19
ATGL,Mar 2018,NPM,11.79,VALID,Net Profit / Sales * 100,profitandloss,GOOD,1.0,2026-07-19 11:42:19
ATGL,Mar 2018,OPM,26.64,VALID,Operating Profit / Sales * 100,profitandloss,EXCELLENT,1.0,2026-07-19 11:42:19
ATGL,Mar 2018,ROE,15.94,VALID,PAT / (Equity + Reserves) * 100,profitandloss + balancesheet,GOOD,1.0,2026-07-19 11:42:19
ATGL,Mar 2018,ROCE,15.5,VALID,EBIT / Capital Employed * 100,profitandloss + balancesheet,GOOD,1.0,2026-07-19 11:42:19
ATGL,Mar 2018,ROA,5.78,VALID,PAT / Total Assets * 100,profitandloss + balancesheet,AVERAGE,1.0,2026-07-19 11:42:19
ATGL,Mar 2019,NPM,13.32,VALID,Net Profit / Sales * 100,profitandloss,GOOD,1.0,2026-07-19 11:42:19
ATGL,Mar 2019,OPM,26.47,VALID,Operating Profit / Sales * 100,profitandloss,EXCELLENT,1.0,2026-07-19 11:42:19
ATGL,Mar 2019,ROE,20.78,VALID,PAT / (Equity + Reserves) * 100,profitandloss + balancesheet,EXCELLENT,1.0,2026-07-19 11:42:19
ATGL,Mar 2019,ROCE,30.41,VALID,EBIT / Capital Employed * 100,profitandloss + balancesheet,EXCELLENT,1.0,2026-07-19 11:42:19
ATGL,Mar 2019,ROA,11.18,VALID,PAT / Total Assets * 100,profitandloss + balancesheet,GOOD,1.0,2026-07-19 11:42:19
ATGL,Mar 2020,NPM,23.25,VALID,Net Profit / Sales * 100,profitandloss,EXCELLENT,1.0,2026-07-19 11:42:19
ATGL,Mar 2020,OPM,31.73,VALID,Operating Profit / Sales * 100,profitandloss,EXCELLENT,1.0,2026-07-19 11:42:19
ATGL,Mar 2020,ROE,29.64,VALID,PAT / (Equity + Reserves) * 100,profitandloss + balancesheet,EXCELLENT,1.0,2026-07-19 11:42:19
ATGL,Mar 2020,ROCE,31.33,VALID,EBIT / Capital Employed * 100,profitandloss + balancesheet,EXCELLENT,1.0,2026-07-19 11:42:19
ATGL,Mar 2020,ROA,17.61,VALID,PAT / Total Assets * 100,profitandloss + balancesheet,EXCELLENT,1.0,2026-07-19 11:42:19
ATGL,Mar 2021,NPM,27.3,VALID,Net Profit / Sales * 100,profitandloss,EXCELLENT,1.0,2026-07-19 11:42:19
ATGL,Mar 2021,OPM,41.51,VALID,Operating Profit / Sales * 100,profitandloss,EXCELLENT,1.0,2026-07-19 11:42:19
ATGL,Mar 2021,ROE,23.94,VALID,PAT / (Equity + Reserves) * 100,profitandloss + balancesheet,EXCELLENT,1.0,2026-07-19 11:42:19
ATGL,Mar 2021,ROCE,28.58,VALID,EBIT / Capital Employed * 100,profitandloss + balancesheet,EXCELLENT,1.0,2026-07-19 11:42:19
ATGL,Mar 2021,ROA,14.45,VALID,PAT / Total Assets * 100,profitandloss + balancesheet,GOOD,1.0,2026-07-19 11:42:19
ATGL,Mar 2022,NPM,16.75,VALID,Net Profit / Sales * 100,profitandloss,EXCELLENT,1.0,2026-07-19 11:42:19
ATGL,Mar 2022,OPM,25.44,VALID,Operating Profit / Sales * 100,profitandloss,EXCELLENT,1.0,2026-07-19 11:42:19
ATGL,Mar 2022,ROE,21.07,VALID,PAT / (Equity + Reserves) * 100,profitandloss + balancesheet,EXCELLENT,1.0,2026-07-19 11:42:19
ATGL,Mar 2022,ROCE,22.4,VALID,EBIT / Capital Employed * 100,profitandloss + balancesheet,EXCELLENT,1.0,2026-07-19 11:42:19
ATGL,Mar 2022,ROA,11.53,VALID,PAT / Total Assets * 100,profitandloss + balancesheet,GOOD,1.0,2026-07-19 11:42:19
ATGL,Mar 2023,NPM,12.47,VALID,Net Profit / Sales * 100,profitandloss,GOOD,1.0,2026-07-19 11:42:19
ATGL,Mar 2023,OPM,19.87,VALID,Operating Profit / Sales * 100,profitandloss,GOOD,1.0,2026-07-19 11:42:19
ATGL,Mar 2023,ROE,18.57,VALID,PAT / (Equity + Reserves) * 100,profitandloss + balancesheet,GOOD,1.0,2026-07-19 11:42:19
ATGL,Mar 2023,ROCE,19.94,VALID,EBIT / Capital Employed * 100,profitandloss + balancesheet,GOOD,1.0,2026-07-19 11:42:19
ATGL,Mar 2023,ROA,9.67,VALID,PAT / Total Assets * 100,profitandloss + balancesheet,AVERAGE,1.0,2026-07-19 11:42:19
ATGL,Mar 2024,NPM,14.93,VALID,Net Profit / Sales * 100,profitandloss,GOOD,1.0,2026-07-19 11:42:19
ATGL,Mar 2024,OPM,24.67,VALID,Operating Profit / Sales * 100,profitandloss,GOOD,1.0,2026-07-19 11:42:19
ATGL,Mar 2024,ROE,18.66,VALID,PAT / (Equity + Reserves) * 100,profitandloss + balancesheet,GOOD,1.0,2026-07-19 11:42:19
ATGL,Mar 2024,ROCE,21.49,VALID,EBIT / Capital Employed * 100,profitandloss + balancesheet,EXCELLENT,1.0,2026-07-19 11:42:19
ATGL,Mar 2024,ROA,10.13,VALID,PAT / Total Assets * 100,profitandloss + balancesheet,GOOD,1.0,2026-07-19 11:42:19
BAJAJ-AUTO,Mar 2013,NPM,15.65,VALID,Net Profit / Sales * 100,profitandloss,EXCELLENT,1.0,2026-07-19 11:42:19
BAJAJ-AUTO,Mar 2013,OPM,18.26,VALID,Operating Profit / Sales * 100,profitandloss,GOOD,1.0,2026-07-19 11:42:19
BAJAJ-AUTO,Mar 2013,ROE,38.85,VALID,PAT / (Equity + Reserves) * 100,profitandloss + balancesheet,EXCELLENT,1.0,2026-07-19 11:42:19
BAJAJ-AUTO,Mar 2013,ROCE,44.69,VALID,EBIT / Capital Employed * 100,profitandloss + balancesheet,EXCELLENT,1.0,2026-07-19 11:42:19
BAJAJ-AUTO,Mar 2013,ROA,24.78,VALID,PAT / Total Assets * 100,profitandloss + balancesheet,EXCELLENT,1.0,2026-07-19 11:42:19
BAJAJ-AUTO,Mar 2014,NPM,16.79,VALID,Net Profit / Sales * 100,profitandloss,EXCELLENT,1.0,2026-07-19 11:42:19
BAJAJ-AUTO,Mar 2014,OPM,20.67,VALID,Operating Profit / Sales * 100,profitandloss,GOOD,1.0,2026-07-19 11:42:19
BAJAJ-AUTO,Mar 2014,ROE,33.24,VALID,PAT / (Equity + Reserves) * 100,profitandloss + balancesheet,EXCELLENT,1.0,2026-07-19 11:42:19
BAJAJ-AUTO,Mar 2014,ROCE,40.71,VALID,EBIT / Capital Employed * 100,profitandloss + balancesheet,EXCELLENT,1.0,2026-07-19 11:42:19
BAJAJ-AUTO,Mar 2014,ROA,22.08,VALID,PAT / Total Assets * 100,profitandloss + balancesheet,EXCELLENT,1.0,2026-07-19 11:42:19
BAJAJ-AUTO,Mar 2015,NPM,14.01,VALID,Net Profit / Sales * 100,profitandloss,GOOD,1.0,2026-07-19 11:42:19
BAJAJ-AUTO,Mar 2015,OPM,19.12,VALID,Operating Profit / Sales * 100,profitandloss,GOOD,1.0,2026-07-19 11:42:19
BAJAJ-AUTO,Mar 2015,ROE,27.27,VALID,PAT / (Equity + Reserves) * 100,profitandloss + balancesheet,EXCELLENT,1.0,2026-07-19 11:42:19
BAJAJ-AUTO,Mar 2015,ROCE,36.83,VALID,EBIT / Capital Employed * 100,profitandloss + balancesheet,EXCELLENT,1.0,2026-07-19 11:42:19
BAJAJ-AUTO,Mar 2015,ROA,18.95,VALID,PAT / Total Assets * 100,profitandloss + balancesheet,EXCELLENT,1.0,2026-07-19 11:42:19
BAJAJ-AUTO,Mar 2016,NPM,17.99,VALID,Net Profit / Sales * 100,profitandloss,EXCELLENT,1.0,2026-07-19 11:42:19
BAJAJ-AUTO,Mar 2016,OPM,21.23,VALID,Operating Profit / Sales * 100,profitandloss,GOOD,1.0,2026-07-19 11:42:19
BAJAJ-AUTO,Mar 2016,ROE,28.97,VALID,PAT / (Equity + Reserves) * 100,profitandloss + balancesheet,EXCELLENT,1.0,2026-07-19 11:42:19
BAJAJ-AUTO,Mar 2016,ROCE,33.9,VALID,EBIT / Capital Employed * 100,profitandloss + balancesheet,EXCELLENT,1.0,2026-07-19 11:42:19
BAJAJ-AUTO,Mar 2016,ROA,23.56,VALID,PAT / Total Assets * 100,profitandloss + balancesheet,EXCELLENT,1.0,2026-07-19 11:42:19
BAJAJ-AUTO,Mar 2017,NPM,18.75,VALID,Net Profit / Sales * 100,profitandloss,EXCELLENT,1.0,2026-07-19 11:42:19
BAJAJ-AUTO,Mar 2017,OPM,20.36,VALID,Operating Profit / Sales * 100,profitandloss,GOOD,1.0,2026-07-19 11:42:19
BAJAJ-AUTO,Mar 2017,ROE,22.84,VALID,PAT / (Equity + Reserves) * 100,profitandloss + balancesheet,EXCELLENT,1.0,2026-07-19 11:42:19
BAJAJ-AUTO,Mar 2017,ROCE,24.64,VALID,EBIT / Capital Employed * 100,profitandloss + balancesheet,EXCELLENT,1.0,2026-07-19 11:42:19
BAJAJ-AUTO,Mar 2017,ROA,18.85,VALID,PAT / Total Assets * 100,profitandloss + balancesheet,EXCELLENT,1.0,2026-07-19 11:42:19
BAJAJ-AUTO,Mar 2018,NPM,16.74,VALID,Net Profit / Sales * 100,profitandloss,EXCELLENT,1.0,2026-07-19 11:42:19
BAJAJ-AUTO,Mar 2018,OPM,19.22,VALID,Operating Profit / Sales * 100,profitandloss,GOOD,1.0,2026-07-19 11:42:19
BAJAJ-AUTO,Mar 2018,ROE,20.66,VALID,PAT / (Equity + Reserves) * 100,profitandloss + balancesheet,EXCELLENT,1.0,2026-07-19 11:42:19
BAJAJ-AUTO,Mar 2018,ROCE,23.59,VALID,EBIT / Capital Employed * 100,profitandloss + balancesheet,EXCELLENT,1.0,2026-07-19 11:42:19
BAJAJ-AUTO,Mar 2018,ROA,16.78,VALID,PAT / Total Assets * 100,profitandloss + balancesheet,EXCELLENT,1.0,2026-07-19 11:42:19
BAJAJ-AUTO,Mar 2019,NPM,16.23,VALID,Net Profit / Sales * 100,profitandloss,EXCELLENT,1.0,2026-07-19 11:42:19
BAJAJ-AUTO,Mar 2019,OPM,17.12,VALID,Operating Profit / Sales * 100,profitandloss,GOOD,1.0,2026-07-19 11:42:19
BAJAJ-AUTO,Mar 2019,ROE,21.21,VALID,PAT / (Equity + Reserves) * 100,profitandloss + balancesheet,EXCELLENT,1.0,2026-07-19 11:42:19
BAJAJ-AUTO,Mar 2019,ROCE,22.25,VALID,EBIT / Capital Employed * 100,profitandloss + balancesheet,EXCELLENT,1.0,2026-07-19 11:42:19
BAJAJ-AUTO,Mar 2019,ROA,17.09,VALID,PAT / Total Assets * 100,profitandloss + balancesheet,EXCELLENT,1.0,2026-07-19 11:42:19
BAJAJ-AUTO,Mar 2020,NPM,17.42,VALID,Net Profit / Sales * 100,profitandloss,EXCELLENT,1.0,2026-07-19 11:42:19
BAJAJ-AUTO,Mar 2020,OPM,17.08,VALID,Operating Profit / Sales * 100,profitandloss,GOOD,1.0,2026-07-19 11:42:19
BAJAJ-AUTO,Mar 2020,ROE,24.06,VALID,PAT / (Equity + Reserves) * 100,profitandloss + balancesheet,EXCELLENT,1.0,2026-07-19 11:42:19
BAJAJ-AUTO,Mar 2020,ROCE,23.45,VALID,EBIT / Capital Employed * 100,profitandloss + balancesheet,EXCELLENT,1.0,2026-07-19 11:42:19
BAJAJ-AUTO,Mar 2020,ROA,19.66,VALID,PAT / Total Assets * 100,profitandloss + balancesheet,EXCELLENT,1.0,2026-07-19 11:42:19
BAJAJ-AUTO,Mar 2021,NPM,17.51,VALID,Net Profit / Sales * 100,profitandloss,EXCELLENT,1.0,2026-07-19 11:42:19
BAJAJ-AUTO,Mar 2021,OPM,17.8,VALID,Operating Profit / Sales * 100,profitandloss,GOOD,1.0,2026-07-19 11:42:19
BAJAJ-AUTO,Mar 2021,ROE,17.81,VALID,PAT / (Equity + Reserves) * 100,profitandloss + balancesheet,GOOD,1.0,2026-07-19 11:42:19
BAJAJ-AUTO,Mar 2021,ROCE,18.03,VALID,EBIT / Capital Employed * 100,profitandloss + balancesheet,GOOD,1.0,2026-07-19 11:42:19
BAJAJ-AUTO,Mar 2021,ROA,14.45,VALID,PAT / Total Assets * 100,profitandloss + balancesheet,GOOD,1.0,2026-07-19 11:42:19
BAJAJ-AUTO,Mar 2022,NPM,18.6,VALID,Net Profit / Sales * 100,profitandloss,EXCELLENT,1.0,2026-07-19 11:42:19
BAJAJ-AUTO,Mar 2022,OPM,15.87,VALID,Operating Profit / Sales * 100,profitandloss,GOOD,1.0,2026-07-19 11:42:19
BAJAJ-AUTO,Mar 2022,ROE,20.65,VALID,PAT / (Equity + Reserves) * 100,profitandloss + balancesheet,EXCELLENT,1.0,2026-07-19 11:42:19
BAJAJ-AUTO,Mar 2022,ROCE,17.54,VALID,EBIT / Capital Employed * 100,profitandloss + balancesheet,GOOD,1.0,2026-07-19 11:42:19
BAJAJ-AUTO,Mar 2022,ROA,17.56,VALID,PAT / Total Assets * 100,profitandloss + balancesheet,EXCELLENT,1.0,2026-07-19 11:42:19
BAJAJ-AUTO,Mar 2023,NPM,16.62,VALID,Net Profit / Sales * 100,profitandloss,EXCELLENT,1.0,2026-07-19 11:42:19
BAJAJ-AUTO,Mar 2023,OPM,17.73,VALID,Operating Profit / Sales * 100,profitandloss,GOOD,1.0,2026-07-19 11:42:19
BAJAJ-AUTO,Mar 2023,ROE,20.64,VALID,PAT / (Equity + Reserves) * 100,profitandloss + balancesheet,EXCELLENT,1.0,2026-07-19 11:42:19
BAJAJ-AUTO,Mar 2023,ROCE,21.93,VALID,EBIT / Capital Employed * 100,profitandloss + balancesheet,EXCELLENT,1.0,2026-07-19 11:42:19
BAJAJ-AUTO,Mar 2023,ROA,17.25,VALID,PAT / Total Assets * 100,profitandloss + balancesheet,EXCELLENT,1.0,2026-07-19 11:42:19
BAJAJ-AUTO,Mar 2024,NPM,17.18,VALID,Net Profit / Sales * 100,profitandloss,EXCELLENT,1.0,2026-07-19 11:42:19
BAJAJ-AUTO,Mar 2024,OPM,19.53,VALID,Operating Profit / Sales * 100,profitandloss,GOOD,1.0,2026-07-19 11:42:19
BAJAJ-AUTO,Mar 2024,ROE,26.61,VALID,PAT / (Equity + Reserves) * 100,profitandloss + balancesheet,EXCELLENT,1.0,2026-07-19 11:42:19
BAJAJ-AUTO,Mar 2024,ROCE,28.39,VALID,EBIT / Capital Employed * 100,profitandloss + balancesheet,EXCELLENT,1.0,2026-07-19 11:42:19
BAJAJ-AUTO,Mar 2024,ROA,19.59,VALID,PAT / Total Assets * 100,profitandloss + balancesheet,EXCELLENT,1.0,2026-07-19 11:42:19
AXISBANK,Mar 2013,NPM,19.05,VALID,Net Profit / Sales * 100,profitandloss,EXCELLENT,1.0,2026-07-19 11:42:19
AXISBANK,Mar 2013,OPM,30.58,OPM_MISMATCH,Operating Profit / Sales * 100,profitandloss,EXCELLENT,1.0,2026-07-19 11:42:19
AXISBANK,Mar 2013,ROE,15.62,VALID,PAT / (Equity + Reserves) * 100,profitandloss + balancesheet,GOOD,1.0,2026-07-19 11:42:19
AXISBANK,Mar 2013,ROCE,2.52,VALID,EBIT / Capital Employed * 100,profitandloss + balancesheet,WEAK,1.0,2026-07-19 11:42:19
AXISBANK,Mar 2013,ROA,1.52,VALID,PAT / Total Assets * 100,profitandloss + balancesheet,WEAK,1.0,2026-07-19 11:42:19
AXISBANK,Mar 2014,NPM,20.29,VALID,Net Profit / Sales * 100,profitandloss,EXCELLENT,1.0,2026-07-19 11:42:19
AXISBANK,Mar 2014,OPM,31.47,OPM_MISMATCH,Operating Profit / Sales * 100,profitandloss,EXCELLENT,1.0,2026-07-19 11:42:19
AXISBANK,Mar 2014,ROE,16.19,VALID,PAT / (Equity + Reserves) * 100,profitandloss + balancesheet,GOOD,1.0,2026-07-19 11:42:19
AXISBANK,Mar 2014,ROCE,2.59,VALID,EBIT / Capital Employed * 100,profitandloss + balancesheet,WEAK,1.0,2026-07-19 11:42:19
AXISBANK,Mar 2014,ROA,1.61,VALID,PAT / Total Assets * 100,profitandloss + balancesheet,WEAK,1.0,2026-07-19 11:42:19
AXISBANK,Mar 2015,NPM,20.74,VALID,Net Profit / Sales * 100,profitandloss,EXCELLENT,1.0,2026-07-19 11:42:19
AXISBANK,Mar 2015,OPM,31.36,OPM_MISMATCH,Operating Profit / Sales * 100,profitandloss,EXCELLENT,1.0,2026-07-19 11:42:19
AXISBANK,Mar 2015,ROE,16.37,VALID,PAT / (Equity + Reserves) * 100,profitandloss + balancesheet,GOOD,1.0,2026-07-19 11:42:19
AXISBANK,Mar 2015,ROCE,2.46,VALID,EBIT / Capital Employed * 100,profitandloss + balancesheet,WEAK,1.0,2026-07-19 11:42:19
AXISBANK,Mar 2015,ROA,1.57,VALID,PAT / Total Assets * 100,profitandloss + balancesheet,WEAK,1.0,2026-07-19 11:42:19
AXISBANK,Mar 2016,NPM,20.06,VALID,Net Profit / Sales * 100,profitandloss,EXCELLENT,1.0,2026-07-19 11:42:19
AXISBANK,Mar 2016,OPM,32.61,OPM_MISMATCH,Operating Profit / Sales * 100,profitandloss,EXCELLENT,1.0,2026-07-19 11:42:19
AXISBANK,Mar 2016,ROE,15.36,VALID,PAT / (Equity + Reserves) * 100,profitandloss + balancesheet,GOOD,1.0,2026-07-19 11:42:19
AXISBANK,Mar 2016,ROCE,2.54,VALID,EBIT / Capital Employed * 100,profitandloss + balancesheet,WEAK,1.0,2026-07-19 11:42:19
AXISBANK,Mar 2016,ROA,1.51,VALID,PAT / Total Assets * 100,profitandloss + balancesheet,WEAK,1.0,2026-07-19 11:42:19
AXISBANK,Mar 2017,NPM,8.26,VALID,Net Profit / Sales * 100,profitandloss,AVERAGE,1.0,2026-07-19 11:42:19
AXISBANK,Mar 2017,OPM,53.45,OPM_MISMATCH,Operating Profit / Sales * 100,profitandloss,EXCELLENT,1.0,2026-07-19 11:42:19
AXISBANK,Mar 2017,ROE,6.53,VALID,PAT / (Equity + Reserves) * 100,profitandloss + balancesheet,WEAK,1.0,2026-07-19 11:42:19
AXISBANK,Mar 2017,ROCE,4.08,VALID,EBIT / Capital Employed * 100,profitandloss + balancesheet,WEAK,1.0,2026-07-19 11:42:19
AXISBANK,Mar 2017,ROA,0.6,VALID,PAT / Total Assets * 100,profitandloss + balancesheet,WEAK,1.0,2026-07-19 11:42:19
AXISBANK,Mar 2018,NPM,0.6,VALID,Net Profit / Sales * 100,profitandloss,WEAK,1.0,2026-07-19 11:42:19
AXISBANK,Mar 2018,OPM,63.12,OPM_MISMATCH,Operating Profit / Sales * 100,profitandloss,EXCELLENT,1.0,2026-07-19 11:42:19
AXISBANK,Mar 2018,ROE,0.43,VALID,PAT / (Equity + Reserves) * 100,profitandloss + balancesheet,WEAK,1.0,2026-07-19 11:42:19
AXISBANK,Mar 2018,ROCE,4.28,VALID,EBIT / Capital Employed * 100,profitandloss + balancesheet,WEAK,1.0,2026-07-19 11:42:19
AXISBANK,Mar 2018,ROA,0.04,VALID,PAT / Total Assets * 100,profitandloss + balancesheet,WEAK,1.0,2026-07-19 11:42:19
AXISBANK,Mar 2019,NPM,8.51,VALID,Net Profit / Sales * 100,profitandloss,AVERAGE,1.0,2026-07-19 11:42:19
AXISBANK,Mar 2019,OPM,49.39,OPM_MISMATCH,Operating Profit / Sales * 100,profitandloss,EXCELLENT,1.0,2026-07-19 11:42:19
AXISBANK,Mar 2019,ROE,6.9,VALID,PAT / (Equity + Reserves) * 100,profitandloss + balancesheet,WEAK,1.0,2026-07-19 11:42:19
AXISBANK,Mar 2019,ROCE,3.48,VALID,EBIT / Capital Employed * 100,profitandloss + balancesheet,WEAK,1.0,2026-07-19 11:42:19
AXISBANK,Mar 2019,ROA,0.57,VALID,PAT / Total Assets * 100,profitandloss + balancesheet,WEAK,1.0,2026-07-19 11:42:19
AXISBANK,Mar 2020,NPM,2.6,VALID,Net Profit / Sales * 100,profitandloss,WEAK,1.0,2026-07-19 11:42:19
AXISBANK,Mar 2020,OPM,55.98,OPM_MISMATCH,Operating Profit / Sales * 100,profitandloss,EXCELLENT,1.0,2026-07-19 11:42:19
AXISBANK,Mar 2020,ROE,1.88,VALID,PAT / (Equity + Reserves) * 100,profitandloss + balancesheet,WEAK,1.0,2026-07-19 11:42:19
AXISBANK,Mar 2020,ROCE,3.97,VALID,EBIT / Capital Employed * 100,profitandloss + balancesheet,WEAK,1.0,2026-07-19 11:42:19
AXISBANK,Mar 2020,ROA,0.18,VALID,PAT / Total Assets * 100,profitandloss + balancesheet,WEAK,1.0,2026-07-19 11:42:19
AXISBANK,Mar 2021,NPM,10.4,VALID,Net Profit / Sales * 100,profitandloss,GOOD,1.0,2026-07-19 11:42:19
AXISBANK,Mar 2021,OPM,50.12,OPM_MISMATCH,Operating Profit / Sales * 100,profitandloss,EXCELLENT,1.0,2026-07-19 11:42:19
AXISBANK,Mar 2021,ROE,6.36,VALID,PAT / (Equity + Reserves) * 100,profitandloss + balancesheet,WEAK,1.0,2026-07-19 11:42:19
AXISBANK,Mar 2021,ROCE,3.33,VALID,EBIT / Capital Employed * 100,profitandloss + balancesheet,WEAK,1.0,2026-07-19 11:42:19
AXISBANK,Mar 2021,ROA,0.66,VALID,PAT / Total Assets * 100,profitandloss + balancesheet,WEAK,1.0,2026-07-19 11:42:19
AXISBANK,Mar 2022,NPM,19.33,VALID,Net Profit / Sales * 100,profitandloss,EXCELLENT,1.0,2026-07-19 11:42:19
AXISBANK,Mar 2022,OPM,44.47,OPM_MISMATCH,Operating Profit / Sales * 100,profitandloss,EXCELLENT,1.0,2026-07-19 11:42:19
AXISBANK,Mar 2022,ROE,11.01,VALID,PAT / (Equity + Reserves) * 100,profitandloss + balancesheet,AVERAGE,1.0,2026-07-19 11:42:19
AXISBANK,Mar 2022,ROCE,2.63,VALID,EBIT / Capital Employed * 100,profitandloss + balancesheet,WEAK,1.0,2026-07-19 11:42:19
AXISBANK,Mar 2022,ROA,1.09,VALID,PAT / Total Assets * 100,profitandloss + balancesheet,WEAK,1.0,2026-07-19 11:42:19
AXISBANK,Mar 2023,NPM,11.25,VALID,Net Profit / Sales * 100,profitandloss,GOOD,1.0,2026-07-19 11:42:19
AXISBANK,Mar 2023,OPM,34.16,OPM_MISMATCH,Operating Profit / Sales * 100,profitandloss,EXCELLENT,1.0,2026-07-19 11:42:19
AXISBANK,Mar 2023,ROE,7.38,VALID,PAT / (Equity + Reserves) * 100,profitandloss + balancesheet,WEAK,1.0,2026-07-19 11:42:19
AXISBANK,Mar 2023,ROCE,2.27,VALID,EBIT / Capital Employed * 100,profitandloss + balancesheet,WEAK,1.0,2026-07-19 11:42:19
AXISBANK,Mar 2023,ROA,0.71,VALID,PAT / Total Assets * 100,profitandloss + balancesheet,WEAK,1.0,2026-07-19 11:42:19
AXISBANK,Mar 2024,NPM,22.73,VALID,Net Profit / Sales * 100,profitandloss,EXCELLENT,1.0,2026-07-19 11:42:19
AXISBANK,Mar 2024,OPM,34.69,OPM_MISMATCH,Operating Profit / Sales * 100,profitandloss,EXCELLENT,1.0,2026-07-19 11:42:19
AXISBANK,Mar 2024,ROE,15.83,VALID,PAT / (Equity + Reserves) * 100,profitandloss + balancesheet,GOOD,1.0,2026-07-19 11:42:19
AXISBANK,Mar 2024,ROCE,2.61,VALID,EBIT / Capital Employed * 100,profitandloss + balancesheet,WEAK,1.0,2026-07-19 11:42:19
AXISBANK,Mar 2024,ROA,1.64,VALID,PAT / Total Assets * 100,profitandloss + balancesheet,WEAK,1.0,2026-07-19 11:42:19
BAJAJFINSV,Mar 2013,NPM,27.49,VALID,Net Profit / Sales * 100,profitandloss,EXCELLENT,1.0,2026-07-19 11:42:19
BAJAJFINSV,Mar 2013,OPM,48.8,VALID,Operating Profit / Sales * 100,profitandloss,EXCELLENT,1.0,2026-07-19 11:42:19
BAJAJFINSV,Mar 2013,ROE,28.38,VALID,PAT / (Equity + Reserves) * 100,profitandloss + balancesheet,EXCELLENT,1.0,2026-07-19 11:42:19
BAJAJFINSV,Mar 2013,ROCE,18.91,VALID,EBIT / Capital Employed * 100,profitandloss + balancesheet,GOOD,1.0,2026-07-19 11:42:19
BAJAJFINSV,Mar 2013,ROA,3.39,VALID,PAT / Total Assets * 100,profitandloss + balancesheet,WEAK,1.0,2026-07-19 11:42:19
BAJAJFINSV,Mar 2014,NPM,36.38,VALID,Net Profit / Sales * 100,profitandloss,EXCELLENT,1.0,2026-07-19 11:42:19
BAJAJFINSV,Mar 2014,OPM,74.56,VALID,Operating Profit / Sales * 100,profitandloss,EXCELLENT,1.0,2026-07-19 11:42:19
BAJAJFINSV,Mar 2014,ROE,23.53,VALID,PAT / (Equity + Reserves) * 100,profitandloss + balancesheet,EXCELLENT,1.0,2026-07-19 11:42:19
BAJAJFINSV,Mar 2014,ROCE,15.58,VALID,EBIT / Capital Employed * 100,profitandloss + balancesheet,GOOD,1.0,2026-07-19 11:42:19
BAJAJFINSV,Mar 2014,ROA,2.95,VALID,PAT / Total Assets * 100,profitandloss + balancesheet,WEAK,1.0,2026-07-19 11:42:19
BAJAJFINSV,Mar 2015,NPM,21.25,VALID,Net Profit / Sales * 100,profitandloss,EXCELLENT,1.0,2026-07-19 11:42:19
BAJAJFINSV,Mar 2015,OPM,48.62,VALID,Operating Profit / Sales * 100,profitandloss,EXCELLENT,1.0,2026-07-19 11:42:19
BAJAJFINSV,Mar 2015,ROE,21.72,VALID,PAT / (Equity + Reserves) * 100,profitandloss + balancesheet,EXCELLENT,1.0,2026-07-19 11:42:19
BAJAJFINSV,Mar 2015,ROCE,14.73,VALID,EBIT / Capital Employed * 100,profitandloss + balancesheet,AVERAGE,1.0,2026-07-19 11:42:19
BAJAJFINSV,Mar 2015,ROA,2.73,VALID,PAT / Total Assets * 100,profitandloss + balancesheet,WEAK,1.0,2026-07-19 11:42:19
BAJAJFINSV,Mar 2016,NPM,13.51,VALID,Net Profit / Sales * 100,profitandloss,GOOD,1.0,2026-07-19 11:42:19
BAJAJFINSV,Mar 2016,OPM,32.82,VALID,Operating Profit / Sales * 100,profitandloss,EXCELLENT,1.0,2026-07-19 11:42:19
BAJAJFINSV,Mar 2016,ROE,20.41,VALID,PAT / (Equity + Reserves) * 100,profitandloss + balancesheet,EXCELLENT,1.0,2026-07-19 11:42:19
BAJAJFINSV,Mar 2016,ROCE,13.57,VALID,EBIT / Capital Employed * 100,profitandloss + balancesheet,AVERAGE,1.0,2026-07-19 11:42:19
BAJAJFINSV,Mar 2016,ROA,2.67,VALID,PAT / Total Assets * 100,profitandloss + balancesheet,WEAK,1.0,2026-07-19 11:42:19
BAJAJFINSV,Mar 2017,NPM,14.08,VALID,Net Profit / Sales * 100,profitandloss,GOOD,1.0,2026-07-19 11:42:19
BAJAJFINSV,Mar 2017,OPM,35.55,VALID,Operating Profit / Sales * 100,profitandloss,EXCELLENT,1.0,2026-07-19 11:42:19
BAJAJFINSV,Mar 2017,ROE,21.36,VALID,PAT / (Equity + Reserves) * 100,profitandloss + balancesheet,EXCELLENT,1.0,2026-07-19 11:42:19
BAJAJFINSV,Mar 2017,ROCE,13.52,VALID,EBIT / Capital Employed * 100,profitandloss + balancesheet,AVERAGE,1.0,2026-07-19 11:42:19
BAJAJFINSV,Mar 2017,ROA,2.68,VALID,PAT / Total Assets * 100,profitandloss + balancesheet,WEAK,1.0,2026-07-19 11:42:19
BAJAJFINSV,Mar 2018,NPM,12.71,VALID,Net Profit / Sales * 100,profitandloss,GOOD,1.0,2026-07-19 11:42:19
BAJAJFINSV,Mar 2018,OPM,32.83,VALID,Operating Profit / Sales * 100,profitandloss,EXCELLENT,1.0,2026-07-19 11:42:19
BAJAJFINSV,Mar 2018,ROE,20.39,VALID,PAT / (Equity + Reserves) * 100,profitandloss + balancesheet,EXCELLENT,1.0,2026-07-19 11:42:19
BAJAJFINSV,Mar 2018,ROCE,12.52,VALID,EBIT / Capital Employed * 100,profitandloss + balancesheet,AVERAGE,1.0,2026-07-19 11:42:19
BAJAJFINSV,Mar 2018,ROA,2.59,VALID,PAT / Total Assets * 100,profitandloss + balancesheet,WEAK,1.0,2026-07-19 11:42:19
BAJAJFINSV,Mar 2019,NPM,12.61,VALID,Net Profit / Sales * 100,profitandloss,GOOD,1.0,2026-07-19 11:42:19
BAJAJFINSV,Mar 2019,OPM,35.29,VALID,Operating Profit / Sales * 100,profitandloss,EXCELLENT,1.0,2026-07-19 11:42:19
BAJAJFINSV,Mar 2019,ROE,22.64,VALID,PAT / (Equity + Reserves) * 100,profitandloss + balancesheet,EXCELLENT,1.0,2026-07-19 11:42:19
BAJAJFINSV,Mar 2019,ROCE,12.18,VALID,EBIT / Capital Employed * 100,profitandloss + balancesheet,AVERAGE,1.0,2026-07-19 11:42:19
BAJAJFINSV,Mar 2019,ROA,2.58,VALID,PAT / Total Assets * 100,profitandloss + balancesheet,WEAK,1.0,2026-07-19 11:42:19
BAJAJFINSV,Mar 2020,NPM,11.03,VALID,Net Profit / Sales * 100,profitandloss,GOOD,1.0,2026-07-19 11:42:19
BAJAJFINSV,Mar 2020,OPM,33.59,VALID,Operating Profit / Sales * 100,profitandloss,EXCELLENT,1.0,2026-07-19 11:42:19
BAJAJFINSV,Mar 2020,ROE,19.15,VALID,PAT / (Equity + Reserves) * 100,profitandloss + balancesheet,GOOD,1.0,2026-07-19 11:42:19
BAJAJFINSV,Mar 2020,ROCE,11.52,VALID,EBIT / Capital Employed * 100,profitandloss + balancesheet,AVERAGE,1.0,2026-07-19 11:42:19
BAJAJFINSV,Mar 2020,ROA,2.39,VALID,PAT / Total Assets * 100,profitandloss + balancesheet,WEAK,1.0,2026-07-19 11:42:19
BAJAJFINSV,Mar 2021,NPM,12.16,VALID,Net Profit / Sales * 100,profitandloss,GOOD,1.0,2026-07-19 11:42:19
BAJAJFINSV,Mar 2021,OPM,32.42,VALID,Operating Profit / Sales * 100,profitandloss,EXCELLENT,1.0,2026-07-19 11:42:19
BAJAJFINSV,Mar 2021,ROE,20.56,VALID,PAT / (Equity + Reserves) * 100,profitandloss + balancesheet,EXCELLENT,1.0,2026-07-19 11:42:19
BAJAJFINSV,Mar 2021,ROCE,11.96,VALID,EBIT / Capital Employed * 100,profitandloss + balancesheet,AVERAGE,1.0,2026-07-19 11:42:19
BAJAJFINSV,Mar 2021,ROA,2.63,VALID,PAT / Total Assets * 100,profitandloss + balancesheet,WEAK,1.0,2026-07-19 11:42:19
BAJAJFINSV,Mar 2022,NPM,12.15,VALID,Net Profit / Sales * 100,profitandloss,GOOD,1.0,2026-07-19 11:42:19
BAJAJFINSV,Mar 2022,OPM,31.36,VALID,Operating Profit / Sales * 100,profitandloss,EXCELLENT,1.0,2026-07-19 11:42:19
BAJAJFINSV,Mar 2022,ROE,20.66,VALID,PAT / (Equity + Reserves) * 100,profitandloss + balancesheet,EXCELLENT,1.0,2026-07-19 11:42:19
BAJAJFINSV,Mar 2022,ROCE,10.65,VALID,EBIT / Capital Employed * 100,profitandloss + balancesheet,AVERAGE,1.0,2026-07-19 11:42:19
BAJAJFINSV,Mar 2022,ROA,2.49,VALID,PAT / Total Assets * 100,profitandloss + balancesheet,WEAK,1.0,2026-07-19 11:42:19
BAJAJFINSV,Mar 2023,NPM,14.88,VALID,Net Profit / Sales * 100,profitandloss,GOOD,1.0,2026-07-19 11:42:19
BAJAJFINSV,Mar 2023,OPM,36.39,VALID,Operating Profit / Sales * 100,profitandloss,EXCELLENT,1.0,2026-07-19 11:42:19
BAJAJFINSV,Mar 2023,ROE,26.31,VALID,PAT / (Equity + Reserves) * 100,profitandloss + balancesheet,EXCELLENT,1.0,2026-07-19 11:42:19
BAJAJFINSV,Mar 2023,ROCE,11.55,VALID,EBIT / Capital Employed * 100,profitandloss + balancesheet,AVERAGE,1.0,2026-07-19 11:42:19
BAJAJFINSV,Mar 2023,ROA,3.01,VALID,PAT / Total Assets * 100,profitandloss + balancesheet,WEAK,1.0,2026-07-19 11:42:19
BAJAJFINSV,Mar 2024,NPM,14.13,VALID,Net Profit / Sales * 100,profitandloss,GOOD,1.0,2026-07-19 11:42:19
BAJAJFINSV,Mar 2024,OPM,37.04,VALID,Operating Profit / Sales * 100,profitandloss,EXCELLENT,1.0,2026-07-19 11:42:19
BAJAJFINSV,Mar 2024,ROE,25.85,VALID,PAT / (Equity + Reserves) * 100,profitandloss + balancesheet,EXCELLENT,1.0,2026-07-19 11:42:19
BAJAJFINSV,Mar 2024,ROCE,11.71,VALID,EBIT / Capital Employed * 100,profitandloss + balancesheet,AVERAGE,1.0,2026-07-19 11:42:19
BAJAJFINSV,Mar 2024,ROA,2.9,VALID,PAT / Total Assets * 100,profitandloss + balancesheet,WEAK,1.0,2026-07-19 11:42:19
BAJAJHLDNG,Mar 2013,NPM,550.74,VALID,Net Profit / Sales * 100,profitandloss,EXCELLENT,1.0,2026-07-19 11:42:19
BAJAJHLDNG,Mar 2013,OPM,95.55,VALID,Operating Profit / Sales * 100,profitandloss,EXCELLENT,1.0,2026-07-19 11:42:19
BAJAJHLDNG,Mar 2013,ROE,17.94,VALID,PAT / (Equity + Reserves) * 100,profitandloss + balancesheet,GOOD,1.0,2026-07-19 11:42:19
BAJAJHLDNG,Mar 2013,ROCE,3.11,VALID,EBIT / Capital Employed * 100,profitandloss + balancesheet,WEAK,1.0,2026-07-19 11:42:19
BAJAJHLDNG,Mar 2013,ROA,17.23,VALID,PAT / Total Assets * 100,profitandloss + balancesheet,EXCELLENT,1.0,2026-07-19 11:42:19
BAJAJHLDNG,Mar 2014,NPM,469.98,VALID,Net Profit / Sales * 100,profitandloss,EXCELLENT,1.0,2026-07-19 11:42:19
BAJAJHLDNG,Mar 2014,OPM,94.56,VALID,Operating Profit / Sales * 100,profitandloss,EXCELLENT,1.0,2026-07-19 11:42:19
BAJAJHLDNG,Mar 2014,ROE,16.57,VALID,PAT / (Equity + Reserves) * 100,profitandloss + balancesheet,GOOD,1.0,2026-07-19 11:42:19
BAJAJHLDNG,Mar 2014,ROCE,3.33,VALID,EBIT / Capital Employed * 100,profitandloss + balancesheet,WEAK,1.0,2026-07-19 11:42:19
BAJAJHLDNG,Mar 2014,ROA,15.97,VALID,PAT / Total Assets * 100,profitandloss + balancesheet,EXCELLENT,1.0,2026-07-19 11:42:19
BAJAJHLDNG,Mar 2015,NPM,387.21,VALID,Net Profit / Sales * 100,profitandloss,EXCELLENT,1.0,2026-07-19 11:42:19
BAJAJHLDNG,Mar 2015,OPM,92.37,VALID,Operating Profit / Sales * 100,profitandloss,EXCELLENT,1.0,2026-07-19 11:42:19
BAJAJHLDNG,Mar 2015,ROE,15.15,VALID,PAT / (Equity + Reserves) * 100,profitandloss + balancesheet,GOOD,1.0,2026-07-19 11:42:19
BAJAJHLDNG,Mar 2015,ROCE,3.61,VALID,EBIT / Capital Employed * 100,profitandloss + balancesheet,WEAK,1.0,2026-07-19 11:42:19
BAJAJHLDNG,Mar 2015,ROA,14.6,VALID,PAT / Total Assets * 100,profitandloss + balancesheet,GOOD,1.0,2026-07-19 11:42:19
BAJAJHLDNG,Mar 2016,NPM,481.91,VALID,Net Profit / Sales * 100,profitandloss,EXCELLENT,1.0,2026-07-19 11:42:19
BAJAJHLDNG,Mar 2016,OPM,91.28,VALID,Operating Profit / Sales * 100,profitandloss,EXCELLENT,1.0,2026-07-19 11:42:19
BAJAJHLDNG,Mar 2016,ROE,14.81,VALID,PAT / (Equity + Reserves) * 100,profitandloss + balancesheet,AVERAGE,1.0,2026-07-19 11:42:19
BAJAJHLDNG,Mar 2016,ROCE,2.81,VALID,EBIT / Capital Employed * 100,profitandloss + balancesheet,WEAK,1.0,2026-07-19 11:42:19
BAJAJHLDNG,Mar 2016,ROA,14.64,VALID,PAT / Total Assets * 100,profitandloss + balancesheet,GOOD,1.0,2026-07-19 11:42:19
BAJAJHLDNG,Mar 2017,NPM,293.71,VALID,Net Profit / Sales * 100,profitandloss,EXCELLENT,1.0,2026-07-19 11:42:19
BAJAJHLDNG,Mar 2017,OPM,74.58,VALID,Operating Profit / Sales * 100,profitandloss,EXCELLENT,1.0,2026-07-19 11:42:19
BAJAJHLDNG,Mar 2017,ROE,13.88,VALID,PAT / (Equity + Reserves) * 100,profitandloss + balancesheet,AVERAGE,1.0,2026-07-19 11:42:19
BAJAJHLDNG,Mar 2017,ROCE,3.52,VALID,EBIT / Capital Employed * 100,profitandloss + balancesheet,WEAK,1.0,2026-07-19 11:42:19
BAJAJHLDNG,Mar 2017,ROA,13.82,VALID,PAT / Total Assets * 100,profitandloss + balancesheet,GOOD,1.0,2026-07-19 11:42:19
BAJAJHLDNG,Mar 2018,NPM,632.14,VALID,Net Profit / Sales * 100,profitandloss,EXCELLENT,1.0,2026-07-19 11:42:19
BAJAJHLDNG,Mar 2018,OPM,84.52,VALID,Operating Profit / Sales * 100,profitandloss,EXCELLENT,1.0,2026-07-19 11:42:19
BAJAJHLDNG,Mar 2018,ROE,10.54,VALID,PAT / (Equity + Reserves) * 100,profitandloss + balancesheet,AVERAGE,1.0,2026-07-19 11:42:19
BAJAJHLDNG,Mar 2018,ROCE,1.41,VALID,EBIT / Capital Employed * 100,profitandloss + balancesheet,WEAK,1.0,2026-07-19 11:42:19
BAJAJHLDNG,Mar 2018,ROA,10.51,VALID,PAT / Total Assets * 100,profitandloss + balancesheet,GOOD,1.0,2026-07-19 11:42:19
BAJAJHLDNG,Mar 2019,NPM,707.19,VALID,Net Profit / Sales * 100,profitandloss,EXCELLENT,1.0,2026-07-19 11:42:19
BAJAJHLDNG,Mar 2019,OPM,80.51,VALID,Operating Profit / Sales * 100,profitandloss,EXCELLENT,1.0,2026-07-19 11:42:19
BAJAJHLDNG,Mar 2019,ROE,11.31,VALID,PAT / (Equity + Reserves) * 100,profitandloss + balancesheet,AVERAGE,1.0,2026-07-19 11:42:19
BAJAJHLDNG,Mar 2019,ROCE,1.29,VALID,EBIT / Capital Employed * 100,profitandloss + balancesheet,WEAK,1.0,2026-07-19 11:42:19
BAJAJHLDNG,Mar 2019,ROA,11.29,VALID,PAT / Total Assets * 100,profitandloss + balancesheet,GOOD,1.0,2026-07-19 11:42:19
BAJAJHLDNG,Mar 2020,NPM,708.05,VALID,Net Profit / Sales * 100,profitandloss,EXCELLENT,1.0,2026-07-19 11:42:19
BAJAJHLDNG,Mar 2020,OPM,69.2,VALID,Operating Profit / Sales * 100,profitandloss,EXCELLENT,1.0,2026-07-19 11:42:19
BAJAJHLDNG,Mar 2020,ROE,11.09,VALID,PAT / (Equity + Reserves) * 100,profitandloss + balancesheet,AVERAGE,1.0,2026-07-19 11:42:19
BAJAJHLDNG,Mar 2020,ROCE,1.08,VALID,EBIT / Capital Employed * 100,profitandloss + balancesheet,WEAK,1.0,2026-07-19 11:42:19
BAJAJHLDNG,Mar 2020,ROA,9.41,VALID,PAT / Total Assets * 100,profitandloss + balancesheet,AVERAGE,1.0,2026-07-19 11:42:19
BAJAJHLDNG,Mar 2021,NPM,799.56,VALID,Net Profit / Sales * 100,profitandloss,EXCELLENT,1.0,2026-07-19 11:42:19
BAJAJHLDNG,Mar 2021,OPM,77.02,VALID,Operating Profit / Sales * 100,profitandloss,EXCELLENT,1.0,2026-07-19 11:42:19
BAJAJHLDNG,Mar 2021,ROE,9.83,VALID,PAT / (Equity + Reserves) * 100,profitandloss + balancesheet,WEAK,1.0,2026-07-19 11:42:19
BAJAJHLDNG,Mar 2021,ROCE,0.94,VALID,EBIT / Capital Employed * 100,profitandloss + balancesheet,WEAK,1.0,2026-07-19 11:42:19
BAJAJHLDNG,Mar 2021,ROA,8.03,VALID,PAT / Total Assets * 100,profitandloss + balancesheet,AVERAGE,1.0,2026-07-19 11:42:19
BAJAJHLDNG,Mar 2022,NPM,852.48,VALID,Net Profit / Sales * 100,profitandloss,EXCELLENT,1.0,2026-07-19 11:42:19
BAJAJHLDNG,Mar 2022,OPM,75.83,VALID,Operating Profit / Sales * 100,profitandloss,EXCELLENT,1.0,2026-07-19 11:42:19
BAJAJHLDNG,Mar 2022,ROE,9.63,VALID,PAT / (Equity + Reserves) * 100,profitandloss + balancesheet,WEAK,1.0,2026-07-19 11:42:19
BAJAJHLDNG,Mar 2022,ROCE,0.85,VALID,EBIT / Capital Employed * 100,profitandloss + balancesheet,WEAK,1.0,2026-07-19 11:42:19
BAJAJHLDNG,Mar 2022,ROA,7.7,VALID,PAT / Total Assets * 100,profitandloss + balancesheet,AVERAGE,1.0,2026-07-19 11:42:19
BAJAJHLDNG,Mar 2023,NPM,947.51,VALID,Net Profit / Sales * 100,profitandloss,EXCELLENT,1.0,2026-07-19 11:42:19
BAJAJHLDNG,Mar 2023,OPM,72.8,VALID,Operating Profit / Sales * 100,profitandloss,EXCELLENT,1.0,2026-07-19 11:42:19
BAJAJHLDNG,Mar 2023,ROE,11.19,VALID,PAT / (Equity + Reserves) * 100,profitandloss + balancesheet,AVERAGE,1.0,2026-07-19 11:42:19
BAJAJHLDNG,Mar 2023,ROCE,0.86,VALID,EBIT / Capital Employed * 100,profitandloss + balancesheet,WEAK,1.0,2026-07-19 11:42:19
BAJAJHLDNG,Mar 2023,ROA,9.3,VALID,PAT / Total Assets * 100,profitandloss + balancesheet,AVERAGE,1.0,2026-07-19 11:42:19
BAJAJHLDNG,Mar 2024,NPM,432.73,VALID,Net Profit / Sales * 100,profitandloss,EXCELLENT,1.0,2026-07-19 11:42:19
BAJAJHLDNG,Mar 2024,OPM,91.77,VALID,Operating Profit / Sales * 100,profitandloss,EXCELLENT,1.0,2026-07-19 11:42:19
BAJAJHLDNG,Mar 2024,ROE,13.58,VALID,PAT / (Equity + Reserves) * 100,profitandloss + balancesheet,AVERAGE,1.0,2026-07-19 11:42:19
BAJAJHLDNG,Mar 2024,ROCE,2.88,VALID,EBIT / Capital Employed * 100,profitandloss + balancesheet,WEAK,1.0,2026-07-19 11:42:19
BAJAJHLDNG,Mar 2024,ROA,11.3,VALID,PAT / Total Assets * 100,profitandloss + balancesheet,GOOD,1.0,2026-07-19 11:42:19
BAJFINANCE,Mar 2015,NPM,16.65,VALID,Net Profit / Sales * 100,profitandloss,EXCELLENT,1.0,2026-07-19 11:42:19
BAJFINANCE,Mar 2015,OPM,32.49,OPM_MISMATCH,Operating Profit / Sales * 100,profitandloss,EXCELLENT,1.0,2026-07-19 11:42:19
BAJFINANCE,Mar 2015,ROE,18.71,VALID,PAT / (Equity + Reserves) * 100,profitandloss + balancesheet,GOOD,1.0,2026-07-19 11:42:19
BAJFINANCE,Mar 2015,ROCE,5.57,VALID,EBIT / Capital Employed * 100,profitandloss + balancesheet,WEAK,1.0,2026-07-19 11:42:19
BAJFINANCE,Mar 2015,ROA,2.74,VALID,PAT / Total Assets * 100,profitandloss + balancesheet,WEAK,1.0,2026-07-19 11:42:19
BAJFINANCE,Mar 2016,NPM,17.52,VALID,Net Profit / Sales * 100,profitandloss,EXCELLENT,1.0,2026-07-19 11:42:19
BAJFINANCE,Mar 2016,OPM,32.25,OPM_MISMATCH,Operating Profit / Sales * 100,profitandloss,EXCELLENT,1.0,2026-07-19 11:42:19
BAJFINANCE,Mar 2016,ROE,17.22,VALID,PAT / (Equity + Reserves) * 100,profitandloss + balancesheet,GOOD,1.0,2026-07-19 11:42:19
BAJFINANCE,Mar 2016,ROCE,5.3,VALID,EBIT / Capital Employed * 100,profitandloss + balancesheet,WEAK,1.0,2026-07-19 11:42:19
BAJFINANCE,Mar 2016,ROA,2.72,VALID,PAT / Total Assets * 100,profitandloss + balancesheet,WEAK,1.0,2026-07-19 11:42:19
BAJFINANCE,Mar 2017,NPM,18.42,VALID,Net Profit / Sales * 100,profitandloss,EXCELLENT,1.0,2026-07-19 11:42:19
BAJFINANCE,Mar 2017,OPM,32.6,OPM_MISMATCH,Operating Profit / Sales * 100,profitandloss,EXCELLENT,1.0,2026-07-19 11:42:19
BAJFINANCE,Mar 2017,ROE,19.12,VALID,PAT / (Equity + Reserves) * 100,profitandloss + balancesheet,GOOD,1.0,2026-07-19 11:42:19
BAJFINANCE,Mar 2017,ROCE,5.52,VALID,EBIT / Capital Employed * 100,profitandloss + balancesheet,WEAK,1.0,2026-07-19 11:42:19
BAJFINANCE,Mar 2017,ROA,2.88,VALID,PAT / Total Assets * 100,profitandloss + balancesheet,WEAK,1.0,2026-07-19 11:42:19
BAJFINANCE,Mar 2018,NPM,19.58,VALID,Net Profit / Sales * 100,profitandloss,EXCELLENT,1.0,2026-07-19 11:42:19
BAJFINANCE,Mar 2018,OPM,32.28,OPM_MISMATCH,Operating Profit / Sales * 100,profitandloss,EXCELLENT,1.0,2026-07-19 11:42:19
BAJFINANCE,Mar 2018,ROE,15.75,VALID,PAT / (Equity + Reserves) * 100,profitandloss + balancesheet,GOOD,1.0,2026-07-19 11:42:19
BAJFINANCE,Mar 2018,ROCE,4.99,VALID,EBIT / Capital Employed * 100,profitandloss + balancesheet,WEAK,1.0,2026-07-19 11:42:19
BAJFINANCE,Mar 2018,ROA,2.94,VALID,PAT / Total Assets * 100,profitandloss + balancesheet,WEAK,1.0,2026-07-19 11:42:19
BAJFINANCE,Mar 2019,NPM,21.61,VALID,Net Profit / Sales * 100,profitandloss,EXCELLENT,1.0,2026-07-19 11:42:19
BAJFINANCE,Mar 2019,OPM,29.5,OPM_MISMATCH,Operating Profit / Sales * 100,profitandloss,EXCELLENT,1.0,2026-07-19 11:42:19
BAJFINANCE,Mar 2019,ROE,20.28,VALID,PAT / (Equity + Reserves) * 100,profitandloss + balancesheet,EXCELLENT,1.0,2026-07-19 11:42:19
BAJFINANCE,Mar 2019,ROCE,4.5,VALID,EBIT / Capital Employed * 100,profitandloss + balancesheet,WEAK,1.0,2026-07-19 11:42:19
BAJFINANCE,Mar 2019,ROA,3.22,VALID,PAT / Total Assets * 100,profitandloss + balancesheet,WEAK,1.0,2026-07-19 11:42:19
BAJFINANCE,Mar 2020,NPM,19.96,VALID,Net Profit / Sales * 100,profitandloss,EXCELLENT,1.0,2026-07-19 11:42:19
BAJFINANCE,Mar 2020,OPM,34.73,OPM_MISMATCH,Operating Profit / Sales * 100,profitandloss,EXCELLENT,1.0,2026-07-19 11:42:19
BAJFINANCE,Mar 2020,ROE,16.28,VALID,PAT / (Equity + Reserves) * 100,profitandloss + balancesheet,GOOD,1.0,2026-07-19 11:42:19
BAJFINANCE,Mar 2020,ROCE,5.65,VALID,EBIT / Capital Employed * 100,profitandloss + balancesheet,WEAK,1.0,2026-07-19 11:42:19
BAJFINANCE,Mar 2020,ROA,3.2,VALID,PAT / Total Assets * 100,profitandloss + balancesheet,WEAK,1.0,2026-07-19 11:42:19
BAJFINANCE,Mar 2021,NPM,16.57,VALID,Net Profit / Sales * 100,profitandloss,EXCELLENT,1.0,2026-07-19 11:42:19
BAJFINANCE,Mar 2021,OPM,40.64,OPM_MISMATCH,Operating Profit / Sales * 100,profitandloss,EXCELLENT,1.0,2026-07-19 11:42:19
BAJFINANCE,Mar 2021,ROE,11.97,VALID,PAT / (Equity + Reserves) * 100,profitandloss + balancesheet,AVERAGE,1.0,2026-07-19 11:42:19
BAJFINANCE,Mar 2021,ROCE,6.43,VALID,EBIT / Capital Employed * 100,profitandloss + balancesheet,WEAK,1.0,2026-07-19 11:42:19
BAJFINANCE,Mar 2021,ROA,2.58,VALID,PAT / Total Assets * 100,profitandloss + balancesheet,WEAK,1.0,2026-07-19 11:42:19
BAJFINANCE,Mar 2022,NPM,22.21,VALID,Net Profit / Sales * 100,profitandloss,EXCELLENT,1.0,2026-07-19 11:42:19
BAJFINANCE,Mar 2022,OPM,37.55,OPM_MISMATCH,Operating Profit / Sales * 100,profitandloss,EXCELLENT,1.0,2026-07-19 11:42:19
BAJFINANCE,Mar 2022,ROE,16.08,VALID,PAT / (Equity + Reserves) * 100,profitandloss + balancesheet,GOOD,1.0,2026-07-19 11:42:19
BAJFINANCE,Mar 2022,ROCE,5.69,VALID,EBIT / Capital Employed * 100,profitandloss + balancesheet,WEAK,1.0,2026-07-19 11:42:19
BAJFINANCE,Mar 2022,ROA,3.31,VALID,PAT / Total Assets * 100,profitandloss + balancesheet,WEAK,1.0,2026-07-19 11:42:19
BAJFINANCE,Mar 2023,NPM,27.79,VALID,Net Profit / Sales * 100,profitandloss,EXCELLENT,1.0,2026-07-19 11:42:19
BAJFINANCE,Mar 2023,OPM,30.65,OPM_MISMATCH,Operating Profit / Sales * 100,profitandloss,EXCELLENT,1.0,2026-07-19 11:42:19
BAJFINANCE,Mar 2023,ROE,21.17,VALID,PAT / (Equity + Reserves) * 100,profitandloss + balancesheet,EXCELLENT,1.0,2026-07-19 11:42:19
BAJFINANCE,Mar 2023,ROCE,4.68,VALID,EBIT / Capital Employed * 100,profitandloss + balancesheet,WEAK,1.0,2026-07-19 11:42:19
BAJFINANCE,Mar 2023,ROA,4.18,VALID,PAT / Total Assets * 100,profitandloss + balancesheet,WEAK,1.0,2026-07-19 11:42:19
BAJFINANCE,Mar 2024,NPM,26.29,VALID,Net Profit / Sales * 100,profitandloss,EXCELLENT,1.0,2026-07-19 11:42:19
BAJFINANCE,Mar 2024,OPM,29.29,OPM_MISMATCH,Operating Profit / Sales * 100,profitandloss,EXCELLENT,1.0,2026-07-19 11:42:19
BAJFINANCE,Mar 2024,ROE,18.84,VALID,PAT / (Equity + Reserves) * 100,profitandloss + balancesheet,GOOD,1.0,2026-07-19 11:42:19
BAJFINANCE,Mar 2024,ROCE,4.35,VALID,EBIT / Capital Employed * 100,profitandloss + balancesheet,WEAK,1.0,2026-07-19 11:42:19
BAJFINANCE,Mar 2024,ROA,3.85,VALID,PAT / Total Assets * 100,profitandloss + balancesheet,WEAK,1.0,2026-07-19 11:42:19
BANKBARODA,Mar 2013,NPM,13.25,VALID,Net Profit / Sales * 100,profitandloss,GOOD,1.0,2026-07-19 11:42:19
BANKBARODA,Mar 2013,OPM,30.05,OPM_MISMATCH,Operating Profit / Sales * 100,profitandloss,EXCELLENT,1.0,2026-07-19 11:42:19
BANKBARODA,Mar 2013,ROE,14.51,VALID,PAT / (Equity + Reserves) * 100,profitandloss + balancesheet,AVERAGE,1.0,2026-07-19 11:42:19
BANKBARODA,Mar 2013,ROCE,2.02,VALID,EBIT / Capital Employed * 100,profitandloss + balancesheet,WEAK,1.0,2026-07-19 11:42:19
BANKBARODA,Mar 2013,ROA,0.86,VALID,PAT / Total Assets * 100,profitandloss + balancesheet,WEAK,1.0,2026-07-19 11:42:19
BANKBARODA,Mar 2014,NPM,12.45,VALID,Net Profit / Sales * 100,profitandloss,GOOD,1.0,2026-07-19 11:42:19
BANKBARODA,Mar 2014,OPM,29.78,OPM_MISMATCH,Operating Profit / Sales * 100,profitandloss,EXCELLENT,1.0,2026-07-19 11:42:19
BANKBARODA,Mar 2014,ROE,13.31,VALID,PAT / (Equity + Reserves) * 100,profitandloss + balancesheet,AVERAGE,1.0,2026-07-19 11:42:19
BANKBARODA,Mar 2014,ROCE,1.84,VALID,EBIT / Capital Employed * 100,profitandloss + balancesheet,WEAK,1.0,2026-07-19 11:42:19
BANKBARODA,Mar 2014,ROA,0.74,VALID,PAT / Total Assets * 100,profitandloss + balancesheet,WEAK,1.0,2026-07-19 11:42:19
BANKBARODA,Mar 2015,NPM,8.79,VALID,Net Profit / Sales * 100,profitandloss,AVERAGE,1.0,2026-07-19 11:42:19
BANKBARODA,Mar 2015,OPM,29.98,OPM_MISMATCH,Operating Profit / Sales * 100,profitandloss,EXCELLENT,1.0,2026-07-19 11:42:19
BANKBARODA,Mar 2015,ROE,9.4,VALID,PAT / (Equity + Reserves) * 100,profitandloss + balancesheet,WEAK,1.0,2026-07-19 11:42:19
BANKBARODA,Mar 2015,ROCE,1.9,VALID,EBIT / Capital Employed * 100,profitandloss + balancesheet,WEAK,1.0,2026-07-19 11:42:19
BANKBARODA,Mar 2015,ROA,0.54,VALID,PAT / Total Assets * 100,profitandloss + balancesheet,WEAK,1.0,2026-07-19 11:42:19
BANKBARODA,Mar 2016,NPM,-10.99,VALID,Net Profit / Sales * 100,profitandloss,WEAK,1.0,2026-07-19 11:42:19
BANKBARODA,Mar 2016,OPM,55.44,OPM_MISMATCH,Operating Profit / Sales * 100,profitandloss,EXCELLENT,1.0,2026-07-19 11:42:19
BANKBARODA,Mar 2016,ROE,-11.84,VALID,PAT / (Equity + Reserves) * 100,profitandloss + balancesheet,WEAK,1.0,2026-07-19 11:42:19
BANKBARODA,Mar 2016,ROCE,3.83,VALID,EBIT / Capital Employed * 100,profitandloss + balancesheet,WEAK,1.0,2026-07-19 11:42:19
BANKBARODA,Mar 2016,ROA,-0.73,VALID,PAT / Total Assets * 100,profitandloss + balancesheet,WEAK,1.0,2026-07-19 11:42:19
BANKBARODA,Mar 2017,NPM,4.17,VALID,Net Profit / Sales * 100,profitandloss,WEAK,1.0,2026-07-19 11:42:19
BANKBARODA,Mar 2017,OPM,43.28,OPM_MISMATCH,Operating Profit / Sales * 100,profitandloss,EXCELLENT,1.0,2026-07-19 11:42:19
BANKBARODA,Mar 2017,ROE,4.31,VALID,PAT / (Equity + Reserves) * 100,profitandloss + balancesheet,WEAK,1.0,2026-07-19 11:42:19
BANKBARODA,Mar 2017,ROCE,2.78,VALID,EBIT / Capital Employed * 100,profitandloss + balancesheet,WEAK,1.0,2026-07-19 11:42:19
BANKBARODA,Mar 2017,ROA,0.26,VALID,PAT / Total Assets * 100,profitandloss + balancesheet,WEAK,1.0,2026-07-19 11:42:19
BANKBARODA,Mar 2018,NPM,-3.99,VALID,Net Profit / Sales * 100,profitandloss,WEAK,1.0,2026-07-19 11:42:19
BANKBARODA,Mar 2018,OPM,56.65,OPM_MISMATCH,Operating Profit / Sales * 100,profitandloss,EXCELLENT,1.0,2026-07-19 11:42:19
BANKBARODA,Mar 2018,ROE,-3.94,VALID,PAT / (Equity + Reserves) * 100,profitandloss + balancesheet,WEAK,1.0,2026-07-19 11:42:19
BANKBARODA,Mar 2018,ROCE,3.63,VALID,EBIT / Capital Employed * 100,profitandloss + balancesheet,WEAK,1.0,2026-07-19 11:42:19
BANKBARODA,Mar 2018,ROA,-0.25,VALID,PAT / Total Assets * 100,profitandloss + balancesheet,WEAK,1.0,2026-07-19 11:42:19
BANKBARODA,Mar 2019,NPM,2.2,VALID,Net Profit / Sales * 100,profitandloss,WEAK,1.0,2026-07-19 11:42:19
BANKBARODA,Mar 2019,OPM,48.79,OPM_MISMATCH,Operating Profit / Sales * 100,profitandloss,EXCELLENT,1.0,2026-07-19 11:42:19
BANKBARODA,Mar 2019,ROE,2.12,VALID,PAT / (Equity + Reserves) * 100,profitandloss + balancesheet,WEAK,1.0,2026-07-19 11:42:19
BANKBARODA,Mar 2019,ROCE,3.27,VALID,EBIT / Capital Employed * 100,profitandloss + balancesheet,WEAK,1.0,2026-07-19 11:42:19
BANKBARODA,Mar 2019,ROA,0.14,VALID,PAT / Total Assets * 100,profitandloss + balancesheet,WEAK,1.0,2026-07-19 11:42:19
BANKBARODA,Mar 2020,NPM,1.24,VALID,Net Profit / Sales * 100,profitandloss,WEAK,1.0,2026-07-19 11:42:19
BANKBARODA,Mar 2020,OPM,51.44,OPM_MISMATCH,Operating Profit / Sales * 100,profitandloss,EXCELLENT,1.0,2026-07-19 11:42:19
BANKBARODA,Mar 2020,ROE,1.29,VALID,PAT / (Equity + Reserves) * 100,profitandloss + balancesheet,WEAK,1.0,2026-07-19 11:42:19
BANKBARODA,Mar 2020,ROCE,3.54,VALID,EBIT / Capital Employed * 100,profitandloss + balancesheet,WEAK,1.0,2026-07-19 11:42:19
BANKBARODA,Mar 2020,ROA,0.08,VALID,PAT / Total Assets * 100,profitandloss + balancesheet,WEAK,1.0,2026-07-19 11:42:19
BANKBARODA,Mar 2021,NPM,2.18,VALID,Net Profit / Sales * 100,profitandloss,WEAK,1.0,2026-07-19 11:42:19
BANKBARODA,Mar 2021,OPM,51.23,OPM_MISMATCH,Operating Profit / Sales * 100,profitandloss,EXCELLENT,1.0,2026-07-19 11:42:19
BANKBARODA,Mar 2021,ROE,1.97,VALID,PAT / (Equity + Reserves) * 100,profitandloss + balancesheet,WEAK,1.0,2026-07-19 11:42:19
BANKBARODA,Mar 2021,ROCE,3.31,VALID,EBIT / Capital Employed * 100,profitandloss + balancesheet,WEAK,1.0,2026-07-19 11:42:19
BANKBARODA,Mar 2021,ROA,0.13,VALID,PAT / Total Assets * 100,profitandloss + balancesheet,WEAK,1.0,2026-07-19 11:42:19
BANKBARODA,Mar 2022,NPM,10.81,VALID,Net Profit / Sales * 100,profitandloss,GOOD,1.0,2026-07-19 11:42:19
BANKBARODA,Mar 2022,OPM,51.12,OPM_MISMATCH,Operating Profit / Sales * 100,profitandloss,EXCELLENT,1.0,2026-07-19 11:42:19
BANKBARODA,Mar 2022,ROE,8.64,VALID,PAT / (Equity + Reserves) * 100,profitandloss + balancesheet,WEAK,1.0,2026-07-19 11:42:19
BANKBARODA,Mar 2022,ROCE,2.94,VALID,EBIT / Capital Employed * 100,profitandloss + balancesheet,WEAK,1.0,2026-07-19 11:42:19
BANKBARODA,Mar 2022,ROA,0.59,VALID,PAT / Total Assets * 100,profitandloss + balancesheet,WEAK,1.0,2026-07-19 11:42:19
BANKBARODA,Mar 2023,NPM,15.88,VALID,Net Profit / Sales * 100,profitandloss,EXCELLENT,1.0,2026-07-19 11:42:19
BANKBARODA,Mar 2023,OPM,40.45,OPM_MISMATCH,Operating Profit / Sales * 100,profitandloss,EXCELLENT,1.0,2026-07-19 11:42:19
BANKBARODA,Mar 2023,ROE,14.28,VALID,PAT / (Equity + Reserves) * 100,profitandloss + balancesheet,AVERAGE,1.0,2026-07-19 11:42:19
BANKBARODA,Mar 2023,ROCE,2.64,VALID,EBIT / Capital Employed * 100,profitandloss + balancesheet,WEAK,1.0,2026-07-19 11:42:19
BANKBARODA,Mar 2023,ROA,0.98,VALID,PAT / Total Assets * 100,profitandloss + balancesheet,WEAK,1.0,2026-07-19 11:42:19
BANKBARODA,Mar 2024,NPM,15.94,VALID,Net Profit / Sales * 100,profitandloss,EXCELLENT,1.0,2026-07-19 11:42:19
BANKBARODA,Mar 2024,OPM,37.49,OPM_MISMATCH,Operating Profit / Sales * 100,profitandloss,EXCELLENT,1.0,2026-07-19 11:42:19
BANKBARODA,Mar 2024,ROE,15.76,VALID,PAT / (Equity + Reserves) * 100,profitandloss + balancesheet,GOOD,1.0,2026-07-19 11:42:19
BANKBARODA,Mar 2024,ROCE,2.82,VALID,EBIT / Capital Employed * 100,profitandloss + balancesheet,WEAK,1.0,2026-07-19 11:42:19
BANKBARODA,Mar 2024,ROA,1.14,VALID,PAT / Total Assets * 100,profitandloss + balancesheet,WEAK,1.0,2026-07-19 11:42:19
BHARTIARTL,Mar 2013,NPM,2.95,VALID,Net Profit / Sales * 100,profitandloss,WEAK,1.0,2026-07-19 11:42:19
BHARTIARTL,Mar 2013,OPM,29.84,VALID,Operating Profit / Sales * 100,profitandloss,EXCELLENT,1.0,2026-07-19 11:42:19
BHARTIARTL,Mar 2013,ROE,4.5,VALID,PAT / (Equity + Reserves) * 100,profitandloss + balancesheet,WEAK,1.0,2026-07-19 11:42:19
BHARTIARTL,Mar 2013,ROCE,19.61,VALID,EBIT / Capital Employed * 100,profitandloss + balancesheet,GOOD,1.0,2026-07-19 11:42:19
BHARTIARTL,Mar 2013,ROA,1.44,VALID,PAT / Total Assets * 100,profitandloss + balancesheet,WEAK,1.0,2026-07-19 11:42:19
BHARTIARTL,Mar 2014,NPM,3.52,VALID,Net Profit / Sales * 100,profitandloss,WEAK,1.0,2026-07-19 11:42:19
BHARTIARTL,Mar 2014,OPM,30.88,VALID,Operating Profit / Sales * 100,profitandloss,EXCELLENT,1.0,2026-07-19 11:42:19
BHARTIARTL,Mar 2014,ROE,5.05,VALID,PAT / (Equity + Reserves) * 100,profitandloss + balancesheet,WEAK,1.0,2026-07-19 11:42:19
BHARTIARTL,Mar 2014,ROCE,19.54,VALID,EBIT / Capital Employed * 100,profitandloss + balancesheet,GOOD,1.0,2026-07-19 11:42:19
BHARTIARTL,Mar 2014,ROA,1.66,VALID,PAT / Total Assets * 100,profitandloss + balancesheet,WEAK,1.0,2026-07-19 11:42:19
BHARTIARTL,Mar 2015,NPM,5.25,VALID,Net Profit / Sales * 100,profitandloss,AVERAGE,1.0,2026-07-19 11:42:19
BHARTIARTL,Mar 2015,OPM,34.97,VALID,Operating Profit / Sales * 100,profitandloss,EXCELLENT,1.0,2026-07-19 11:42:19
BHARTIARTL,Mar 2015,ROE,12.69,VALID,PAT / (Equity + Reserves) * 100,profitandloss + balancesheet,AVERAGE,1.0,2026-07-19 11:42:19
BHARTIARTL,Mar 2015,ROCE,27.28,VALID,EBIT / Capital Employed * 100,profitandloss + balancesheet,EXCELLENT,1.0,2026-07-19 11:42:19
BHARTIARTL,Mar 2015,ROA,2.77,VALID,PAT / Total Assets * 100,profitandloss + balancesheet,WEAK,1.0,2026-07-19 11:42:19
BHARTIARTL,Mar 2016,NPM,7.14,VALID,Net Profit / Sales * 100,profitandloss,AVERAGE,1.0,2026-07-19 11:42:19
BHARTIARTL,Mar 2016,OPM,35.2,VALID,Operating Profit / Sales * 100,profitandloss,EXCELLENT,1.0,2026-07-19 11:42:19
BHARTIARTL,Mar 2016,ROE,10.32,VALID,PAT / (Equity + Reserves) * 100,profitandloss + balancesheet,AVERAGE,1.0,2026-07-19 11:42:19
BHARTIARTL,Mar 2016,ROCE,20.3,VALID,EBIT / Capital Employed * 100,profitandloss + balancesheet,EXCELLENT,1.0,2026-07-19 11:42:19
BHARTIARTL,Mar 2016,ROA,3.07,VALID,PAT / Total Assets * 100,profitandloss + balancesheet,WEAK,1.0,2026-07-19 11:42:19
BHARTIARTL,Mar 2017,NPM,4.44,VALID,Net Profit / Sales * 100,profitandloss,WEAK,1.0,2026-07-19 11:42:19
BHARTIARTL,Mar 2017,OPM,37.01,VALID,Operating Profit / Sales * 100,profitandloss,EXCELLENT,1.0,2026-07-19 11:42:19
BHARTIARTL,Mar 2017,ROE,6.29,VALID,PAT / (Equity + Reserves) * 100,profitandloss + balancesheet,WEAK,1.0,2026-07-19 11:42:19
BHARTIARTL,Mar 2017,ROCE,20.22,VALID,EBIT / Capital Employed * 100,profitandloss + balancesheet,EXCELLENT,1.0,2026-07-19 11:42:19
BHARTIARTL,Mar 2017,ROA,1.83,VALID,PAT / Total Assets * 100,profitandloss + balancesheet,WEAK,1.0,2026-07-19 11:42:19
BHARTIARTL,Mar 2018,NPM,2.64,VALID,Net Profit / Sales * 100,profitandloss,WEAK,1.0,2026-07-19 11:42:19
BHARTIARTL,Mar 2018,OPM,36.4,VALID,Operating Profit / Sales * 100,profitandloss,EXCELLENT,1.0,2026-07-19 11:42:19
BHARTIARTL,Mar 2018,ROE,3.14,VALID,PAT / (Equity + Reserves) * 100,profitandloss + balancesheet,WEAK,1.0,2026-07-19 11:42:19
BHARTIARTL,Mar 2018,ROCE,16.63,VALID,EBIT / Capital Employed * 100,profitandloss + balancesheet,GOOD,1.0,2026-07-19 11:42:19
BHARTIARTL,Mar 2018,ROA,0.88,VALID,PAT / Total Assets * 100,profitandloss + balancesheet,WEAK,1.0,2026-07-19 11:42:19
BHARTIARTL,Mar 2019,NPM,2.09,VALID,Net Profit / Sales * 100,profitandloss,WEAK,1.0,2026-07-19 11:42:19
BHARTIARTL,Mar 2019,OPM,31.89,VALID,Operating Profit / Sales * 100,profitandloss,EXCELLENT,1.0,2026-07-19 11:42:19
BHARTIARTL,Mar 2019,ROE,2.36,VALID,PAT / (Equity + Reserves) * 100,profitandloss + balancesheet,WEAK,1.0,2026-07-19 11:42:19
BHARTIARTL,Mar 2019,ROCE,13.09,VALID,EBIT / Capital Employed * 100,profitandloss + balancesheet,AVERAGE,1.0,2026-07-19 11:42:19
BHARTIARTL,Mar 2019,ROA,0.62,VALID,PAT / Total Assets * 100,profitandloss + balancesheet,WEAK,1.0,2026-07-19 11:42:19
BHARTIARTL,Mar 2020,NPM,-35.03,VALID,Net Profit / Sales * 100,profitandloss,WEAK,1.0,2026-07-19 11:42:19
BHARTIARTL,Mar 2020,OPM,41.82,VALID,Operating Profit / Sales * 100,profitandloss,EXCELLENT,1.0,2026-07-19 11:42:19
BHARTIARTL,Mar 2020,ROE,-39.75,VALID,PAT / (Equity + Reserves) * 100,profitandloss + balancesheet,WEAK,1.0,2026-07-19 11:42:19
BHARTIARTL,Mar 2020,ROCE,16.24,VALID,EBIT / Capital Employed * 100,profitandloss + balancesheet,GOOD,1.0,2026-07-19 11:42:19
BHARTIARTL,Mar 2020,ROA,-8.54,VALID,PAT / Total Assets * 100,profitandloss + balancesheet,WEAK,1.0,2026-07-19 11:42:19
BHARTIARTL,Mar 2021,NPM,-12.29,VALID,Net Profit / Sales * 100,profitandloss,WEAK,1.0,2026-07-19 11:42:19
BHARTIARTL,Mar 2021,OPM,45.0,VALID,Operating Profit / Sales * 100,profitandloss,EXCELLENT,1.0,2026-07-19 11:42:19
BHARTIARTL,Mar 2021,ROE,-20.97,VALID,PAT / (Equity + Reserves) * 100,profitandloss + balancesheet,WEAK,1.0,2026-07-19 11:42:19
BHARTIARTL,Mar 2021,ROCE,20.42,VALID,EBIT / Capital Employed * 100,profitandloss + balancesheet,EXCELLENT,1.0,2026-07-19 11:42:19
BHARTIARTL,Mar 2021,ROA,-3.59,VALID,PAT / Total Assets * 100,profitandloss + balancesheet,WEAK,1.0,2026-07-19 11:42:19
BHARTIARTL,Mar 2022,NPM,7.13,VALID,Net Profit / Sales * 100,profitandloss,AVERAGE,1.0,2026-07-19 11:42:19
BHARTIARTL,Mar 2022,OPM,49.37,VALID,Operating Profit / Sales * 100,profitandloss,EXCELLENT,1.0,2026-07-19 11:42:19
BHARTIARTL,Mar 2022,ROE,12.48,VALID,PAT / (Equity + Reserves) * 100,profitandloss + balancesheet,AVERAGE,1.0,2026-07-19 11:42:19
BHARTIARTL,Mar 2022,ROCE,24.35,VALID,EBIT / Capital Employed * 100,profitandloss + balancesheet,EXCELLENT,1.0,2026-07-19 11:42:19
BHARTIARTL,Mar 2022,ROA,2.3,VALID,PAT / Total Assets * 100,profitandloss + balancesheet,WEAK,1.0,2026-07-19 11:42:19
BHARTIARTL,Mar 2023,NPM,8.83,VALID,Net Profit / Sales * 100,profitandloss,AVERAGE,1.0,2026-07-19 11:42:19
BHARTIARTL,Mar 2023,OPM,51.22,VALID,Operating Profit / Sales * 100,profitandloss,EXCELLENT,1.0,2026-07-19 11:42:19
BHARTIARTL,Mar 2023,ROE,15.84,VALID,PAT / (Equity + Reserves) * 100,profitandloss + balancesheet,GOOD,1.0,2026-07-19 11:42:19
BHARTIARTL,Mar 2023,ROCE,23.48,VALID,EBIT / Capital Employed * 100,profitandloss + balancesheet,EXCELLENT,1.0,2026-07-19 11:42:19
BHARTIARTL,Mar 2023,ROA,2.76,VALID,PAT / Total Assets * 100,profitandloss + balancesheet,WEAK,1.0,2026-07-19 11:42:19
BHARTIARTL,Mar 2024,NPM,5.71,VALID,Net Profit / Sales * 100,profitandloss,AVERAGE,1.0,2026-07-19 11:42:19
BHARTIARTL,Mar 2024,OPM,52.2,VALID,Operating Profit / Sales * 100,profitandloss,EXCELLENT,1.0,2026-07-19 11:42:19
BHARTIARTL,Mar 2024,ROE,10.36,VALID,PAT / (Equity + Reserves) * 100,profitandloss + balancesheet,AVERAGE,1.0,2026-07-19 11:42:19
BHARTIARTL,Mar 2024,ROCE,26.25,VALID,EBIT / Capital Employed * 100,profitandloss + balancesheet,EXCELLENT,1.0,2026-07-19 11:42:19
BHARTIARTL,Mar 2024,ROA,1.94,VALID,PAT / Total Assets * 100,profitandloss + balancesheet,WEAK,1.0,2026-07-19 11:42:19
BEL,Mar 2013,NPM,14.52,VALID,Net Profit / Sales * 100,profitandloss,GOOD,1.0,2026-07-19 11:42:19
BEL,Mar 2013,OPM,10.66,VALID,Operating Profit / Sales * 100,profitandloss,AVERAGE,1.0,2026-07-19 11:42:19
BEL,Mar 2013,ROE,15183.33,VALID,PAT / (Equity + Reserves) * 100,profitandloss + balancesheet,EXCELLENT,1.0,2026-07-19 11:42:19
BEL,Mar 2013,ROCE,2230.0,VALID,EBIT / Capital Employed * 100,profitandloss + balancesheet,EXCELLENT,1.0,2026-07-19 11:42:19
BEL,Mar 2013,ROA,2024.44,VALID,PAT / Total Assets * 100,profitandloss + balancesheet,EXCELLENT,1.0,2026-07-19 11:42:19
BEL,Mar 2014,NPM,14.61,VALID,Net Profit / Sales * 100,profitandloss,GOOD,1.0,2026-07-19 11:42:19
BEL,Mar 2014,OPM,14.19,VALID,Operating Profit / Sales * 100,profitandloss,AVERAGE,1.0,2026-07-19 11:42:19
BEL,Mar 2014,ROE,13600.0,VALID,PAT / (Equity + Reserves) * 100,profitandloss + balancesheet,EXCELLENT,1.0,2026-07-19 11:42:19
BEL,Mar 2014,ROCE,3303.57,VALID,EBIT / Capital Employed * 100,profitandloss + balancesheet,EXCELLENT,1.0,2026-07-19 11:42:19
BEL,Mar 2014,ROA,2069.57,VALID,PAT / Total Assets * 100,profitandloss + balancesheet,EXCELLENT,1.0,2026-07-19 11:42:19
BEL,Mar 2015,NPM,16.88,VALID,Net Profit / Sales * 100,profitandloss,EXCELLENT,1.0,2026-07-19 11:42:19
BEL,Mar 2015,OPM,16.62,VALID,Operating Profit / Sales * 100,profitandloss,GOOD,1.0,2026-07-19 11:42:19
BEL,Mar 2015,ROE,17100.0,VALID,PAT / (Equity + Reserves) * 100,profitandloss + balancesheet,EXCELLENT,1.0,2026-07-19 11:42:19
BEL,Mar 2015,ROCE,3572.73,VALID,EBIT / Capital Employed * 100,profitandloss + balancesheet,EXCELLENT,1.0,2026-07-19 11:42:19
BEL,Mar 2015,ROA,2442.86,VALID,PAT / Total Assets * 100,profitandloss + balancesheet,EXCELLENT,1.0,2026-07-19 11:42:19
BEL,Mar 2016,NPM,18.18,VALID,Net Profit / Sales * 100,profitandloss,EXCELLENT,1.0,2026-07-19 11:42:19
BEL,Mar 2016,OPM,18.94,VALID,Operating Profit / Sales * 100,profitandloss,GOOD,1.0,2026-07-19 11:42:19
BEL,Mar 2016,ROE,11141.67,VALID,PAT / (Equity + Reserves) * 100,profitandloss + balancesheet,EXCELLENT,1.0,2026-07-19 11:42:19
BEL,Mar 2016,ROCE,3764.86,VALID,EBIT / Capital Employed * 100,profitandloss + balancesheet,EXCELLENT,1.0,2026-07-19 11:42:19
BEL,Mar 2016,ROA,2571.15,VALID,PAT / Total Assets * 100,profitandloss + balancesheet,EXCELLENT,1.0,2026-07-19 11:42:19
BEL,Mar 2017,NPM,17.59,VALID,Net Profit / Sales * 100,profitandloss,EXCELLENT,1.0,2026-07-19 11:42:19
BEL,Mar 2017,OPM,20.7,VALID,Operating Profit / Sales * 100,profitandloss,GOOD,1.0,2026-07-19 11:42:19
BEL,Mar 2017,ROE,10153.33,VALID,PAT / (Equity + Reserves) * 100,profitandloss + balancesheet,EXCELLENT,1.0,2026-07-19 11:42:19
BEL,Mar 2017,ROCE,4072.73,VALID,EBIT / Capital Employed * 100,profitandloss + balancesheet,EXCELLENT,1.0,2026-07-19 11:42:19
BEL,Mar 2017,ROA,1977.92,VALID,PAT / Total Assets * 100,profitandloss + balancesheet,EXCELLENT,1.0,2026-07-19 11:42:19
BEL,Mar 2018,NPM,13.76,VALID,Net Profit / Sales * 100,profitandloss,GOOD,1.0,2026-07-19 11:42:19
BEL,Mar 2018,OPM,19.6,VALID,Operating Profit / Sales * 100,profitandloss,GOOD,1.0,2026-07-19 11:42:19
BEL,Mar 2018,ROE,4616.13,VALID,PAT / (Equity + Reserves) * 100,profitandloss + balancesheet,EXCELLENT,1.0,2026-07-19 11:42:19
BEL,Mar 2018,ROCE,2581.01,VALID,EBIT / Capital Employed * 100,profitandloss + balancesheet,EXCELLENT,1.0,2026-07-19 11:42:19
BEL,Mar 2018,ROA,1182.64,VALID,PAT / Total Assets * 100,profitandloss + balancesheet,EXCELLENT,1.0,2026-07-19 11:42:19
BEL,Mar 2019,NPM,15.51,VALID,Net Profit / Sales * 100,profitandloss,EXCELLENT,1.0,2026-07-19 11:42:19
BEL,Mar 2019,OPM,23.91,VALID,Operating Profit / Sales * 100,profitandloss,GOOD,1.0,2026-07-19 11:42:19
BEL,Mar 2019,ROE,3851.02,VALID,PAT / (Equity + Reserves) * 100,profitandloss + balancesheet,EXCELLENT,1.0,2026-07-19 11:42:19
BEL,Mar 2019,ROCE,3030.21,VALID,EBIT / Capital Employed * 100,profitandloss + balancesheet,EXCELLENT,1.0,2026-07-19 11:42:19
BEL,Mar 2019,ROA,1497.62,VALID,PAT / Total Assets * 100,profitandloss + balancesheet,EXCELLENT,1.0,2026-07-19 11:42:19
BEL,Mar 2020,NPM,14.07,VALID,Net Profit / Sales * 100,profitandloss,GOOD,1.0,2026-07-19 11:42:19
BEL,Mar 2020,OPM,21.28,VALID,Operating Profit / Sales * 100,profitandloss,GOOD,1.0,2026-07-19 11:42:19
BEL,Mar 2020,ROE,3318.18,VALID,PAT / (Equity + Reserves) * 100,profitandloss + balancesheet,EXCELLENT,1.0,2026-07-19 11:42:19
BEL,Mar 2020,ROCE,2786.87,VALID,EBIT / Capital Employed * 100,profitandloss + balancesheet,EXCELLENT,1.0,2026-07-19 11:42:19
BEL,Mar 2020,ROA,1495.9,VALID,PAT / Total Assets * 100,profitandloss + balancesheet,EXCELLENT,1.0,2026-07-19 11:42:19
BEL,Mar 2021,NPM,14.88,VALID,Net Profit / Sales * 100,profitandloss,GOOD,1.0,2026-07-19 11:42:19
BEL,Mar 2021,OPM,22.78,VALID,Operating Profit / Sales * 100,profitandloss,GOOD,1.0,2026-07-19 11:42:19
BEL,Mar 2021,ROE,3559.32,VALID,PAT / (Equity + Reserves) * 100,profitandloss + balancesheet,EXCELLENT,1.0,2026-07-19 11:42:19
BEL,Mar 2021,ROCE,2975.93,VALID,EBIT / Capital Employed * 100,profitandloss + balancesheet,EXCELLENT,1.0,2026-07-19 11:42:19
BEL,Mar 2021,ROA,1381.58,VALID,PAT / Total Assets * 100,profitandloss + balancesheet,EXCELLENT,1.0,2026-07-19 11:42:19
BEL,Mar 2022,NPM,15.62,VALID,Net Profit / Sales * 100,profitandloss,EXCELLENT,1.0,2026-07-19 11:42:19
BEL,Mar 2022,OPM,21.76,VALID,Operating Profit / Sales * 100,profitandloss,GOOD,1.0,2026-07-19 11:42:19
BEL,Mar 2022,ROE,3478.26,VALID,PAT / (Equity + Reserves) * 100,profitandloss + balancesheet,EXCELLENT,1.0,2026-07-19 11:42:19
BEL,Mar 2022,ROCE,2633.07,VALID,EBIT / Capital Employed * 100,profitandloss + balancesheet,EXCELLENT,1.0,2026-07-19 11:42:19
BEL,Mar 2022,ROA,1472.39,VALID,PAT / Total Assets * 100,profitandloss + balancesheet,EXCELLENT,1.0,2026-07-19 11:42:19
BEL,Mar 2023,NPM,16.84,VALID,Net Profit / Sales * 100,profitandloss,EXCELLENT,1.0,2026-07-19 11:42:19
BEL,Mar 2023,OPM,23.06,VALID,Operating Profit / Sales * 100,profitandloss,GOOD,1.0,2026-07-19 11:42:19
BEL,Mar 2023,ROE,3981.33,VALID,PAT / (Equity + Reserves) * 100,profitandloss + balancesheet,EXCELLENT,1.0,2026-07-19 11:42:19
BEL,Mar 2023,ROCE,3587.72,VALID,EBIT / Capital Employed * 100,profitandloss + balancesheet,EXCELLENT,1.0,2026-07-19 11:42:19
BEL,Mar 2023,ROA,2073.61,VALID,PAT / Total Assets * 100,profitandloss + balancesheet,EXCELLENT,1.0,2026-07-19 11:42:19
BEL,Mar 2024,NPM,19.66,VALID,Net Profit / Sales * 100,profitandloss,EXCELLENT,1.0,2026-07-19 11:42:19
BEL,Mar 2024,OPM,24.92,VALID,Operating Profit / Sales * 100,profitandloss,GOOD,1.0,2026-07-19 11:42:19
BEL,Mar 2024,ROE,4744.05,VALID,PAT / (Equity + Reserves) * 100,profitandloss + balancesheet,EXCELLENT,1.0,2026-07-19 11:42:19
BEL,Mar 2024,ROCE,3977.17,VALID,EBIT / Capital Employed * 100,profitandloss + balancesheet,EXCELLENT,1.0,2026-07-19 11:42:19
BEL,Mar 2024,ROA,2475.16,VALID,PAT / Total Assets * 100,profitandloss + balancesheet,EXCELLENT,1.0,2026-07-19 11:42:19
BHEL,Mar 2013,NPM,13.69,VALID,Net Profit / Sales * 100,profitandloss,GOOD,1.0,2026-07-19 11:42:19
BHEL,Mar 2013,OPM,19.39,VALID,Operating Profit / Sales * 100,profitandloss,GOOD,1.0,2026-07-19 11:42:19
BHEL,Mar 2013,ROE,21.91,VALID,PAT / (Equity + Reserves) * 100,profitandloss + balancesheet,EXCELLENT,1.0,2026-07-19 11:42:19
BHEL,Mar 2013,ROCE,28.52,VALID,EBIT / Capital Employed * 100,profitandloss + balancesheet,EXCELLENT,1.0,2026-07-19 11:42:19
BHEL,Mar 2013,ROA,9.32,VALID,PAT / Total Assets * 100,profitandloss + balancesheet,AVERAGE,1.0,2026-07-19 11:42:19
BHEL,Mar 2014,NPM,8.85,VALID,Net Profit / Sales * 100,profitandloss,AVERAGE,1.0,2026-07-19 11:42:19
BHEL,Mar 2014,OPM,11.57,VALID,Operating Profit / Sales * 100,profitandloss,AVERAGE,1.0,2026-07-19 11:42:19
BHEL,Mar 2014,ROE,10.56,VALID,PAT / (Equity + Reserves) * 100,profitandloss + balancesheet,AVERAGE,1.0,2026-07-19 11:42:19
BHEL,Mar 2014,ROCE,12.09,VALID,EBIT / Capital Employed * 100,profitandloss + balancesheet,AVERAGE,1.0,2026-07-19 11:42:19
BHEL,Mar 2014,ROA,4.65,VALID,PAT / Total Assets * 100,profitandloss + balancesheet,WEAK,1.0,2026-07-19 11:42:19
BHEL,Mar 2015,NPM,4.63,VALID,Net Profit / Sales * 100,profitandloss,WEAK,1.0,2026-07-19 11:42:19
BHEL,Mar 2015,OPM,6.84,VALID,Operating Profit / Sales * 100,profitandloss,WEAK,1.0,2026-07-19 11:42:19
BHEL,Mar 2015,ROE,4.24,VALID,PAT / (Equity + Reserves) * 100,profitandloss + balancesheet,WEAK,1.0,2026-07-19 11:42:19
BHEL,Mar 2015,ROCE,5.93,VALID,EBIT / Capital Employed * 100,profitandloss + balancesheet,WEAK,1.0,2026-07-19 11:42:19
BHEL,Mar 2015,ROA,2.04,VALID,PAT / Total Assets * 100,profitandloss + balancesheet,WEAK,1.0,2026-07-19 11:42:19
BHEL,Mar 2016,NPM,-2.77,VALID,Net Profit / Sales * 100,profitandloss,WEAK,1.0,2026-07-19 11:42:19
BHEL,Mar 2016,OPM,-5.32,VALID,Operating Profit / Sales * 100,profitandloss,WEAK,1.0,2026-07-19 11:42:19
BHEL,Mar 2016,ROE,-2.18,VALID,PAT / (Equity + Reserves) * 100,profitandloss + balancesheet,WEAK,1.0,2026-07-19 11:42:19
BHEL,Mar 2016,ROCE,-4.17,VALID,EBIT / Capital Employed * 100,profitandloss + balancesheet,WEAK,1.0,2026-07-19 11:42:19
BHEL,Mar 2016,ROA,-1.08,VALID,PAT / Total Assets * 100,profitandloss + balancesheet,WEAK,1.0,2026-07-19 11:42:19
BHEL,Mar 2017,NPM,1.6,VALID,Net Profit / Sales * 100,profitandloss,WEAK,1.0,2026-07-19 11:42:19
BHEL,Mar 2017,OPM,3.85,VALID,Operating Profit / Sales * 100,profitandloss,WEAK,1.0,2026-07-19 11:42:19
BHEL,Mar 2017,ROE,1.4,VALID,PAT / (Equity + Reserves) * 100,profitandloss + balancesheet,WEAK,1.0,2026-07-19 11:42:19
BHEL,Mar 2017,ROCE,3.36,VALID,EBIT / Capital Employed * 100,profitandloss + balancesheet,WEAK,1.0,2026-07-19 11:42:19
BHEL,Mar 2017,ROA,0.74,VALID,PAT / Total Assets * 100,profitandloss + balancesheet,WEAK,1.0,2026-07-19 11:42:19
BHEL,Mar 2018,NPM,1.52,VALID,Net Profit / Sales * 100,profitandloss,WEAK,1.0,2026-07-19 11:42:19
BHEL,Mar 2018,OPM,5.73,VALID,Operating Profit / Sales * 100,profitandloss,WEAK,1.0,2026-07-19 11:42:19
BHEL,Mar 2018,ROE,1.35,VALID,PAT / (Equity + Reserves) * 100,profitandloss + balancesheet,WEAK,1.0,2026-07-19 11:42:19
BHEL,Mar 2018,ROCE,5.09,VALID,EBIT / Capital Employed * 100,profitandloss + balancesheet,WEAK,1.0,2026-07-19 11:42:19
BHEL,Mar 2018,ROA,0.69,VALID,PAT / Total Assets * 100,profitandloss + balancesheet,WEAK,1.0,2026-07-19 11:42:19
BHEL,Mar 2019,NPM,3.29,VALID,Net Profit / Sales * 100,profitandloss,WEAK,1.0,2026-07-19 11:42:19
BHEL,Mar 2019,OPM,6.68,VALID,Operating Profit / Sales * 100,profitandloss,WEAK,1.0,2026-07-19 11:42:19
BHEL,Mar 2019,ROE,3.24,VALID,PAT / (Equity + Reserves) * 100,profitandloss + balancesheet,WEAK,1.0,2026-07-19 11:42:19
BHEL,Mar 2019,ROCE,6.07,VALID,EBIT / Capital Employed * 100,profitandloss + balancesheet,WEAK,1.0,2026-07-19 11:42:19
BHEL,Mar 2019,ROA,1.55,VALID,PAT / Total Assets * 100,profitandloss + balancesheet,WEAK,1.0,2026-07-19 11:42:19
BHEL,Mar 2020,NPM,-6.84,VALID,Net Profit / Sales * 100,profitandloss,WEAK,1.0,2026-07-19 11:42:19
BHEL,Mar 2020,OPM,-0.62,VALID,Operating Profit / Sales * 100,profitandloss,WEAK,1.0,2026-07-19 11:42:19
BHEL,Mar 2020,ROE,-5.12,VALID,PAT / (Equity + Reserves) * 100,profitandloss + balancesheet,WEAK,1.0,2026-07-19 11:42:19
BHEL,Mar 2020,ROCE,-0.39,VALID,EBIT / Capital Employed * 100,profitandloss + balancesheet,WEAK,1.0,2026-07-19 11:42:19
BHEL,Mar 2020,ROA,-2.43,VALID,PAT / Total Assets * 100,profitandloss + balancesheet,WEAK,1.0,2026-07-19 11:42:19
BHEL,Mar 2021,NPM,-15.6,VALID,Net Profit / Sales * 100,profitandloss,WEAK,1.0,2026-07-19 11:42:19
BHEL,Mar 2021,OPM,-17.62,VALID,Operating Profit / Sales * 100,profitandloss,WEAK,1.0,2026-07-19 11:42:19
BHEL,Mar 2021,ROE,-10.39,VALID,PAT / (Equity + Reserves) * 100,profitandloss + balancesheet,WEAK,1.0,2026-07-19 11:42:19
BHEL,Mar 2021,ROCE,-9.86,VALID,EBIT / Capital Employed * 100,profitandloss + balancesheet,WEAK,1.0,2026-07-19 11:42:19
BHEL,Mar 2021,ROA,-4.82,VALID,PAT / Total Assets * 100,profitandloss + balancesheet,WEAK,1.0,2026-07-19 11:42:19
BHEL,Mar 2022,NPM,2.1,VALID,Net Profit / Sales * 100,profitandloss,WEAK,1.0,2026-07-19 11:42:19
BHEL,Mar 2022,OPM,3.9,VALID,Operating Profit / Sales * 100,profitandloss,WEAK,1.0,2026-07-19 11:42:19
BHEL,Mar 2022,ROE,1.68,VALID,PAT / (Equity + Reserves) * 100,profitandloss + balancesheet,WEAK,1.0,2026-07-19 11:42:19
BHEL,Mar 2022,ROCE,2.64,VALID,EBIT / Capital Employed * 100,profitandloss + balancesheet,WEAK,1.0,2026-07-19 11:42:19
BHEL,Mar 2022,ROA,0.78,VALID,PAT / Total Assets * 100,profitandloss + balancesheet,WEAK,1.0,2026-07-19 11:42:19
BHEL,Mar 2023,NPM,2.8,VALID,Net Profit / Sales * 100,profitandloss,WEAK,1.0,2026-07-19 11:42:19
BHEL,Mar 2023,OPM,4.47,VALID,Operating Profit / Sales * 100,profitandloss,WEAK,1.0,2026-07-19 11:42:19
BHEL,Mar 2023,ROE,2.68,VALID,PAT / (Equity + Reserves) * 100,profitandloss + balancesheet,WEAK,1.0,2026-07-19 11:42:19
BHEL,Mar 2023,ROCE,3.5,VALID,EBIT / Capital Employed * 100,profitandloss + balancesheet,WEAK,1.0,2026-07-19 11:42:19
BHEL,Mar 2023,ROA,1.13,VALID,PAT / Total Assets * 100,profitandloss + balancesheet,WEAK,1.0,2026-07-19 11:42:19
BHEL,Mar 2024,NPM,1.18,VALID,Net Profit / Sales * 100,profitandloss,WEAK,1.0,2026-07-19 11:42:19
BHEL,Mar 2024,OPM,2.98,VALID,Operating Profit / Sales * 100,profitandloss,WEAK,1.0,2026-07-19 11:42:19
BHEL,Mar 2024,ROE,1.15,VALID,PAT / (Equity + Reserves) * 100,profitandloss + balancesheet,WEAK,1.0,2026-07-19 11:42:19
BHEL,Mar 2024,ROCE,2.14,VALID,EBIT / Capital Employed * 100,profitandloss + balancesheet,WEAK,1.0,2026-07-19 11:42:19
BHEL,Mar 2024,ROA,0.47,VALID,PAT / Total Assets * 100,profitandloss + balancesheet,WEAK,1.0,2026-07-19 11:42:19
BOSCHLTD,Dec 2012,NPM,11.06,VALID,Net Profit / Sales * 100,profitandloss,GOOD,1.0,2026-07-19 11:42:19
BOSCHLTD,Dec 2012,OPM,15.59,VALID,Operating Profit / Sales * 100,profitandloss,GOOD,1.0,2026-07-19 11:42:19
BOSCHLTD,Dec 2012,ROE,17.19,VALID,PAT / (Equity + Reserves) * 100,profitandloss + balancesheet,GOOD,1.0,2026-07-19 11:42:19
BOSCHLTD,Dec 2012,ROCE,23.26,VALID,EBIT / Capital Employed * 100,profitandloss + balancesheet,EXCELLENT,1.0,2026-07-19 11:42:19
BOSCHLTD,Dec 2012,ROA,12.12,VALID,PAT / Total Assets * 100,profitandloss + balancesheet,GOOD,1.0,2026-07-19 11:42:19
BOSCHLTD,Dec 2013,NPM,10.11,VALID,Net Profit / Sales * 100,profitandloss,GOOD,1.0,2026-07-19 11:42:19
BOSCHLTD,Dec 2013,OPM,14.72,VALID,Operating Profit / Sales * 100,profitandloss,AVERAGE,1.0,2026-07-19 11:42:19
BOSCHLTD,Dec 2013,ROE,14.06,VALID,PAT / (Equity + Reserves) * 100,profitandloss + balancesheet,AVERAGE,1.0,2026-07-19 11:42:19
BOSCHLTD,Dec 2013,ROCE,19.9,VALID,EBIT / Capital Employed * 100,profitandloss + balancesheet,GOOD,1.0,2026-07-19 11:42:19
BOSCHLTD,Dec 2013,ROA,9.95,VALID,PAT / Total Assets * 100,profitandloss + balancesheet,AVERAGE,1.0,2026-07-19 11:42:19
BOSCHLTD,Mar 2015,NPM,11.07,VALID,Net Profit / Sales * 100,profitandloss,GOOD,1.0,2026-07-19 11:42:19
BOSCHLTD,Mar 2015,OPM,16.39,VALID,Operating Profit / Sales * 100,profitandloss,GOOD,1.0,2026-07-19 11:42:19
BOSCHLTD,Mar 2015,ROE,18.21,VALID,PAT / (Equity + Reserves) * 100,profitandloss + balancesheet,GOOD,1.0,2026-07-19 11:42:19
BOSCHLTD,Mar 2015,ROCE,26.56,VALID,EBIT / Capital Employed * 100,profitandloss + balancesheet,EXCELLENT,1.0,2026-07-19 11:42:19
BOSCHLTD,Mar 2015,ROA,12.83,VALID,PAT / Total Assets * 100,profitandloss + balancesheet,GOOD,1.0,2026-07-19 11:42:19
BOSCHLTD,Mar 2016,NPM,15.78,VALID,Net Profit / Sales * 100,profitandloss,EXCELLENT,1.0,2026-07-19 11:42:19
BOSCHLTD,Mar 2016,OPM,19.36,VALID,Operating Profit / Sales * 100,profitandloss,GOOD,1.0,2026-07-19 11:42:19
BOSCHLTD,Mar 2016,ROE,16.06,VALID,PAT / (Equity + Reserves) * 100,profitandloss + balancesheet,GOOD,1.0,2026-07-19 11:42:19
BOSCHLTD,Mar 2016,ROCE,19.59,VALID,EBIT / Capital Employed * 100,profitandloss + balancesheet,GOOD,1.0,2026-07-19 11:42:19
BOSCHLTD,Mar 2016,ROA,12.31,VALID,PAT / Total Assets * 100,profitandloss + balancesheet,GOOD,1.0,2026-07-19 11:42:19
BOSCHLTD,Mar 2017,NPM,16.68,VALID,Net Profit / Sales * 100,profitandloss,EXCELLENT,1.0,2026-07-19 11:42:19
BOSCHLTD,Mar 2017,OPM,18.81,VALID,Operating Profit / Sales * 100,profitandloss,GOOD,1.0,2026-07-19 11:42:19
BOSCHLTD,Mar 2017,ROE,19.79,VALID,PAT / (Equity + Reserves) * 100,profitandloss + balancesheet,GOOD,1.0,2026-07-19 11:42:19
BOSCHLTD,Mar 2017,ROCE,22.31,VALID,EBIT / Capital Employed * 100,profitandloss + balancesheet,EXCELLENT,1.0,2026-07-19 11:42:19
BOSCHLTD,Mar 2017,ROA,14.75,VALID,PAT / Total Assets * 100,profitandloss + balancesheet,GOOD,1.0,2026-07-19 11:42:19
BOSCHLTD,Mar 2018,NPM,11.73,VALID,Net Profit / Sales * 100,profitandloss,GOOD,1.0,2026-07-19 11:42:19
BOSCHLTD,Mar 2018,OPM,17.9,VALID,Operating Profit / Sales * 100,profitandloss,GOOD,1.0,2026-07-19 11:42:19
BOSCHLTD,Mar 2018,ROE,13.74,VALID,PAT / (Equity + Reserves) * 100,profitandloss + balancesheet,AVERAGE,1.0,2026-07-19 11:42:19
BOSCHLTD,Mar 2018,ROCE,20.97,VALID,EBIT / Capital Employed * 100,profitandloss + balancesheet,EXCELLENT,1.0,2026-07-19 11:42:19
BOSCHLTD,Mar 2018,ROA,9.84,VALID,PAT / Total Assets * 100,profitandloss + balancesheet,AVERAGE,1.0,2026-07-19 11:42:19
BOSCHLTD,Mar 2019,NPM,13.22,VALID,Net Profit / Sales * 100,profitandloss,GOOD,1.0,2026-07-19 11:42:19
BOSCHLTD,Mar 2019,OPM,17.82,VALID,Operating Profit / Sales * 100,profitandloss,GOOD,1.0,2026-07-19 11:42:19
BOSCHLTD,Mar 2019,ROE,17.51,VALID,PAT / (Equity + Reserves) * 100,profitandloss + balancesheet,GOOD,1.0,2026-07-19 11:42:19
BOSCHLTD,Mar 2019,ROCE,23.6,VALID,EBIT / Capital Employed * 100,profitandloss + balancesheet,EXCELLENT,1.0,2026-07-19 11:42:19
BOSCHLTD,Mar 2019,ROA,12.57,VALID,PAT / Total Assets * 100,profitandloss + balancesheet,GOOD,1.0,2026-07-19 11:42:19
BOSCHLTD,Mar 2020,NPM,6.6,VALID,Net Profit / Sales * 100,profitandloss,AVERAGE,1.0,2026-07-19 11:42:19
BOSCHLTD,Mar 2020,OPM,15.07,VALID,Operating Profit / Sales * 100,profitandloss,GOOD,1.0,2026-07-19 11:42:19
BOSCHLTD,Mar 2020,ROE,7.01,VALID,PAT / (Equity + Reserves) * 100,profitandloss + balancesheet,WEAK,1.0,2026-07-19 11:42:19
BOSCHLTD,Mar 2020,ROCE,15.87,VALID,EBIT / Capital Employed * 100,profitandloss + balancesheet,GOOD,1.0,2026-07-19 11:42:19
BOSCHLTD,Mar 2020,ROA,4.88,VALID,PAT / Total Assets * 100,profitandloss + balancesheet,WEAK,1.0,2026-07-19 11:42:19
BOSCHLTD,Mar 2021,NPM,4.96,VALID,Net Profit / Sales * 100,profitandloss,WEAK,1.0,2026-07-19 11:42:19
BOSCHLTD,Mar 2021,OPM,11.97,VALID,Operating Profit / Sales * 100,profitandloss,AVERAGE,1.0,2026-07-19 11:42:19
BOSCHLTD,Mar 2021,ROE,4.91,VALID,PAT / (Equity + Reserves) * 100,profitandloss + balancesheet,WEAK,1.0,2026-07-19 11:42:19
BOSCHLTD,Mar 2021,ROCE,11.77,VALID,EBIT / Capital Employed * 100,profitandloss + balancesheet,AVERAGE,1.0,2026-07-19 11:42:19
BOSCHLTD,Mar 2021,ROA,3.26,VALID,PAT / Total Assets * 100,profitandloss + balancesheet,WEAK,1.0,2026-07-19 11:42:19
BOSCHLTD,Mar 2022,NPM,10.33,VALID,Net Profit / Sales * 100,profitandloss,GOOD,1.0,2026-07-19 11:42:19
BOSCHLTD,Mar 2022,OPM,12.41,VALID,Operating Profit / Sales * 100,profitandloss,AVERAGE,1.0,2026-07-19 11:42:19
BOSCHLTD,Mar 2022,ROE,11.39,VALID,PAT / (Equity + Reserves) * 100,profitandloss + balancesheet,AVERAGE,1.0,2026-07-19 11:42:19
BOSCHLTD,Mar 2022,ROCE,13.59,VALID,EBIT / Capital Employed * 100,profitandloss + balancesheet,AVERAGE,1.0,2026-07-19 11:42:19
BOSCHLTD,Mar 2022,ROA,7.9,VALID,PAT / Total Assets * 100,profitandloss + balancesheet,AVERAGE,1.0,2026-07-19 11:42:19
BOSCHLTD,Mar 2023,NPM,9.54,VALID,Net Profit / Sales * 100,profitandloss,AVERAGE,1.0,2026-07-19 11:42:19
BOSCHLTD,Mar 2023,OPM,12.12,VALID,Operating Profit / Sales * 100,profitandloss,AVERAGE,1.0,2026-07-19 11:42:19
BOSCHLTD,Mar 2023,ROE,12.93,VALID,PAT / (Equity + Reserves) * 100,profitandloss + balancesheet,AVERAGE,1.0,2026-07-19 11:42:19
BOSCHLTD,Mar 2023,ROCE,16.36,VALID,EBIT / Capital Employed * 100,profitandloss + balancesheet,GOOD,1.0,2026-07-19 11:42:19
BOSCHLTD,Mar 2023,ROA,8.76,VALID,PAT / Total Assets * 100,profitandloss + balancesheet,AVERAGE,1.0,2026-07-19 11:42:19
BOSCHLTD,Mar 2024,NPM,14.89,VALID,Net Profit / Sales * 100,profitandloss,GOOD,1.0,2026-07-19 11:42:19
BOSCHLTD,Mar 2024,OPM,12.52,VALID,Operating Profit / Sales * 100,profitandloss,AVERAGE,1.0,2026-07-19 11:42:19
BOSCHLTD,Mar 2024,ROE,20.64,VALID,PAT / (Equity + Reserves) * 100,profitandloss + balancesheet,EXCELLENT,1.0,2026-07-19 11:42:19
BOSCHLTD,Mar 2024,ROCE,17.31,VALID,EBIT / Capital Employed * 100,profitandloss + balancesheet,GOOD,1.0,2026-07-19 11:42:19
BOSCHLTD,Mar 2024,ROA,14.35,VALID,PAT / Total Assets * 100,profitandloss + balancesheet,GOOD,1.0,2026-07-19 11:42:19
BPCL,Mar 2013,NPM,0.8,VALID,Net Profit / Sales * 100,profitandloss,WEAK,1.0,2026-07-19 11:42:19
BPCL,Mar 2013,OPM,2.77,VALID,Operating Profit / Sales * 100,profitandloss,WEAK,1.0,2026-07-19 11:42:19
BPCL,Mar 2013,ROE,11.54,VALID,PAT / (Equity + Reserves) * 100,profitandloss + balancesheet,AVERAGE,1.0,2026-07-19 11:42:19
BPCL,Mar 2013,ROCE,13.44,VALID,EBIT / Capital Employed * 100,profitandloss + balancesheet,AVERAGE,1.0,2026-07-19 11:42:19
BPCL,Mar 2013,ROA,2.43,VALID,PAT / Total Assets * 100,profitandloss + balancesheet,WEAK,1.0,2026-07-19 11:42:19
BPCL,Mar 2014,NPM,1.53,VALID,Net Profit / Sales * 100,profitandloss,WEAK,1.0,2026-07-19 11:42:19
BPCL,Mar 2014,OPM,3.56,VALID,Operating Profit / Sales * 100,profitandloss,WEAK,1.0,2026-07-19 11:42:19
BPCL,Mar 2014,ROE,20.85,VALID,PAT / (Equity + Reserves) * 100,profitandloss + balancesheet,EXCELLENT,1.0,2026-07-19 11:42:19
BPCL,Mar 2014,ROCE,17.9,VALID,EBIT / Capital Employed * 100,profitandloss + balancesheet,GOOD,1.0,2026-07-19 11:42:19
BPCL,Mar 2014,ROA,4.58,VALID,PAT / Total Assets * 100,profitandloss + balancesheet,WEAK,1.0,2026-07-19 11:42:19
BPCL,Mar 2015,NPM,2.09,VALID,Net Profit / Sales * 100,profitandloss,WEAK,1.0,2026-07-19 11:42:19
BPCL,Mar 2015,OPM,4.03,VALID,Operating Profit / Sales * 100,profitandloss,WEAK,1.0,2026-07-19 11:42:19
BPCL,Mar 2015,ROE,22.52,VALID,PAT / (Equity + Reserves) * 100,profitandloss + balancesheet,EXCELLENT,1.0,2026-07-19 11:42:19
BPCL,Mar 2015,ROCE,20.35,VALID,EBIT / Capital Employed * 100,profitandloss + balancesheet,EXCELLENT,1.0,2026-07-19 11:42:19
BPCL,Mar 2015,ROA,5.89,VALID,PAT / Total Assets * 100,profitandloss + balancesheet,AVERAGE,1.0,2026-07-19 11:42:19
BPCL,Mar 2016,NPM,4.31,VALID,Net Profit / Sales * 100,profitandloss,WEAK,1.0,2026-07-19 11:42:19
BPCL,Mar 2016,OPM,6.91,VALID,Operating Profit / Sales * 100,profitandloss,WEAK,1.0,2026-07-19 11:42:19
BPCL,Mar 2016,ROE,29.1,VALID,PAT / (Equity + Reserves) * 100,profitandloss + balancesheet,EXCELLENT,1.0,2026-07-19 11:42:19
BPCL,Mar 2016,ROCE,25.34,VALID,EBIT / Capital Employed * 100,profitandloss + balancesheet,EXCELLENT,1.0,2026-07-19 11:42:19
BPCL,Mar 2016,ROA,9.36,VALID,PAT / Total Assets * 100,profitandloss + balancesheet,AVERAGE,1.0,2026-07-19 11:42:19
BPCL,Mar 2017,NPM,4.72,VALID,Net Profit / Sales * 100,profitandloss,WEAK,1.0,2026-07-19 11:42:19
BPCL,Mar 2017,OPM,6.85,VALID,Operating Profit / Sales * 100,profitandloss,WEAK,1.0,2026-07-19 11:42:19
BPCL,Mar 2017,ROE,30.85,VALID,PAT / (Equity + Reserves) * 100,profitandloss + balancesheet,EXCELLENT,1.0,2026-07-19 11:42:19
BPCL,Mar 2017,ROCE,20.71,VALID,EBIT / Capital Employed * 100,profitandloss + balancesheet,EXCELLENT,1.0,2026-07-19 11:42:19
BPCL,Mar 2017,ROA,8.72,VALID,PAT / Total Assets * 100,profitandloss + balancesheet,AVERAGE,1.0,2026-07-19 11:42:19
BPCL,Mar 2018,NPM,4.15,VALID,Net Profit / Sales * 100,profitandloss,WEAK,1.0,2026-07-19 11:42:19
BPCL,Mar 2018,OPM,6.49,VALID,Operating Profit / Sales * 100,profitandloss,WEAK,1.0,2026-07-19 11:42:19
BPCL,Mar 2018,ROE,26.74,VALID,PAT / (Equity + Reserves) * 100,profitandloss + balancesheet,EXCELLENT,1.0,2026-07-19 11:42:19
BPCL,Mar 2018,ROCE,20.62,VALID,EBIT / Capital Employed * 100,profitandloss + balancesheet,EXCELLENT,1.0,2026-07-19 11:42:19
BPCL,Mar 2018,ROA,8.14,VALID,PAT / Total Assets * 100,profitandloss + balancesheet,AVERAGE,1.0,2026-07-19 11:42:19
BPCL,Mar 2019,NPM,2.86,VALID,Net Profit / Sales * 100,profitandloss,WEAK,1.0,2026-07-19 11:42:19
BPCL,Mar 2019,OPM,5.07,VALID,Operating Profit / Sales * 100,profitandloss,WEAK,1.0,2026-07-19 11:42:19
BPCL,Mar 2019,ROE,22.0,VALID,PAT / (Equity + Reserves) * 100,profitandloss + balancesheet,EXCELLENT,1.0,2026-07-19 11:42:19
BPCL,Mar 2019,ROCE,18.08,VALID,EBIT / Capital Employed * 100,profitandloss + balancesheet,GOOD,1.0,2026-07-19 11:42:19
BPCL,Mar 2019,ROA,6.23,VALID,PAT / Total Assets * 100,profitandloss + balancesheet,AVERAGE,1.0,2026-07-19 11:42:19
BPCL,Mar 2020,NPM,1.29,VALID,Net Profit / Sales * 100,profitandloss,WEAK,1.0,2026-07-19 11:42:19
BPCL,Mar 2020,OPM,3.15,VALID,Operating Profit / Sales * 100,profitandloss,WEAK,1.0,2026-07-19 11:42:19
BPCL,Mar 2020,ROE,10.04,VALID,PAT / (Equity + Reserves) * 100,profitandloss + balancesheet,AVERAGE,1.0,2026-07-19 11:42:19
BPCL,Mar 2020,ROCE,8.8,VALID,EBIT / Capital Employed * 100,profitandloss + balancesheet,WEAK,1.0,2026-07-19 11:42:19
BPCL,Mar 2020,ROA,2.43,VALID,PAT / Total Assets * 100,profitandloss + balancesheet,WEAK,1.0,2026-07-19 11:42:19
BPCL,Mar 2021,NPM,7.52,VALID,Net Profit / Sales * 100,profitandloss,AVERAGE,1.0,2026-07-19 11:42:19
BPCL,Mar 2021,OPM,9.12,VALID,Operating Profit / Sales * 100,profitandloss,WEAK,1.0,2026-07-19 11:42:19
BPCL,Mar 2021,ROE,32.34,VALID,PAT / (Equity + Reserves) * 100,profitandloss + balancesheet,EXCELLENT,1.0,2026-07-19 11:42:19
BPCL,Mar 2021,ROCE,19.43,VALID,EBIT / Capital Employed * 100,profitandloss + balancesheet,GOOD,1.0,2026-07-19 11:42:19
BPCL,Mar 2021,ROA,10.76,VALID,PAT / Total Assets * 100,profitandloss + balancesheet,GOOD,1.0,2026-07-19 11:42:19
BPCL,Mar 2022,NPM,3.37,VALID,Net Profit / Sales * 100,profitandloss,WEAK,1.0,2026-07-19 11:42:19
BPCL,Mar 2022,OPM,5.52,VALID,Operating Profit / Sales * 100,profitandloss,WEAK,1.0,2026-07-19 11:42:19
BPCL,Mar 2022,ROE,22.51,VALID,PAT / (Equity + Reserves) * 100,profitandloss + balancesheet,EXCELLENT,1.0,2026-07-19 11:42:19
BPCL,Mar 2022,ROCE,16.44,VALID,EBIT / Capital Employed * 100,profitandloss + balancesheet,GOOD,1.0,2026-07-19 11:42:19
BPCL,Mar 2022,ROA,6.23,VALID,PAT / Total Assets * 100,profitandloss + balancesheet,AVERAGE,1.0,2026-07-19 11:42:19
BPCL,Mar 2023,NPM,0.45,VALID,Net Profit / Sales * 100,profitandloss,WEAK,1.0,2026-07-19 11:42:19
BPCL,Mar 2023,OPM,2.3,VALID,Operating Profit / Sales * 100,profitandloss,WEAK,1.0,2026-07-19 11:42:19
BPCL,Mar 2023,ROE,3.98,VALID,PAT / (Equity + Reserves) * 100,profitandloss + balancesheet,WEAK,1.0,2026-07-19 11:42:19
BPCL,Mar 2023,ROCE,8.87,VALID,EBIT / Capital Employed * 100,profitandloss + balancesheet,WEAK,1.0,2026-07-19 11:42:19
BPCL,Mar 2023,ROA,1.13,VALID,PAT / Total Assets * 100,profitandloss + balancesheet,WEAK,1.0,2026-07-19 11:42:19
BPCL,Mar 2024,NPM,5.99,VALID,Net Profit / Sales * 100,profitandloss,AVERAGE,1.0,2026-07-19 11:42:19
BPCL,Mar 2024,OPM,9.84,VALID,Operating Profit / Sales * 100,profitandloss,WEAK,1.0,2026-07-19 11:42:19
BPCL,Mar 2024,ROE,35.51,VALID,PAT / (Equity + Reserves) * 100,profitandloss + balancesheet,EXCELLENT,1.0,2026-07-19 11:42:19
BPCL,Mar 2024,ROCE,33.85,VALID,EBIT / Capital Employed * 100,profitandloss + balancesheet,EXCELLENT,1.0,2026-07-19 11:42:19
BPCL,Mar 2024,ROA,13.27,VALID,PAT / Total Assets * 100,profitandloss + balancesheet,GOOD,1.0,2026-07-19 11:42:19
BRITANNIA,Mar 2013,NPM,4.2,VALID,Net Profit / Sales * 100,profitandloss,WEAK,1.0,2026-07-19 11:42:19
BRITANNIA,Mar 2013,OPM,6.81,VALID,Operating Profit / Sales * 100,profitandloss,WEAK,1.0,2026-07-19 11:42:19
BRITANNIA,Mar 2013,ROE,46.59,VALID,PAT / (Equity + Reserves) * 100,profitandloss + balancesheet,EXCELLENT,1.0,2026-07-19 11:42:19
BRITANNIA,Mar 2013,ROCE,44.88,VALID,EBIT / Capital Employed * 100,profitandloss + balancesheet,EXCELLENT,1.0,2026-07-19 11:42:19
BRITANNIA,Mar 2013,ROA,13.81,VALID,PAT / Total Assets * 100,profitandloss + balancesheet,GOOD,1.0,2026-07-19 11:42:19
BRITANNIA,Mar 2014,NPM,5.71,VALID,Net Profit / Sales * 100,profitandloss,AVERAGE,1.0,2026-07-19 11:42:19
BRITANNIA,Mar 2014,OPM,9.07,VALID,Operating Profit / Sales * 100,profitandloss,WEAK,1.0,2026-07-19 11:42:19
BRITANNIA,Mar 2014,ROE,49.5,VALID,PAT / (Equity + Reserves) * 100,profitandloss + balancesheet,EXCELLENT,1.0,2026-07-19 11:42:19
BRITANNIA,Mar 2014,ROCE,66.14,VALID,EBIT / Capital Employed * 100,profitandloss + balancesheet,EXCELLENT,1.0,2026-07-19 11:42:19
BRITANNIA,Mar 2014,ROA,18.75,VALID,PAT / Total Assets * 100,profitandloss + balancesheet,EXCELLENT,1.0,2026-07-19 11:42:19
BRITANNIA,Mar 2015,NPM,8.77,VALID,Net Profit / Sales * 100,profitandloss,AVERAGE,1.0,2026-07-19 11:42:19
BRITANNIA,Mar 2015,OPM,11.07,VALID,Operating Profit / Sales * 100,profitandloss,AVERAGE,1.0,2026-07-19 11:42:19
BRITANNIA,Mar 2015,ROE,55.34,VALID,PAT / (Equity + Reserves) * 100,profitandloss + balancesheet,EXCELLENT,1.0,2026-07-19 11:42:19
BRITANNIA,Mar 2015,ROCE,62.59,VALID,EBIT / Capital Employed * 100,profitandloss + balancesheet,EXCELLENT,1.0,2026-07-19 11:42:19
BRITANNIA,Mar 2015,ROA,24.67,VALID,PAT / Total Assets * 100,profitandloss + balancesheet,EXCELLENT,1.0,2026-07-19 11:42:19
BRITANNIA,Mar 2016,NPM,9.82,VALID,Net Profit / Sales * 100,profitandloss,AVERAGE,1.0,2026-07-19 11:42:19
BRITANNIA,Mar 2016,OPM,14.58,VALID,Operating Profit / Sales * 100,profitandloss,AVERAGE,1.0,2026-07-19 11:42:19
BRITANNIA,Mar 2016,ROE,39.44,VALID,PAT / (Equity + Reserves) * 100,profitandloss + balancesheet,EXCELLENT,1.0,2026-07-19 11:42:19
BRITANNIA,Mar 2016,ROCE,55.06,VALID,EBIT / Capital Employed * 100,profitandloss + balancesheet,EXCELLENT,1.0,2026-07-19 11:42:19
BRITANNIA,Mar 2016,ROA,23.61,VALID,PAT / Total Assets * 100,profitandloss + balancesheet,EXCELLENT,1.0,2026-07-19 11:42:19
BRITANNIA,Mar 2017,NPM,9.77,VALID,Net Profit / Sales * 100,profitandloss,AVERAGE,1.0,2026-07-19 11:42:19
BRITANNIA,Mar 2017,OPM,14.12,VALID,Operating Profit / Sales * 100,profitandloss,AVERAGE,1.0,2026-07-19 11:42:19
BRITANNIA,Mar 2017,ROE,32.83,VALID,PAT / (Equity + Reserves) * 100,profitandloss + balancesheet,EXCELLENT,1.0,2026-07-19 11:42:19
BRITANNIA,Mar 2017,ROCE,45.3,VALID,EBIT / Capital Employed * 100,profitandloss + balancesheet,EXCELLENT,1.0,2026-07-19 11:42:19
BRITANNIA,Mar 2017,ROA,21.54,VALID,PAT / Total Assets * 100,profitandloss + balancesheet,EXCELLENT,1.0,2026-07-19 11:42:19
BRITANNIA,Mar 2018,NPM,10.13,VALID,Net Profit / Sales * 100,profitandloss,GOOD,1.0,2026-07-19 11:42:19
BRITANNIA,Mar 2018,OPM,15.14,VALID,Operating Profit / Sales * 100,profitandloss,GOOD,1.0,2026-07-19 11:42:19
BRITANNIA,Mar 2018,ROE,29.48,VALID,PAT / (Equity + Reserves) * 100,profitandloss + balancesheet,EXCELLENT,1.0,2026-07-19 11:42:19
BRITANNIA,Mar 2018,ROCE,41.61,VALID,EBIT / Capital Employed * 100,profitandloss + balancesheet,EXCELLENT,1.0,2026-07-19 11:42:19
BRITANNIA,Mar 2018,ROA,19.35,VALID,PAT / Total Assets * 100,profitandloss + balancesheet,EXCELLENT,1.0,2026-07-19 11:42:19
BRITANNIA,Mar 2019,NPM,10.45,VALID,Net Profit / Sales * 100,profitandloss,GOOD,1.0,2026-07-19 11:42:19
BRITANNIA,Mar 2019,OPM,15.67,VALID,Operating Profit / Sales * 100,profitandloss,GOOD,1.0,2026-07-19 11:42:19
BRITANNIA,Mar 2019,ROE,27.16,VALID,PAT / (Equity + Reserves) * 100,profitandloss + balancesheet,EXCELLENT,1.0,2026-07-19 11:42:19
BRITANNIA,Mar 2019,ROCE,39.28,VALID,EBIT / Capital Employed * 100,profitandloss + balancesheet,EXCELLENT,1.0,2026-07-19 11:42:19
BRITANNIA,Mar 2019,ROA,18.52,VALID,PAT / Total Assets * 100,profitandloss + balancesheet,EXCELLENT,1.0,2026-07-19 11:42:19
BRITANNIA,Mar 2020,NPM,12.02,VALID,Net Profit / Sales * 100,profitandloss,GOOD,1.0,2026-07-19 11:42:19
BRITANNIA,Mar 2020,OPM,15.89,VALID,Operating Profit / Sales * 100,profitandloss,GOOD,1.0,2026-07-19 11:42:19
BRITANNIA,Mar 2020,ROE,31.66,VALID,PAT / (Equity + Reserves) * 100,profitandloss + balancesheet,EXCELLENT,1.0,2026-07-19 11:42:19
BRITANNIA,Mar 2020,ROCE,31.02,VALID,EBIT / Capital Employed * 100,profitandloss + balancesheet,EXCELLENT,1.0,2026-07-19 11:42:19
BRITANNIA,Mar 2020,ROA,17.8,VALID,PAT / Total Assets * 100,profitandloss + balancesheet,EXCELLENT,1.0,2026-07-19 11:42:19
BRITANNIA,Mar 2021,NPM,14.09,VALID,Net Profit / Sales * 100,profitandloss,GOOD,1.0,2026-07-19 11:42:19
BRITANNIA,Mar 2021,OPM,19.1,VALID,Operating Profit / Sales * 100,profitandloss,GOOD,1.0,2026-07-19 11:42:19
BRITANNIA,Mar 2021,ROE,52.17,VALID,PAT / (Equity + Reserves) * 100,profitandloss + balancesheet,EXCELLENT,1.0,2026-07-19 11:42:19
BRITANNIA,Mar 2021,ROCE,44.25,VALID,EBIT / Capital Employed * 100,profitandloss + balancesheet,EXCELLENT,1.0,2026-07-19 11:42:19
BRITANNIA,Mar 2021,ROA,23.14,VALID,PAT / Total Assets * 100,profitandloss + balancesheet,EXCELLENT,1.0,2026-07-19 11:42:19
BRITANNIA,Mar 2022,NPM,10.72,VALID,Net Profit / Sales * 100,profitandloss,GOOD,1.0,2026-07-19 11:42:19
BRITANNIA,Mar 2022,OPM,15.57,VALID,Operating Profit / Sales * 100,profitandloss,GOOD,1.0,2026-07-19 11:42:19
BRITANNIA,Mar 2022,ROE,59.27,VALID,PAT / (Equity + Reserves) * 100,profitandloss + balancesheet,EXCELLENT,1.0,2026-07-19 11:42:19
BRITANNIA,Mar 2022,ROCE,43.68,VALID,EBIT / Capital Employed * 100,profitandloss + balancesheet,EXCELLENT,1.0,2026-07-19 11:42:19
BRITANNIA,Mar 2022,ROA,20.14,VALID,PAT / Total Assets * 100,profitandloss + balancesheet,EXCELLENT,1.0,2026-07-19 11:42:19
BRITANNIA,Mar 2023,NPM,14.21,VALID,Net Profit / Sales * 100,profitandloss,GOOD,1.0,2026-07-19 11:42:19
BRITANNIA,Mar 2023,OPM,17.37,VALID,Operating Profit / Sales * 100,profitandloss,GOOD,1.0,2026-07-19 11:42:19
BRITANNIA,Mar 2023,ROE,65.53,VALID,PAT / (Equity + Reserves) * 100,profitandloss + balancesheet,EXCELLENT,1.0,2026-07-19 11:42:19
BRITANNIA,Mar 2023,ROCE,43.35,VALID,EBIT / Capital Employed * 100,profitandloss + balancesheet,EXCELLENT,1.0,2026-07-19 11:42:19
BRITANNIA,Mar 2023,ROA,24.77,VALID,PAT / Total Assets * 100,profitandloss + balancesheet,EXCELLENT,1.0,2026-07-19 11:42:19
BRITANNIA,Mar 2024,NPM,12.73,VALID,Net Profit / Sales * 100,profitandloss,GOOD,1.0,2026-07-19 11:42:19
BRITANNIA,Mar 2024,OPM,18.89,VALID,Operating Profit / Sales * 100,profitandloss,GOOD,1.0,2026-07-19 11:42:19
BRITANNIA,Mar 2024,ROE,54.15,VALID,PAT / (Equity + Reserves) * 100,profitandloss + balancesheet,EXCELLENT,1.0,2026-07-19 11:42:19
BRITANNIA,Mar 2024,ROCE,52.73,VALID,EBIT / Capital Employed * 100,profitandloss + balancesheet,EXCELLENT,1.0,2026-07-19 11:42:19
BRITANNIA,Mar 2024,ROA,23.52,VALID,PAT / Total Assets * 100,profitandloss + balancesheet,EXCELLENT,1.0,2026-07-19 11:42:19
CANBK,Mar 2013,NPM,8.79,VALID,Net Profit / Sales * 100,profitandloss,AVERAGE,1.0,2026-07-19 11:42:19
CANBK,Mar 2013,OPM,21.18,OPM_MISMATCH,Operating Profit / Sales * 100,profitandloss,GOOD,1.0,2026-07-19 11:42:19
CANBK,Mar 2013,ROE,11.9,VALID,PAT / (Equity + Reserves) * 100,profitandloss + balancesheet,AVERAGE,1.0,2026-07-19 11:42:19
CANBK,Mar 2013,ROCE,1.8,VALID,EBIT / Capital Employed * 100,profitandloss + balancesheet,WEAK,1.0,2026-07-19 11:42:19
CANBK,Mar 2013,ROA,0.71,VALID,PAT / Total Assets * 100,profitandloss + balancesheet,WEAK,1.0,2026-07-19 11:42:19
CANBK,Mar 2014,NPM,6.75,VALID,Net Profit / Sales * 100,profitandloss,AVERAGE,1.0,2026-07-19 11:42:19
CANBK,Mar 2014,OPM,24.35,OPM_MISMATCH,Operating Profit / Sales * 100,profitandloss,GOOD,1.0,2026-07-19 11:42:19
CANBK,Mar 2014,ROE,8.85,VALID,PAT / (Equity + Reserves) * 100,profitandloss + balancesheet,WEAK,1.0,2026-07-19 11:42:19
CANBK,Mar 2014,ROCE,2.02,VALID,EBIT / Capital Employed * 100,profitandloss + balancesheet,WEAK,1.0,2026-07-19 11:42:19
CANBK,Mar 2014,ROA,0.53,VALID,PAT / Total Assets * 100,profitandloss + balancesheet,WEAK,1.0,2026-07-19 11:42:19
CANBK,Mar 2015,NPM,6.69,VALID,Net Profit / Sales * 100,profitandloss,AVERAGE,1.0,2026-07-19 11:42:19
CANBK,Mar 2015,OPM,23.51,OPM_MISMATCH,Operating Profit / Sales * 100,profitandloss,GOOD,1.0,2026-07-19 11:42:19
CANBK,Mar 2015,ROE,9.02,VALID,PAT / (Equity + Reserves) * 100,profitandloss + balancesheet,WEAK,1.0,2026-07-19 11:42:19
CANBK,Mar 2015,ROCE,1.94,VALID,EBIT / Capital Employed * 100,profitandloss + balancesheet,WEAK,1.0,2026-07-19 11:42:19
CANBK,Mar 2015,ROA,0.52,VALID,PAT / Total Assets * 100,profitandloss + balancesheet,WEAK,1.0,2026-07-19 11:42:19
CANBK,Mar 2016,NPM,-5.76,VALID,Net Profit / Sales * 100,profitandloss,WEAK,1.0,2026-07-19 11:42:19
CANBK,Mar 2016,OPM,40.38,OPM_MISMATCH,Operating Profit / Sales * 100,profitandloss,EXCELLENT,1.0,2026-07-19 11:42:19
CANBK,Mar 2016,ROE,-7.82,VALID,PAT / (Equity + Reserves) * 100,profitandloss + balancesheet,WEAK,1.0,2026-07-19 11:42:19
CANBK,Mar 2016,ROCE,3.3,VALID,EBIT / Capital Employed * 100,profitandloss + balancesheet,WEAK,1.0,2026-07-19 11:42:19
CANBK,Mar 2016,ROA,-0.45,VALID,PAT / Total Assets * 100,profitandloss + balancesheet,WEAK,1.0,2026-07-19 11:42:19
CANBK,Mar 2017,NPM,3.4,VALID,Net Profit / Sales * 100,profitandloss,WEAK,1.0,2026-07-19 11:42:19
CANBK,Mar 2017,OPM,37.85,OPM_MISMATCH,Operating Profit / Sales * 100,profitandloss,EXCELLENT,1.0,2026-07-19 11:42:19
CANBK,Mar 2017,ROE,4.07,VALID,PAT / (Equity + Reserves) * 100,profitandloss + balancesheet,WEAK,1.0,2026-07-19 11:42:19
CANBK,Mar 2017,ROCE,2.76,VALID,EBIT / Capital Employed * 100,profitandloss + balancesheet,WEAK,1.0,2026-07-19 11:42:19
CANBK,Mar 2017,ROA,0.24,VALID,PAT / Total Assets * 100,profitandloss + balancesheet,WEAK,1.0,2026-07-19 11:42:19
CANBK,Mar 2018,NPM,-9.37,VALID,Net Profit / Sales * 100,profitandloss,WEAK,1.0,2026-07-19 11:42:19
CANBK,Mar 2018,OPM,61.87,OPM_MISMATCH,Operating Profit / Sales * 100,profitandloss,EXCELLENT,1.0,2026-07-19 11:42:19
CANBK,Mar 2018,ROE,-10.5,VALID,PAT / (Equity + Reserves) * 100,profitandloss + balancesheet,WEAK,1.0,2026-07-19 11:42:19
CANBK,Mar 2018,ROCE,4.26,VALID,EBIT / Capital Employed * 100,profitandloss + balancesheet,WEAK,1.0,2026-07-19 11:42:19
CANBK,Mar 2018,ROA,-0.61,VALID,PAT / Total Assets * 100,profitandloss + balancesheet,WEAK,1.0,2026-07-19 11:42:19
CANBK,Mar 2019,NPM,1.45,VALID,Net Profit / Sales * 100,profitandloss,WEAK,1.0,2026-07-19 11:42:19
CANBK,Mar 2019,OPM,56.73,OPM_MISMATCH,Operating Profit / Sales * 100,profitandloss,EXCELLENT,1.0,2026-07-19 11:42:19
CANBK,Mar 2019,ROE,1.85,VALID,PAT / (Equity + Reserves) * 100,profitandloss + balancesheet,WEAK,1.0,2026-07-19 11:42:19
CANBK,Mar 2019,ROCE,4.01,VALID,EBIT / Capital Employed * 100,profitandloss + balancesheet,WEAK,1.0,2026-07-19 11:42:19
CANBK,Mar 2019,ROA,0.1,VALID,PAT / Total Assets * 100,profitandloss + balancesheet,WEAK,1.0,2026-07-19 11:42:19
CANBK,Mar 2020,NPM,-3.86,VALID,Net Profit / Sales * 100,profitandloss,WEAK,1.0,2026-07-19 11:42:19
CANBK,Mar 2020,OPM,53.88,OPM_MISMATCH,Operating Profit / Sales * 100,profitandloss,EXCELLENT,1.0,2026-07-19 11:42:19
CANBK,Mar 2020,ROE,-4.66,VALID,PAT / (Equity + Reserves) * 100,profitandloss + balancesheet,WEAK,1.0,2026-07-19 11:42:19
CANBK,Mar 2020,ROCE,3.78,VALID,EBIT / Capital Employed * 100,profitandloss + balancesheet,WEAK,1.0,2026-07-19 11:42:19
CANBK,Mar 2020,ROA,-0.26,VALID,PAT / Total Assets * 100,profitandloss + balancesheet,WEAK,1.0,2026-07-19 11:42:19
CANBK,Mar 2021,NPM,4.21,VALID,Net Profit / Sales * 100,profitandloss,WEAK,1.0,2026-07-19 11:42:19
CANBK,Mar 2021,OPM,61.83,OPM_MISMATCH,Operating Profit / Sales * 100,profitandloss,EXCELLENT,1.0,2026-07-19 11:42:19
CANBK,Mar 2021,ROE,4.74,VALID,PAT / (Equity + Reserves) * 100,profitandloss + balancesheet,WEAK,1.0,2026-07-19 11:42:19
CANBK,Mar 2021,ROCE,3.87,VALID,EBIT / Capital Employed * 100,profitandloss + balancesheet,WEAK,1.0,2026-07-19 11:42:19
CANBK,Mar 2021,ROA,0.25,VALID,PAT / Total Assets * 100,profitandloss + balancesheet,WEAK,1.0,2026-07-19 11:42:19
CANBK,Mar 2022,NPM,8.72,VALID,Net Profit / Sales * 100,profitandloss,AVERAGE,1.0,2026-07-19 11:42:19
CANBK,Mar 2022,OPM,58.39,OPM_MISMATCH,Operating Profit / Sales * 100,profitandloss,EXCELLENT,1.0,2026-07-19 11:42:19
CANBK,Mar 2022,ROE,8.8,VALID,PAT / (Equity + Reserves) * 100,profitandloss + balancesheet,WEAK,1.0,2026-07-19 11:42:19
CANBK,Mar 2022,ROCE,3.43,VALID,EBIT / Capital Employed * 100,profitandloss + balancesheet,WEAK,1.0,2026-07-19 11:42:19
CANBK,Mar 2022,ROA,0.49,VALID,PAT / Total Assets * 100,profitandloss + balancesheet,WEAK,1.0,2026-07-19 11:42:19
CANBK,Mar 2023,NPM,13.21,VALID,Net Profit / Sales * 100,profitandloss,GOOD,1.0,2026-07-19 11:42:19
CANBK,Mar 2023,OPM,49.8,OPM_MISMATCH,Operating Profit / Sales * 100,profitandloss,EXCELLENT,1.0,2026-07-19 11:42:19
CANBK,Mar 2023,ROE,14.53,VALID,PAT / (Equity + Reserves) * 100,profitandloss + balancesheet,AVERAGE,1.0,2026-07-19 11:42:19
CANBK,Mar 2023,ROCE,3.25,VALID,EBIT / Capital Employed * 100,profitandloss + balancesheet,WEAK,1.0,2026-07-19 11:42:19
CANBK,Mar 2023,ROA,0.82,VALID,PAT / Total Assets * 100,profitandloss + balancesheet,WEAK,1.0,2026-07-19 11:42:19
CANBK,Mar 2024,NPM,13.94,VALID,Net Profit / Sales * 100,profitandloss,GOOD,1.0,2026-07-19 11:42:19
CANBK,Mar 2024,OPM,41.75,OPM_MISMATCH,Operating Profit / Sales * 100,profitandloss,EXCELLENT,1.0,2026-07-19 11:42:19
CANBK,Mar 2024,ROE,16.72,VALID,PAT / (Equity + Reserves) * 100,profitandloss + balancesheet,GOOD,1.0,2026-07-19 11:42:19
CANBK,Mar 2024,ROCE,3.16,VALID,EBIT / Capital Employed * 100,profitandloss + balancesheet,WEAK,1.0,2026-07-19 11:42:19
CANBK,Mar 2024,ROA,1.0,VALID,PAT / Total Assets * 100,profitandloss + balancesheet,WEAK,1.0,2026-07-19 11:42:19
CHOLAFIN,Mar 2013,NPM,11.98,VALID,Net Profit / Sales * 100,profitandloss,GOOD,1.0,2026-07-19 11:42:19
CHOLAFIN,Mar 2013,OPM,26.77,OPM_MISMATCH,Operating Profit / Sales * 100,profitandloss,EXCELLENT,1.0,2026-07-19 11:42:19
CHOLAFIN,Mar 2013,ROE,15.78,VALID,PAT / (Equity + Reserves) * 100,profitandloss + balancesheet,GOOD,1.0,2026-07-19 11:42:19
CHOLAFIN,Mar 2013,ROCE,4.0,VALID,EBIT / Capital Employed * 100,profitandloss + balancesheet,WEAK,1.0,2026-07-19 11:42:19
CHOLAFIN,Mar 2013,ROA,1.69,VALID,PAT / Total Assets * 100,profitandloss + balancesheet,WEAK,1.0,2026-07-19 11:42:19
CHOLAFIN,Mar 2014,NPM,11.22,VALID,Net Profit / Sales * 100,profitandloss,GOOD,1.0,2026-07-19 11:42:19
CHOLAFIN,Mar 2014,OPM,28.42,OPM_MISMATCH,Operating Profit / Sales * 100,profitandloss,EXCELLENT,1.0,2026-07-19 11:42:19
CHOLAFIN,Mar 2014,ROE,16.09,VALID,PAT / (Equity + Reserves) * 100,profitandloss + balancesheet,GOOD,1.0,2026-07-19 11:42:19
CHOLAFIN,Mar 2014,ROCE,4.58,VALID,EBIT / Capital Employed * 100,profitandloss + balancesheet,WEAK,1.0,2026-07-19 11:42:19
CHOLAFIN,Mar 2014,ROA,1.71,VALID,PAT / Total Assets * 100,profitandloss + balancesheet,WEAK,1.0,2026-07-19 11:42:19
CHOLAFIN,Mar 2015,NPM,11.95,VALID,Net Profit / Sales * 100,profitandloss,GOOD,1.0,2026-07-19 11:42:19
CHOLAFIN,Mar 2015,OPM,28.56,OPM_MISMATCH,Operating Profit / Sales * 100,profitandloss,EXCELLENT,1.0,2026-07-19 11:42:19
CHOLAFIN,Mar 2015,ROE,16.6,VALID,PAT / (Equity + Reserves) * 100,profitandloss + balancesheet,GOOD,1.0,2026-07-19 11:42:19
CHOLAFIN,Mar 2015,ROCE,4.69,VALID,EBIT / Capital Employed * 100,profitandloss + balancesheet,WEAK,1.0,2026-07-19 11:42:19
CHOLAFIN,Mar 2015,ROA,1.86,VALID,PAT / Total Assets * 100,profitandloss + balancesheet,WEAK,1.0,2026-07-19 11:42:19
CHOLAFIN,Mar 2016,NPM,13.64,VALID,Net Profit / Sales * 100,profitandloss,GOOD,1.0,2026-07-19 11:42:19
CHOLAFIN,Mar 2016,OPM,30.04,OPM_MISMATCH,Operating Profit / Sales * 100,profitandloss,EXCELLENT,1.0,2026-07-19 11:42:19
CHOLAFIN,Mar 2016,ROE,15.67,VALID,PAT / (Equity + Reserves) * 100,profitandloss + balancesheet,GOOD,1.0,2026-07-19 11:42:19
CHOLAFIN,Mar 2016,ROCE,4.83,VALID,EBIT / Capital Employed * 100,profitandloss + balancesheet,WEAK,1.0,2026-07-19 11:42:19
CHOLAFIN,Mar 2016,ROA,2.06,VALID,PAT / Total Assets * 100,profitandloss + balancesheet,WEAK,1.0,2026-07-19 11:42:19
CHOLAFIN,Mar 2017,NPM,15.3,VALID,Net Profit / Sales * 100,profitandloss,EXCELLENT,1.0,2026-07-19 11:42:19
CHOLAFIN,Mar 2017,OPM,28.16,OPM_MISMATCH,Operating Profit / Sales * 100,profitandloss,EXCELLENT,1.0,2026-07-19 11:42:19
CHOLAFIN,Mar 2017,ROE,16.71,VALID,PAT / (Equity + Reserves) * 100,profitandloss + balancesheet,GOOD,1.0,2026-07-19 11:42:19
CHOLAFIN,Mar 2017,ROCE,4.66,VALID,EBIT / Capital Employed * 100,profitandloss + balancesheet,WEAK,1.0,2026-07-19 11:42:19
CHOLAFIN,Mar 2017,ROA,2.35,VALID,PAT / Total Assets * 100,profitandloss + balancesheet,WEAK,1.0,2026-07-19 11:42:19
CHOLAFIN,Mar 2018,NPM,16.51,VALID,Net Profit / Sales * 100,profitandloss,EXCELLENT,1.0,2026-07-19 11:42:19
CHOLAFIN,Mar 2018,OPM,26.1,OPM_MISMATCH,Operating Profit / Sales * 100,profitandloss,EXCELLENT,1.0,2026-07-19 11:42:19
CHOLAFIN,Mar 2018,ROE,17.91,VALID,PAT / (Equity + Reserves) * 100,profitandloss + balancesheet,GOOD,1.0,2026-07-19 11:42:19
CHOLAFIN,Mar 2018,ROCE,3.34,VALID,EBIT / Capital Employed * 100,profitandloss + balancesheet,WEAK,1.0,2026-07-19 11:42:19
CHOLAFIN,Mar 2018,ROA,2.08,VALID,PAT / Total Assets * 100,profitandloss + balancesheet,WEAK,1.0,2026-07-19 11:42:19
CHOLAFIN,Mar 2019,NPM,16.84,VALID,Net Profit / Sales * 100,profitandloss,EXCELLENT,1.0,2026-07-19 11:42:19
CHOLAFIN,Mar 2019,OPM,22.96,OPM_MISMATCH,Operating Profit / Sales * 100,profitandloss,GOOD,1.0,2026-07-19 11:42:19
CHOLAFIN,Mar 2019,ROE,19.28,VALID,PAT / (Equity + Reserves) * 100,profitandloss + balancesheet,GOOD,1.0,2026-07-19 11:42:19
CHOLAFIN,Mar 2019,ROCE,2.87,VALID,EBIT / Capital Employed * 100,profitandloss + balancesheet,WEAK,1.0,2026-07-19 11:42:19
CHOLAFIN,Mar 2019,ROA,2.08,VALID,PAT / Total Assets * 100,profitandloss + balancesheet,WEAK,1.0,2026-07-19 11:42:19
CHOLAFIN,Mar 2020,NPM,12.1,VALID,Net Profit / Sales * 100,profitandloss,GOOD,1.0,2026-07-19 11:42:19
CHOLAFIN,Mar 2020,OPM,27.79,OPM_MISMATCH,Operating Profit / Sales * 100,profitandloss,EXCELLENT,1.0,2026-07-19 11:42:19
CHOLAFIN,Mar 2020,ROE,12.85,VALID,PAT / (Equity + Reserves) * 100,profitandloss + balancesheet,AVERAGE,1.0,2026-07-19 11:42:19
CHOLAFIN,Mar 2020,ROCE,3.83,VALID,EBIT / Capital Employed * 100,profitandloss + balancesheet,WEAK,1.0,2026-07-19 11:42:19
CHOLAFIN,Mar 2020,ROA,1.65,VALID,PAT / Total Assets * 100,profitandloss + balancesheet,WEAK,1.0,2026-07-19 11:42:19
CHOLAFIN,Mar 2021,NPM,15.87,VALID,Net Profit / Sales * 100,profitandloss,EXCELLENT,1.0,2026-07-19 11:42:19
CHOLAFIN,Mar 2021,OPM,30.4,OPM_MISMATCH,Operating Profit / Sales * 100,profitandloss,EXCELLENT,1.0,2026-07-19 11:42:19
CHOLAFIN,Mar 2021,ROE,15.84,VALID,PAT / (Equity + Reserves) * 100,profitandloss + balancesheet,GOOD,1.0,2026-07-19 11:42:19
CHOLAFIN,Mar 2021,ROCE,3.97,VALID,EBIT / Capital Employed * 100,profitandloss + balancesheet,WEAK,1.0,2026-07-19 11:42:19
CHOLAFIN,Mar 2021,ROA,2.04,VALID,PAT / Total Assets * 100,profitandloss + balancesheet,WEAK,1.0,2026-07-19 11:42:19
CHOLAFIN,Mar 2022,NPM,21.23,VALID,Net Profit / Sales * 100,profitandloss,EXCELLENT,1.0,2026-07-19 11:42:19
CHOLAFIN,Mar 2022,OPM,28.83,OPM_MISMATCH,Operating Profit / Sales * 100,profitandloss,EXCELLENT,1.0,2026-07-19 11:42:19
CHOLAFIN,Mar 2022,ROE,18.3,VALID,PAT / (Equity + Reserves) * 100,profitandloss + balancesheet,GOOD,1.0,2026-07-19 11:42:19
CHOLAFIN,Mar 2022,ROCE,3.61,VALID,EBIT / Capital Employed * 100,profitandloss + balancesheet,WEAK,1.0,2026-07-19 11:42:19
CHOLAFIN,Mar 2022,ROA,2.61,VALID,PAT / Total Assets * 100,profitandloss + balancesheet,WEAK,1.0,2026-07-19 11:42:19
CHOLAFIN,Mar 2023,NPM,20.68,VALID,Net Profit / Sales * 100,profitandloss,EXCELLENT,1.0,2026-07-19 11:42:19
CHOLAFIN,Mar 2023,OPM,28.1,OPM_MISMATCH,Operating Profit / Sales * 100,profitandloss,EXCELLENT,1.0,2026-07-19 11:42:19
CHOLAFIN,Mar 2023,ROE,18.58,VALID,PAT / (Equity + Reserves) * 100,profitandloss + balancesheet,GOOD,1.0,2026-07-19 11:42:19
CHOLAFIN,Mar 2023,ROCE,3.24,VALID,EBIT / Capital Employed * 100,profitandloss + balancesheet,WEAK,1.0,2026-07-19 11:42:19
CHOLAFIN,Mar 2023,ROA,2.35,VALID,PAT / Total Assets * 100,profitandloss + balancesheet,WEAK,1.0,2026-07-19 11:42:19
CHOLAFIN,Mar 2024,NPM,17.85,VALID,Net Profit / Sales * 100,profitandloss,EXCELLENT,1.0,2026-07-19 11:42:19
CHOLAFIN,Mar 2024,OPM,28.1,OPM_MISMATCH,Operating Profit / Sales * 100,profitandloss,EXCELLENT,1.0,2026-07-19 11:42:19
CHOLAFIN,Mar 2024,ROE,17.46,VALID,PAT / (Equity + Reserves) * 100,profitandloss + balancesheet,GOOD,1.0,2026-07-19 11:42:19
CHOLAFIN,Mar 2024,ROCE,3.5,VALID,EBIT / Capital Employed * 100,profitandloss + balancesheet,WEAK,1.0,2026-07-19 11:42:19
CHOLAFIN,Mar 2024,ROA,2.18,VALID,PAT / Total Assets * 100,profitandloss + balancesheet,WEAK,1.0,2026-07-19 11:42:19
CIPLA,Mar 2013,NPM,18.66,VALID,Net Profit / Sales * 100,profitandloss,EXCELLENT,1.0,2026-07-19 11:42:19
CIPLA,Mar 2013,OPM,73.26,OPM_MISMATCH,Operating Profit / Sales * 100,profitandloss,EXCELLENT,1.0,2026-07-19 11:42:19
CIPLA,Mar 2013,ROE,17.13,VALID,PAT / (Equity + Reserves) * 100,profitandloss + balancesheet,GOOD,1.0,2026-07-19 11:42:19
CIPLA,Mar 2013,ROCE,60.74,VALID,EBIT / Capital Employed * 100,profitandloss + balancesheet,EXCELLENT,1.0,2026-07-19 11:42:19
CIPLA,Mar 2013,ROA,13.25,VALID,PAT / Total Assets * 100,profitandloss + balancesheet,GOOD,1.0,2026-07-19 11:42:19
CIPLA,Mar 2014,NPM,13.8,VALID,Net Profit / Sales * 100,profitandloss,GOOD,1.0,2026-07-19 11:42:19
CIPLA,Mar 2014,OPM,78.9,OPM_MISMATCH,Operating Profit / Sales * 100,profitandloss,EXCELLENT,1.0,2026-07-19 11:42:19
CIPLA,Mar 2014,ROE,13.97,VALID,PAT / (Equity + Reserves) * 100,profitandloss + balancesheet,AVERAGE,1.0,2026-07-19 11:42:19
CIPLA,Mar 2014,ROCE,71.03,VALID,EBIT / Capital Employed * 100,profitandloss + balancesheet,EXCELLENT,1.0,2026-07-19 11:42:19
CIPLA,Mar 2014,ROA,10.48,VALID,PAT / Total Assets * 100,profitandloss + balancesheet,GOOD,1.0,2026-07-19 11:42:19
CIPLA,Mar 2015,NPM,10.83,VALID,Net Profit / Sales * 100,profitandloss,GOOD,1.0,2026-07-19 11:42:19
CIPLA,Mar 2015,OPM,80.94,OPM_MISMATCH,Operating Profit / Sales * 100,profitandloss,EXCELLENT,1.0,2026-07-19 11:42:19
CIPLA,Mar 2015,ROE,11.38,VALID,PAT / (Equity + Reserves) * 100,profitandloss + balancesheet,AVERAGE,1.0,2026-07-19 11:42:19
CIPLA,Mar 2015,ROCE,73.43,VALID,EBIT / Capital Employed * 100,profitandloss + balancesheet,EXCELLENT,1.0,2026-07-19 11:42:19
CIPLA,Mar 2015,ROA,7.84,VALID,PAT / Total Assets * 100,profitandloss + balancesheet,AVERAGE,1.0,2026-07-19 11:42:19
CIPLA,Mar 2016,NPM,10.03,VALID,Net Profit / Sales * 100,profitandloss,GOOD,1.0,2026-07-19 11:42:19
CIPLA,Mar 2016,OPM,82.02,OPM_MISMATCH,Operating Profit / Sales * 100,profitandloss,EXCELLENT,1.0,2026-07-19 11:42:19
CIPLA,Mar 2016,ROE,12.01,VALID,PAT / (Equity + Reserves) * 100,profitandloss + balancesheet,AVERAGE,1.0,2026-07-19 11:42:19
CIPLA,Mar 2016,ROCE,67.65,VALID,EBIT / Capital Employed * 100,profitandloss + balancesheet,EXCELLENT,1.0,2026-07-19 11:42:19
CIPLA,Mar 2016,ROA,6.57,VALID,PAT / Total Assets * 100,profitandloss + balancesheet,AVERAGE,1.0,2026-07-19 11:42:19
CIPLA,Mar 2017,NPM,7.19,VALID,Net Profit / Sales * 100,profitandloss,AVERAGE,1.0,2026-07-19 11:42:19
CIPLA,Mar 2017,OPM,82.66,OPM_MISMATCH,Operating Profit / Sales * 100,profitandloss,EXCELLENT,1.0,2026-07-19 11:42:19
CIPLA,Mar 2017,ROE,8.25,VALID,PAT / (Equity + Reserves) * 100,profitandloss + balancesheet,WEAK,1.0,2026-07-19 11:42:19
CIPLA,Mar 2017,ROCE,71.43,VALID,EBIT / Capital Employed * 100,profitandloss + balancesheet,EXCELLENT,1.0,2026-07-19 11:42:19
CIPLA,Mar 2017,ROA,4.96,VALID,PAT / Total Assets * 100,profitandloss + balancesheet,WEAK,1.0,2026-07-19 11:42:19
CIPLA,Mar 2018,NPM,9.35,VALID,Net Profit / Sales * 100,profitandloss,AVERAGE,1.0,2026-07-19 11:42:19
CIPLA,Mar 2018,OPM,81.35,OPM_MISMATCH,Operating Profit / Sales * 100,profitandloss,EXCELLENT,1.0,2026-07-19 11:42:19
CIPLA,Mar 2018,ROE,9.96,VALID,PAT / (Equity + Reserves) * 100,profitandloss + balancesheet,WEAK,1.0,2026-07-19 11:42:19
CIPLA,Mar 2018,ROCE,67.27,VALID,EBIT / Capital Employed * 100,profitandloss + balancesheet,EXCELLENT,1.0,2026-07-19 11:42:19
CIPLA,Mar 2018,ROA,6.25,VALID,PAT / Total Assets * 100,profitandloss + balancesheet,AVERAGE,1.0,2026-07-19 11:42:19
CIPLA,Mar 2019,NPM,9.12,VALID,Net Profit / Sales * 100,profitandloss,AVERAGE,1.0,2026-07-19 11:42:19
CIPLA,Mar 2019,OPM,81.07,OPM_MISMATCH,Operating Profit / Sales * 100,profitandloss,EXCELLENT,1.0,2026-07-19 11:42:19
CIPLA,Mar 2019,ROE,9.94,VALID,PAT / (Equity + Reserves) * 100,profitandloss + balancesheet,WEAK,1.0,2026-07-19 11:42:19
CIPLA,Mar 2019,ROCE,68.63,VALID,EBIT / Capital Employed * 100,profitandloss + balancesheet,EXCELLENT,1.0,2026-07-19 11:42:19
CIPLA,Mar 2019,ROA,6.28,VALID,PAT / Total Assets * 100,profitandloss + balancesheet,AVERAGE,1.0,2026-07-19 11:42:19
CIPLA,Mar 2020,NPM,8.76,VALID,Net Profit / Sales * 100,profitandloss,AVERAGE,1.0,2026-07-19 11:42:19
CIPLA,Mar 2020,OPM,81.29,OPM_MISMATCH,Operating Profit / Sales * 100,profitandloss,EXCELLENT,1.0,2026-07-19 11:42:19
CIPLA,Mar 2020,ROE,9.52,VALID,PAT / (Equity + Reserves) * 100,profitandloss + balancesheet,WEAK,1.0,2026-07-19 11:42:19
CIPLA,Mar 2020,ROCE,74.96,VALID,EBIT / Capital Employed * 100,profitandloss + balancesheet,EXCELLENT,1.0,2026-07-19 11:42:19
CIPLA,Mar 2020,ROA,6.4,VALID,PAT / Total Assets * 100,profitandloss + balancesheet,AVERAGE,1.0,2026-07-19 11:42:19
CIPLA,Mar 2021,NPM,12.47,VALID,Net Profit / Sales * 100,profitandloss,GOOD,1.0,2026-07-19 11:42:19
CIPLA,Mar 2021,OPM,77.8,OPM_MISMATCH,Operating Profit / Sales * 100,profitandloss,EXCELLENT,1.0,2026-07-19 11:42:19
CIPLA,Mar 2021,ROE,13.04,VALID,PAT / (Equity + Reserves) * 100,profitandloss + balancesheet,AVERAGE,1.0,2026-07-19 11:42:19
CIPLA,Mar 2021,ROCE,73.29,VALID,EBIT / Capital Employed * 100,profitandloss + balancesheet,EXCELLENT,1.0,2026-07-19 11:42:19
CIPLA,Mar 2021,ROA,9.61,VALID,PAT / Total Assets * 100,profitandloss + balancesheet,AVERAGE,1.0,2026-07-19 11:42:19
CIPLA,Mar 2022,NPM,11.7,VALID,Net Profit / Sales * 100,profitandloss,GOOD,1.0,2026-07-19 11:42:19
CIPLA,Mar 2022,OPM,79.08,OPM_MISMATCH,Operating Profit / Sales * 100,profitandloss,EXCELLENT,1.0,2026-07-19 11:42:19
CIPLA,Mar 2022,ROE,12.22,VALID,PAT / (Equity + Reserves) * 100,profitandloss + balancesheet,AVERAGE,1.0,2026-07-19 11:42:19
CIPLA,Mar 2022,ROCE,78.6,VALID,EBIT / Capital Employed * 100,profitandloss + balancesheet,EXCELLENT,1.0,2026-07-19 11:42:19
CIPLA,Mar 2022,ROA,9.48,VALID,PAT / Total Assets * 100,profitandloss + balancesheet,AVERAGE,1.0,2026-07-19 11:42:19
CIPLA,Mar 2023,NPM,12.45,VALID,Net Profit / Sales * 100,profitandloss,GOOD,1.0,2026-07-19 11:42:19
CIPLA,Mar 2023,OPM,77.91,OPM_MISMATCH,Operating Profit / Sales * 100,profitandloss,EXCELLENT,1.0,2026-07-19 11:42:19
CIPLA,Mar 2023,ROE,12.1,VALID,PAT / (Equity + Reserves) * 100,profitandloss + balancesheet,AVERAGE,1.0,2026-07-19 11:42:19
CIPLA,Mar 2023,ROCE,73.22,VALID,EBIT / Capital Employed * 100,profitandloss + balancesheet,EXCELLENT,1.0,2026-07-19 11:42:19
CIPLA,Mar 2023,ROA,9.67,VALID,PAT / Total Assets * 100,profitandloss + balancesheet,AVERAGE,1.0,2026-07-19 11:42:19
CIPLA,Mar 2024,NPM,16.12,VALID,Net Profit / Sales * 100,profitandloss,EXCELLENT,1.0,2026-07-19 11:42:19
CIPLA,Mar 2024,OPM,75.59,OPM_MISMATCH,Operating Profit / Sales * 100,profitandloss,EXCELLENT,1.0,2026-07-19 11:42:19
CIPLA,Mar 2024,ROE,15.55,VALID,PAT / (Equity + Reserves) * 100,profitandloss + balancesheet,GOOD,1.0,2026-07-19 11:42:19
CIPLA,Mar 2024,ROCE,71.46,VALID,EBIT / Capital Employed * 100,profitandloss + balancesheet,EXCELLENT,1.0,2026-07-19 11:42:19
CIPLA,Mar 2024,ROA,12.77,VALID,PAT / Total Assets * 100,profitandloss + balancesheet,GOOD,1.0,2026-07-19 11:42:19
COALINDIA,Mar 2013,NPM,25.41,VALID,Net Profit / Sales * 100,profitandloss,EXCELLENT,1.0,2026-07-19 11:42:19
COALINDIA,Mar 2013,OPM,73.52,OPM_MISMATCH,Operating Profit / Sales * 100,profitandloss,EXCELLENT,1.0,2026-07-19 11:42:19
COALINDIA,Mar 2013,ROE,35.81,VALID,PAT / (Equity + Reserves) * 100,profitandloss + balancesheet,EXCELLENT,1.0,2026-07-19 11:42:19
COALINDIA,Mar 2013,ROCE,100.88,VALID,EBIT / Capital Employed * 100,profitandloss + balancesheet,EXCELLENT,1.0,2026-07-19 11:42:19
COALINDIA,Mar 2013,ROA,15.64,VALID,PAT / Total Assets * 100,profitandloss + balancesheet,EXCELLENT,1.0,2026-07-19 11:42:19
COALINDIA,Mar 2014,NPM,21.4,VALID,Net Profit / Sales * 100,profitandloss,EXCELLENT,1.0,2026-07-19 11:42:19
COALINDIA,Mar 2014,OPM,74.84,OPM_MISMATCH,Operating Profit / Sales * 100,profitandloss,EXCELLENT,1.0,2026-07-19 11:42:19
COALINDIA,Mar 2014,ROE,35.64,VALID,PAT / (Equity + Reserves) * 100,profitandloss + balancesheet,EXCELLENT,1.0,2026-07-19 11:42:19
COALINDIA,Mar 2014,ROCE,124.09,VALID,EBIT / Capital Employed * 100,profitandloss + balancesheet,EXCELLENT,1.0,2026-07-19 11:42:19
COALINDIA,Mar 2014,ROA,14.4,VALID,PAT / Total Assets * 100,profitandloss + balancesheet,GOOD,1.0,2026-07-19 11:42:19
COALINDIA,Mar 2015,NPM,18.52,VALID,Net Profit / Sales * 100,profitandloss,EXCELLENT,1.0,2026-07-19 11:42:19
COALINDIA,Mar 2015,OPM,76.6,OPM_MISMATCH,Operating Profit / Sales * 100,profitandloss,EXCELLENT,1.0,2026-07-19 11:42:19
COALINDIA,Mar 2015,ROE,34.02,VALID,PAT / (Equity + Reserves) * 100,profitandloss + balancesheet,EXCELLENT,1.0,2026-07-19 11:42:19
COALINDIA,Mar 2015,ROCE,139.29,VALID,EBIT / Capital Employed * 100,profitandloss + balancesheet,EXCELLENT,1.0,2026-07-19 11:42:19
COALINDIA,Mar 2015,ROA,12.34,VALID,PAT / Total Assets * 100,profitandloss + balancesheet,GOOD,1.0,2026-07-19 11:42:19
COALINDIA,Mar 2016,NPM,18.32,VALID,Net Profit / Sales * 100,profitandloss,EXCELLENT,1.0,2026-07-19 11:42:19
COALINDIA,Mar 2016,OPM,75.96,OPM_MISMATCH,Operating Profit / Sales * 100,profitandloss,EXCELLENT,1.0,2026-07-19 11:42:19
COALINDIA,Mar 2016,ROE,40.96,VALID,PAT / (Equity + Reserves) * 100,profitandloss + balancesheet,EXCELLENT,1.0,2026-07-19 11:42:19
COALINDIA,Mar 2016,ROCE,164.15,VALID,EBIT / Capital Employed * 100,profitandloss + balancesheet,EXCELLENT,1.0,2026-07-19 11:42:19
COALINDIA,Mar 2016,ROA,12.56,VALID,PAT / Total Assets * 100,profitandloss + balancesheet,GOOD,1.0,2026-07-19 11:42:19
COALINDIA,Mar 2017,NPM,11.87,VALID,Net Profit / Sales * 100,profitandloss,GOOD,1.0,2026-07-19 11:42:19
COALINDIA,Mar 2017,OPM,84.07,OPM_MISMATCH,Operating Profit / Sales * 100,profitandloss,EXCELLENT,1.0,2026-07-19 11:42:19
COALINDIA,Mar 2017,ROE,37.85,VALID,PAT / (Equity + Reserves) * 100,profitandloss + balancesheet,EXCELLENT,1.0,2026-07-19 11:42:19
COALINDIA,Mar 2017,ROCE,238.69,VALID,EBIT / Capital Employed * 100,profitandloss + balancesheet,EXCELLENT,1.0,2026-07-19 11:42:19
COALINDIA,Mar 2017,ROA,7.83,VALID,PAT / Total Assets * 100,profitandloss + balancesheet,AVERAGE,1.0,2026-07-19 11:42:19
COALINDIA,Mar 2018,NPM,8.26,VALID,Net Profit / Sales * 100,profitandloss,AVERAGE,1.0,2026-07-19 11:42:19
COALINDIA,Mar 2018,OPM,89.1,OPM_MISMATCH,Operating Profit / Sales * 100,profitandloss,EXCELLENT,1.0,2026-07-19 11:42:19
COALINDIA,Mar 2018,ROE,34.88,VALID,PAT / (Equity + Reserves) * 100,profitandloss + balancesheet,EXCELLENT,1.0,2026-07-19 11:42:19
COALINDIA,Mar 2018,ROCE,349.77,VALID,EBIT / Capital Employed * 100,profitandloss + balancesheet,EXCELLENT,1.0,2026-07-19 11:42:19
COALINDIA,Mar 2018,ROA,5.61,VALID,PAT / Total Assets * 100,profitandloss + balancesheet,AVERAGE,1.0,2026-07-19 11:42:19
COALINDIA,Mar 2019,NPM,17.54,VALID,Net Profit / Sales * 100,profitandloss,EXCELLENT,1.0,2026-07-19 11:42:19
COALINDIA,Mar 2019,OPM,74.89,OPM_MISMATCH,Operating Profit / Sales * 100,profitandloss,EXCELLENT,1.0,2026-07-19 11:42:19
COALINDIA,Mar 2019,ROE,66.01,VALID,PAT / (Equity + Reserves) * 100,profitandloss + balancesheet,EXCELLENT,1.0,2026-07-19 11:42:19
COALINDIA,Mar 2019,ROCE,260.17,VALID,EBIT / Capital Employed * 100,profitandloss + balancesheet,EXCELLENT,1.0,2026-07-19 11:42:19
COALINDIA,Mar 2019,ROA,13.13,VALID,PAT / Total Assets * 100,profitandloss + balancesheet,GOOD,1.0,2026-07-19 11:42:19
COALINDIA,Mar 2020,NPM,17.38,VALID,Net Profit / Sales * 100,profitandloss,EXCELLENT,1.0,2026-07-19 11:42:19
COALINDIA,Mar 2020,OPM,77.54,OPM_MISMATCH,Operating Profit / Sales * 100,profitandloss,EXCELLENT,1.0,2026-07-19 11:42:19
COALINDIA,Mar 2020,ROE,51.93,VALID,PAT / (Equity + Reserves) * 100,profitandloss + balancesheet,EXCELLENT,1.0,2026-07-19 11:42:19
COALINDIA,Mar 2020,ROCE,193.05,VALID,EBIT / Capital Employed * 100,profitandloss + balancesheet,EXCELLENT,1.0,2026-07-19 11:42:19
COALINDIA,Mar 2020,ROA,11.13,VALID,PAT / Total Assets * 100,profitandloss + balancesheet,GOOD,1.0,2026-07-19 11:42:19
COALINDIA,Mar 2021,NPM,14.11,VALID,Net Profit / Sales * 100,profitandloss,GOOD,1.0,2026-07-19 11:42:19
COALINDIA,Mar 2021,OPM,79.31,OPM_MISMATCH,Operating Profit / Sales * 100,profitandloss,EXCELLENT,1.0,2026-07-19 11:42:19
COALINDIA,Mar 2021,ROE,34.78,VALID,PAT / (Equity + Reserves) * 100,profitandloss + balancesheet,EXCELLENT,1.0,2026-07-19 11:42:19
COALINDIA,Mar 2021,ROCE,168.38,VALID,EBIT / Capital Employed * 100,profitandloss + balancesheet,EXCELLENT,1.0,2026-07-19 11:42:19
COALINDIA,Mar 2021,ROA,7.89,VALID,PAT / Total Assets * 100,profitandloss + balancesheet,AVERAGE,1.0,2026-07-19 11:42:19
COALINDIA,Mar 2022,NPM,15.84,VALID,Net Profit / Sales * 100,profitandloss,EXCELLENT,1.0,2026-07-19 11:42:19
COALINDIA,Mar 2022,OPM,77.47,OPM_MISMATCH,Operating Profit / Sales * 100,profitandloss,EXCELLENT,1.0,2026-07-19 11:42:19
COALINDIA,Mar 2022,ROE,40.28,VALID,PAT / (Equity + Reserves) * 100,profitandloss + balancesheet,EXCELLENT,1.0,2026-07-19 11:42:19
COALINDIA,Mar 2022,ROCE,182.17,VALID,EBIT / Capital Employed * 100,profitandloss + balancesheet,EXCELLENT,1.0,2026-07-19 11:42:19
COALINDIA,Mar 2022,ROA,9.68,VALID,PAT / Total Assets * 100,profitandloss + balancesheet,AVERAGE,1.0,2026-07-19 11:42:19
COALINDIA,Mar 2023,NPM,22.95,VALID,Net Profit / Sales * 100,profitandloss,EXCELLENT,1.0,2026-07-19 11:42:19
COALINDIA,Mar 2023,OPM,68.01,OPM_MISMATCH,Operating Profit / Sales * 100,profitandloss,EXCELLENT,1.0,2026-07-19 11:42:19
COALINDIA,Mar 2023,ROE,52.14,VALID,PAT / (Equity + Reserves) * 100,profitandloss + balancesheet,EXCELLENT,1.0,2026-07-19 11:42:19
COALINDIA,Mar 2023,ROCE,144.26,VALID,EBIT / Capital Employed * 100,profitandloss + balancesheet,EXCELLENT,1.0,2026-07-19 11:42:19
COALINDIA,Mar 2023,ROA,14.33,VALID,PAT / Total Assets * 100,profitandloss + balancesheet,GOOD,1.0,2026-07-19 11:42:19
COALINDIA,Mar 2024,NPM,26.26,VALID,Net Profit / Sales * 100,profitandloss,EXCELLENT,1.0,2026-07-19 11:42:19
COALINDIA,Mar 2024,OPM,66.29,OPM_MISMATCH,Operating Profit / Sales * 100,profitandloss,EXCELLENT,1.0,2026-07-19 11:42:19
COALINDIA,Mar 2024,ROE,45.17,VALID,PAT / (Equity + Reserves) * 100,profitandloss + balancesheet,EXCELLENT,1.0,2026-07-19 11:42:19
COALINDIA,Mar 2024,ROCE,105.71,VALID,EBIT / Capital Employed * 100,profitandloss + balancesheet,EXCELLENT,1.0,2026-07-19 11:42:19
COALINDIA,Mar 2024,ROA,15.8,VALID,PAT / Total Assets * 100,profitandloss + balancesheet,EXCELLENT,1.0,2026-07-19 11:42:19
DABUR,Mar 2013,NPM,12.48,VALID,Net Profit / Sales * 100,profitandloss,GOOD,1.0,2026-07-19 11:42:19
DABUR,Mar 2013,OPM,16.16,VALID,Operating Profit / Sales * 100,profitandloss,GOOD,1.0,2026-07-19 11:42:19
DABUR,Mar 2013,ROE,36.56,VALID,PAT / (Equity + Reserves) * 100,profitandloss + balancesheet,EXCELLENT,1.0,2026-07-19 11:42:19
DABUR,Mar 2013,ROCE,30.56,VALID,EBIT / Capital Employed * 100,profitandloss + balancesheet,EXCELLENT,1.0,2026-07-19 11:42:19
DABUR,Mar 2013,ROA,16.27,VALID,PAT / Total Assets * 100,profitandloss + balancesheet,EXCELLENT,1.0,2026-07-19 11:42:19
DABUR,Mar 2014,NPM,12.98,VALID,Net Profit / Sales * 100,profitandloss,GOOD,1.0,2026-07-19 11:42:19
DABUR,Mar 2014,OPM,16.46,VALID,Operating Profit / Sales * 100,profitandloss,GOOD,1.0,2026-07-19 11:42:19
DABUR,Mar 2014,ROE,34.49,VALID,PAT / (Equity + Reserves) * 100,profitandloss + balancesheet,EXCELLENT,1.0,2026-07-19 11:42:19
DABUR,Mar 2014,ROCE,34.54,VALID,EBIT / Capital Employed * 100,profitandloss + balancesheet,EXCELLENT,1.0,2026-07-19 11:42:19
DABUR,Mar 2014,ROA,17.24,VALID,PAT / Total Assets * 100,profitandloss + balancesheet,EXCELLENT,1.0,2026-07-19 11:42:19
DABUR,Mar 2015,NPM,13.7,VALID,Net Profit / Sales * 100,profitandloss,GOOD,1.0,2026-07-19 11:42:19
DABUR,Mar 2015,OPM,16.93,VALID,Operating Profit / Sales * 100,profitandloss,GOOD,1.0,2026-07-19 11:42:19
DABUR,Mar 2015,ROE,31.84,VALID,PAT / (Equity + Reserves) * 100,profitandloss + balancesheet,EXCELLENT,1.0,2026-07-19 11:42:19
DABUR,Mar 2015,ROCE,32.29,VALID,EBIT / Capital Employed * 100,profitandloss + balancesheet,EXCELLENT,1.0,2026-07-19 11:42:19
DABUR,Mar 2015,ROA,17.49,VALID,PAT / Total Assets * 100,profitandloss + balancesheet,EXCELLENT,1.0,2026-07-19 11:42:19
DABUR,Mar 2016,NPM,16.12,VALID,Net Profit / Sales * 100,profitandloss,EXCELLENT,1.0,2026-07-19 11:42:19
DABUR,Mar 2016,OPM,19.51,VALID,Operating Profit / Sales * 100,profitandloss,GOOD,1.0,2026-07-19 11:42:19
DABUR,Mar 2016,ROE,30.06,VALID,PAT / (Equity + Reserves) * 100,profitandloss + balancesheet,EXCELLENT,1.0,2026-07-19 11:42:19
DABUR,Mar 2016,ROCE,30.51,VALID,EBIT / Capital Employed * 100,profitandloss + balancesheet,EXCELLENT,1.0,2026-07-19 11:42:19
DABUR,Mar 2016,ROA,18.09,VALID,PAT / Total Assets * 100,profitandloss + balancesheet,EXCELLENT,1.0,2026-07-19 11:42:19
DABUR,Mar 2017,NPM,16.81,VALID,Net Profit / Sales * 100,profitandloss,EXCELLENT,1.0,2026-07-19 11:42:19
DABUR,Mar 2017,OPM,19.86,VALID,Operating Profit / Sales * 100,profitandloss,GOOD,1.0,2026-07-19 11:42:19
DABUR,Mar 2017,ROE,26.41,VALID,PAT / (Equity + Reserves) * 100,profitandloss + balancesheet,EXCELLENT,1.0,2026-07-19 11:42:19
DABUR,Mar 2017,ROCE,25.97,VALID,EBIT / Capital Employed * 100,profitandloss + balancesheet,EXCELLENT,1.0,2026-07-19 11:42:19
DABUR,Mar 2017,ROA,16.55,VALID,PAT / Total Assets * 100,profitandloss + balancesheet,EXCELLENT,1.0,2026-07-19 11:42:19
DABUR,Mar 2018,NPM,17.59,VALID,Net Profit / Sales * 100,profitandloss,EXCELLENT,1.0,2026-07-19 11:42:19
DABUR,Mar 2018,OPM,20.94,VALID,Operating Profit / Sales * 100,profitandloss,GOOD,1.0,2026-07-19 11:42:19
DABUR,Mar 2018,ROE,23.8,VALID,PAT / (Equity + Reserves) * 100,profitandloss + balancesheet,EXCELLENT,1.0,2026-07-19 11:42:19
DABUR,Mar 2018,ROCE,24.34,VALID,EBIT / Capital Employed * 100,profitandloss + balancesheet,EXCELLENT,1.0,2026-07-19 11:42:19
DABUR,Mar 2018,ROA,15.61,VALID,PAT / Total Assets * 100,profitandloss + balancesheet,EXCELLENT,1.0,2026-07-19 11:42:19
DABUR,Mar 2019,NPM,16.98,VALID,Net Profit / Sales * 100,profitandloss,EXCELLENT,1.0,2026-07-19 11:42:19
DABUR,Mar 2019,OPM,20.43,VALID,Operating Profit / Sales * 100,profitandloss,GOOD,1.0,2026-07-19 11:42:19
DABUR,Mar 2019,ROE,25.67,VALID,PAT / (Equity + Reserves) * 100,profitandloss + balancesheet,EXCELLENT,1.0,2026-07-19 11:42:19
DABUR,Mar 2019,ROCE,27.48,VALID,EBIT / Capital Employed * 100,profitandloss + balancesheet,EXCELLENT,1.0,2026-07-19 11:42:19
DABUR,Mar 2019,ROA,17.14,VALID,PAT / Total Assets * 100,profitandloss + balancesheet,EXCELLENT,1.0,2026-07-19 11:42:19
DABUR,Mar 2020,NPM,16.67,VALID,Net Profit / Sales * 100,profitandloss,EXCELLENT,1.0,2026-07-19 11:42:19
DABUR,Mar 2020,OPM,20.63,VALID,Operating Profit / Sales * 100,profitandloss,GOOD,1.0,2026-07-19 11:42:19
DABUR,Mar 2020,ROE,21.92,VALID,PAT / (Equity + Reserves) * 100,profitandloss + balancesheet,EXCELLENT,1.0,2026-07-19 11:42:19
DABUR,Mar 2020,ROCE,25.14,VALID,EBIT / Capital Employed * 100,profitandloss + balancesheet,EXCELLENT,1.0,2026-07-19 11:42:19
DABUR,Mar 2020,ROA,15.51,VALID,PAT / Total Assets * 100,profitandloss + balancesheet,EXCELLENT,1.0,2026-07-19 11:42:19
DABUR,Mar 2021,NPM,17.73,VALID,Net Profit / Sales * 100,profitandloss,EXCELLENT,1.0,2026-07-19 11:42:19
DABUR,Mar 2021,OPM,20.94,VALID,Operating Profit / Sales * 100,profitandloss,GOOD,1.0,2026-07-19 11:42:19
DABUR,Mar 2021,ROE,22.12,VALID,PAT / (Equity + Reserves) * 100,profitandloss + balancesheet,EXCELLENT,1.0,2026-07-19 11:42:19
DABUR,Mar 2021,ROCE,24.5,VALID,EBIT / Capital Employed * 100,profitandloss + balancesheet,EXCELLENT,1.0,2026-07-19 11:42:19
DABUR,Mar 2021,ROA,15.65,VALID,PAT / Total Assets * 100,profitandloss + balancesheet,EXCELLENT,1.0,2026-07-19 11:42:19
DABUR,Mar 2022,NPM,16.0,VALID,Net Profit / Sales * 100,profitandloss,EXCELLENT,1.0,2026-07-19 11:42:19
DABUR,Mar 2022,OPM,20.68,VALID,Operating Profit / Sales * 100,profitandloss,GOOD,1.0,2026-07-19 11:42:19
DABUR,Mar 2022,ROE,20.78,VALID,PAT / (Equity + Reserves) * 100,profitandloss + balancesheet,EXCELLENT,1.0,2026-07-19 11:42:19
DABUR,Mar 2022,ROCE,23.93,VALID,EBIT / Capital Employed * 100,profitandloss + balancesheet,EXCELLENT,1.0,2026-07-19 11:42:19
DABUR,Mar 2022,ROA,14.18,VALID,PAT / Total Assets * 100,profitandloss + balancesheet,GOOD,1.0,2026-07-19 11:42:19
DABUR,Mar 2023,NPM,14.75,VALID,Net Profit / Sales * 100,profitandloss,GOOD,1.0,2026-07-19 11:42:19
DABUR,Mar 2023,OPM,18.75,VALID,Operating Profit / Sales * 100,profitandloss,GOOD,1.0,2026-07-19 11:42:19
DABUR,Mar 2023,ROE,18.96,VALID,PAT / (Equity + Reserves) * 100,profitandloss + balancesheet,GOOD,1.0,2026-07-19 11:42:19
DABUR,Mar 2023,ROCE,21.31,VALID,EBIT / Capital Employed * 100,profitandloss + balancesheet,EXCELLENT,1.0,2026-07-19 11:42:19
DABUR,Mar 2023,ROA,12.46,VALID,PAT / Total Assets * 100,profitandloss + balancesheet,GOOD,1.0,2026-07-19 11:42:19
DABUR,Mar 2024,NPM,14.6,VALID,Net Profit / Sales * 100,profitandloss,GOOD,1.0,2026-07-19 11:42:19
DABUR,Mar 2024,OPM,19.35,VALID,Operating Profit / Sales * 100,profitandloss,GOOD,1.0,2026-07-19 11:42:19
DABUR,Mar 2024,ROE,18.36,VALID,PAT / (Equity + Reserves) * 100,profitandloss + balancesheet,GOOD,1.0,2026-07-19 11:42:19
DABUR,Mar 2024,ROCE,21.37,VALID,EBIT / Capital Employed * 100,profitandloss + balancesheet,EXCELLENT,1.0,2026-07-19 11:42:19
DABUR,Mar 2024,ROA,11.98,VALID,PAT / Total Assets * 100,profitandloss + balancesheet,GOOD,1.0,2026-07-19 11:42:19
DIVISLAB,Mar 2013,NPM,28.07,VALID,Net Profit / Sales * 100,profitandloss,EXCELLENT,1.0,2026-07-19 11:42:19
DIVISLAB,Mar 2013,OPM,38.04,VALID,Operating Profit / Sales * 100,profitandloss,EXCELLENT,1.0,2026-07-19 11:42:19
DIVISLAB,Mar 2013,ROE,24.07,VALID,PAT / (Equity + Reserves) * 100,profitandloss + balancesheet,EXCELLENT,1.0,2026-07-19 11:42:19
DIVISLAB,Mar 2013,ROCE,32.2,VALID,EBIT / Capital Employed * 100,profitandloss + balancesheet,EXCELLENT,1.0,2026-07-19 11:42:19
DIVISLAB,Mar 2013,ROA,19.18,VALID,PAT / Total Assets * 100,profitandloss + balancesheet,EXCELLENT,1.0,2026-07-19 11:42:19
DIVISLAB,Mar 2014,NPM,30.53,VALID,Net Profit / Sales * 100,profitandloss,EXCELLENT,1.0,2026-07-19 11:42:19
DIVISLAB,Mar 2014,OPM,40.21,VALID,Operating Profit / Sales * 100,profitandloss,EXCELLENT,1.0,2026-07-19 11:42:19
DIVISLAB,Mar 2014,ROE,26.08,VALID,PAT / (Equity + Reserves) * 100,profitandloss + balancesheet,EXCELLENT,1.0,2026-07-19 11:42:19
DIVISLAB,Mar 2014,ROCE,34.14,VALID,EBIT / Capital Employed * 100,profitandloss + balancesheet,EXCELLENT,1.0,2026-07-19 11:42:19
DIVISLAB,Mar 2014,ROA,20.84,VALID,PAT / Total Assets * 100,profitandloss + balancesheet,EXCELLENT,1.0,2026-07-19 11:42:19
DIVISLAB,Mar 2015,NPM,27.35,VALID,Net Profit / Sales * 100,profitandloss,EXCELLENT,1.0,2026-07-19 11:42:19
DIVISLAB,Mar 2015,OPM,37.66,VALID,Operating Profit / Sales * 100,profitandloss,EXCELLENT,1.0,2026-07-19 11:42:19
DIVISLAB,Mar 2015,ROE,24.37,VALID,PAT / (Equity + Reserves) * 100,profitandloss + balancesheet,EXCELLENT,1.0,2026-07-19 11:42:19
DIVISLAB,Mar 2015,ROCE,33.3,VALID,EBIT / Capital Employed * 100,profitandloss + balancesheet,EXCELLENT,1.0,2026-07-19 11:42:19
DIVISLAB,Mar 2015,ROA,19.34,VALID,PAT / Total Assets * 100,profitandloss + balancesheet,EXCELLENT,1.0,2026-07-19 11:42:19
DIVISLAB,Mar 2016,NPM,29.82,VALID,Net Profit / Sales * 100,profitandloss,EXCELLENT,1.0,2026-07-19 11:42:19
DIVISLAB,Mar 2016,OPM,37.69,VALID,Operating Profit / Sales * 100,profitandloss,EXCELLENT,1.0,2026-07-19 11:42:19
DIVISLAB,Mar 2016,ROE,26.23,VALID,PAT / (Equity + Reserves) * 100,profitandloss + balancesheet,EXCELLENT,1.0,2026-07-19 11:42:19
DIVISLAB,Mar 2016,ROCE,32.83,VALID,EBIT / Capital Employed * 100,profitandloss + balancesheet,EXCELLENT,1.0,2026-07-19 11:42:19
DIVISLAB,Mar 2016,ROA,22.99,VALID,PAT / Total Assets * 100,profitandloss + balancesheet,EXCELLENT,1.0,2026-07-19 11:42:19
DIVISLAB,Mar 2017,NPM,26.08,VALID,Net Profit / Sales * 100,profitandloss,EXCELLENT,1.0,2026-07-19 11:42:19
DIVISLAB,Mar 2017,OPM,35.68,VALID,Operating Profit / Sales * 100,profitandloss,EXCELLENT,1.0,2026-07-19 11:42:19
DIVISLAB,Mar 2017,ROE,19.79,VALID,PAT / (Equity + Reserves) * 100,profitandloss + balancesheet,GOOD,1.0,2026-07-19 11:42:19
DIVISLAB,Mar 2017,ROCE,26.89,VALID,EBIT / Capital Employed * 100,profitandloss + balancesheet,EXCELLENT,1.0,2026-07-19 11:42:19
DIVISLAB,Mar 2017,ROA,17.22,VALID,PAT / Total Assets * 100,profitandloss + balancesheet,EXCELLENT,1.0,2026-07-19 11:42:19
DIVISLAB,Mar 2018,NPM,22.54,VALID,Net Profit / Sales * 100,profitandloss,EXCELLENT,1.0,2026-07-19 11:42:19
DIVISLAB,Mar 2018,OPM,32.61,VALID,Operating Profit / Sales * 100,profitandloss,EXCELLENT,1.0,2026-07-19 11:42:19
DIVISLAB,Mar 2018,ROE,14.8,VALID,PAT / (Equity + Reserves) * 100,profitandloss + balancesheet,AVERAGE,1.0,2026-07-19 11:42:19
DIVISLAB,Mar 2018,ROCE,21.19,VALID,EBIT / Capital Employed * 100,profitandloss + balancesheet,EXCELLENT,1.0,2026-07-19 11:42:19
DIVISLAB,Mar 2018,ROA,12.93,VALID,PAT / Total Assets * 100,profitandloss + balancesheet,GOOD,1.0,2026-07-19 11:42:19
DIVISLAB,Mar 2019,NPM,27.36,VALID,Net Profit / Sales * 100,profitandloss,EXCELLENT,1.0,2026-07-19 11:42:19
DIVISLAB,Mar 2019,OPM,37.89,VALID,Operating Profit / Sales * 100,profitandloss,EXCELLENT,1.0,2026-07-19 11:42:19
DIVISLAB,Mar 2019,ROE,19.45,VALID,PAT / (Equity + Reserves) * 100,profitandloss + balancesheet,GOOD,1.0,2026-07-19 11:42:19
DIVISLAB,Mar 2019,ROCE,26.53,VALID,EBIT / Capital Employed * 100,profitandloss + balancesheet,EXCELLENT,1.0,2026-07-19 11:42:19
DIVISLAB,Mar 2019,ROA,16.84,VALID,PAT / Total Assets * 100,profitandloss + balancesheet,EXCELLENT,1.0,2026-07-19 11:42:19
DIVISLAB,Mar 2020,NPM,25.53,VALID,Net Profit / Sales * 100,profitandloss,EXCELLENT,1.0,2026-07-19 11:42:19
DIVISLAB,Mar 2020,OPM,33.85,VALID,Operating Profit / Sales * 100,profitandloss,EXCELLENT,1.0,2026-07-19 11:42:19
DIVISLAB,Mar 2020,ROE,18.84,VALID,PAT / (Equity + Reserves) * 100,profitandloss + balancesheet,GOOD,1.0,2026-07-19 11:42:19
DIVISLAB,Mar 2020,ROCE,24.85,VALID,EBIT / Capital Employed * 100,profitandloss + balancesheet,EXCELLENT,1.0,2026-07-19 11:42:19
DIVISLAB,Mar 2020,ROA,16.14,VALID,PAT / Total Assets * 100,profitandloss + balancesheet,EXCELLENT,1.0,2026-07-19 11:42:19
DIVISLAB,Mar 2021,NPM,28.47,VALID,Net Profit / Sales * 100,profitandloss,EXCELLENT,1.0,2026-07-19 11:42:19
DIVISLAB,Mar 2021,OPM,41.14,VALID,Operating Profit / Sales * 100,profitandloss,EXCELLENT,1.0,2026-07-19 11:42:19
DIVISLAB,Mar 2021,ROE,21.34,VALID,PAT / (Equity + Reserves) * 100,profitandloss + balancesheet,EXCELLENT,1.0,2026-07-19 11:42:19
DIVISLAB,Mar 2021,ROCE,30.83,VALID,EBIT / Capital Employed * 100,profitandloss + balancesheet,EXCELLENT,1.0,2026-07-19 11:42:19
DIVISLAB,Mar 2021,ROA,18.42,VALID,PAT / Total Assets * 100,profitandloss + balancesheet,EXCELLENT,1.0,2026-07-19 11:42:19
DIVISLAB,Mar 2022,NPM,33.04,VALID,Net Profit / Sales * 100,profitandloss,EXCELLENT,1.0,2026-07-19 11:42:19
DIVISLAB,Mar 2022,OPM,43.36,VALID,Operating Profit / Sales * 100,profitandloss,EXCELLENT,1.0,2026-07-19 11:42:19
DIVISLAB,Mar 2022,ROE,25.24,VALID,PAT / (Equity + Reserves) * 100,profitandloss + balancesheet,EXCELLENT,1.0,2026-07-19 11:42:19
DIVISLAB,Mar 2022,ROCE,33.11,VALID,EBIT / Capital Employed * 100,profitandloss + balancesheet,EXCELLENT,1.0,2026-07-19 11:42:19
DIVISLAB,Mar 2022,ROA,22.16,VALID,PAT / Total Assets * 100,profitandloss + balancesheet,EXCELLENT,1.0,2026-07-19 11:42:19
DIVISLAB,Mar 2023,NPM,23.48,VALID,Net Profit / Sales * 100,profitandloss,EXCELLENT,1.0,2026-07-19 11:42:19
DIVISLAB,Mar 2023,OPM,30.51,VALID,Operating Profit / Sales * 100,profitandloss,EXCELLENT,1.0,2026-07-19 11:42:19
DIVISLAB,Mar 2023,ROE,14.29,VALID,PAT / (Equity + Reserves) * 100,profitandloss + balancesheet,AVERAGE,1.0,2026-07-19 11:42:19
DIVISLAB,Mar 2023,ROCE,18.56,VALID,EBIT / Capital Employed * 100,profitandloss + balancesheet,GOOD,1.0,2026-07-19 11:42:19
DIVISLAB,Mar 2023,ROA,12.64,VALID,PAT / Total Assets * 100,profitandloss + balancesheet,GOOD,1.0,2026-07-19 11:42:19
DIVISLAB,Mar 2024,NPM,20.4,VALID,Net Profit / Sales * 100,profitandloss,EXCELLENT,1.0,2026-07-19 11:42:19
DIVISLAB,Mar 2024,OPM,28.17,VALID,Operating Profit / Sales * 100,profitandloss,EXCELLENT,1.0,2026-07-19 11:42:19
DIVISLAB,Mar 2024,ROE,11.79,VALID,PAT / (Equity + Reserves) * 100,profitandloss + balancesheet,AVERAGE,1.0,2026-07-19 11:42:19
DIVISLAB,Mar 2024,ROCE,16.28,VALID,EBIT / Capital Employed * 100,profitandloss + balancesheet,GOOD,1.0,2026-07-19 11:42:19
DIVISLAB,Mar 2024,ROA,10.35,VALID,PAT / Total Assets * 100,profitandloss + balancesheet,GOOD,1.0,2026-07-19 11:42:19
DLF,Mar 2013,NPM,8.58,VALID,Net Profit / Sales * 100,profitandloss,AVERAGE,1.0,2026-07-19 11:42:19
DLF,Mar 2013,OPM,33.87,VALID,Operating Profit / Sales * 100,profitandloss,EXCELLENT,1.0,2026-07-19 11:42:19
DLF,Mar 2013,ROE,2.59,VALID,PAT / (Equity + Reserves) * 100,profitandloss + balancesheet,WEAK,1.0,2026-07-19 11:42:19
DLF,Mar 2013,ROCE,5.03,VALID,EBIT / Capital Employed * 100,profitandloss + balancesheet,WEAK,1.0,2026-07-19 11:42:19
DLF,Mar 2013,ROA,1.03,VALID,PAT / Total Assets * 100,profitandloss + balancesheet,WEAK,1.0,2026-07-19 11:42:19
DLF,Mar 2014,NPM,7.11,VALID,Net Profit / Sales * 100,profitandloss,AVERAGE,1.0,2026-07-19 11:42:19
DLF,Mar 2014,OPM,30.04,VALID,Operating Profit / Sales * 100,profitandloss,EXCELLENT,1.0,2026-07-19 11:42:19
DLF,Mar 2014,ROE,2.15,VALID,PAT / (Equity + Reserves) * 100,profitandloss + balancesheet,WEAK,1.0,2026-07-19 11:42:19
DLF,Mar 2014,ROCE,4.84,VALID,EBIT / Capital Employed * 100,profitandloss + balancesheet,WEAK,1.0,2026-07-19 11:42:19
DLF,Mar 2014,ROA,0.91,VALID,PAT / Total Assets * 100,profitandloss + balancesheet,WEAK,1.0,2026-07-19 11:42:19
DLF,Mar 2015,NPM,6.63,VALID,Net Profit / Sales * 100,profitandloss,AVERAGE,1.0,2026-07-19 11:42:19
DLF,Mar 2015,OPM,39.4,VALID,Operating Profit / Sales * 100,profitandloss,EXCELLENT,1.0,2026-07-19 11:42:19
DLF,Mar 2015,ROE,1.85,VALID,PAT / (Equity + Reserves) * 100,profitandloss + balancesheet,WEAK,1.0,2026-07-19 11:42:19
DLF,Mar 2015,ROCE,5.81,VALID,EBIT / Capital Employed * 100,profitandloss + balancesheet,WEAK,1.0,2026-07-19 11:42:19
DLF,Mar 2015,ROA,0.77,VALID,PAT / Total Assets * 100,profitandloss + balancesheet,WEAK,1.0,2026-07-19 11:42:19
DLF,Mar 2016,NPM,3.07,VALID,Net Profit / Sales * 100,profitandloss,WEAK,1.0,2026-07-19 11:42:19
DLF,Mar 2016,OPM,39.96,VALID,Operating Profit / Sales * 100,profitandloss,EXCELLENT,1.0,2026-07-19 11:42:19
DLF,Mar 2016,ROE,1.27,VALID,PAT / (Equity + Reserves) * 100,profitandloss + balancesheet,WEAK,1.0,2026-07-19 11:42:19
DLF,Mar 2016,ROCE,8.04,VALID,EBIT / Capital Employed * 100,profitandloss + balancesheet,WEAK,1.0,2026-07-19 11:42:19
DLF,Mar 2016,ROA,0.49,VALID,PAT / Total Assets * 100,profitandloss + balancesheet,WEAK,1.0,2026-07-19 11:42:19
DLF,Mar 2017,NPM,8.61,VALID,Net Profit / Sales * 100,profitandloss,AVERAGE,1.0,2026-07-19 11:42:19
DLF,Mar 2017,OPM,41.92,VALID,Operating Profit / Sales * 100,profitandloss,EXCELLENT,1.0,2026-07-19 11:42:19
DLF,Mar 2017,ROE,2.88,VALID,PAT / (Equity + Reserves) * 100,profitandloss + balancesheet,WEAK,1.0,2026-07-19 11:42:19
DLF,Mar 2017,ROCE,6.41,VALID,EBIT / Capital Employed * 100,profitandloss + balancesheet,WEAK,1.0,2026-07-19 11:42:19
DLF,Mar 2017,ROA,1.11,VALID,PAT / Total Assets * 100,profitandloss + balancesheet,WEAK,1.0,2026-07-19 11:42:19
DLF,Mar 2018,NPM,66.75,VALID,Net Profit / Sales * 100,profitandloss,EXCELLENT,1.0,2026-07-19 11:42:19
DLF,Mar 2018,OPM,35.46,VALID,Operating Profit / Sales * 100,profitandloss,EXCELLENT,1.0,2026-07-19 11:42:19
DLF,Mar 2018,ROE,12.68,VALID,PAT / (Equity + Reserves) * 100,profitandloss + balancesheet,AVERAGE,1.0,2026-07-19 11:42:19
DLF,Mar 2018,ROCE,4.5,VALID,EBIT / Capital Employed * 100,profitandloss + balancesheet,WEAK,1.0,2026-07-19 11:42:19
DLF,Mar 2018,ROA,7.39,VALID,PAT / Total Assets * 100,profitandloss + balancesheet,AVERAGE,1.0,2026-07-19 11:42:19
DLF,Mar 2019,NPM,15.71,VALID,Net Profit / Sales * 100,profitandloss,EXCELLENT,1.0,2026-07-19 11:42:19
DLF,Mar 2019,OPM,25.68,VALID,Operating Profit / Sales * 100,profitandloss,EXCELLENT,1.0,2026-07-19 11:42:19
DLF,Mar 2019,ROE,3.91,VALID,PAT / (Equity + Reserves) * 100,profitandloss + balancesheet,WEAK,1.0,2026-07-19 11:42:19
DLF,Mar 2019,ROCE,4.23,VALID,EBIT / Capital Employed * 100,profitandloss + balancesheet,WEAK,1.0,2026-07-19 11:42:19
DLF,Mar 2019,ROA,1.98,VALID,PAT / Total Assets * 100,profitandloss + balancesheet,WEAK,1.0,2026-07-19 11:42:19
DLF,Mar 2020,NPM,-9.7,VALID,Net Profit / Sales * 100,profitandloss,WEAK,1.0,2026-07-19 11:42:19
DLF,Mar 2020,OPM,18.84,VALID,Operating Profit / Sales * 100,profitandloss,GOOD,1.0,2026-07-19 11:42:19
DLF,Mar 2020,ROE,-1.71,VALID,PAT / (Equity + Reserves) * 100,profitandloss + balancesheet,WEAK,1.0,2026-07-19 11:42:19
DLF,Mar 2020,ROCE,2.69,VALID,EBIT / Capital Employed * 100,profitandloss + balancesheet,WEAK,1.0,2026-07-19 11:42:19
DLF,Mar 2020,ROA,-1.06,VALID,PAT / Total Assets * 100,profitandloss + balancesheet,WEAK,1.0,2026-07-19 11:42:19
DLF,Mar 2021,NPM,20.0,VALID,Net Profit / Sales * 100,profitandloss,EXCELLENT,1.0,2026-07-19 11:42:19
DLF,Mar 2021,OPM,27.13,VALID,Operating Profit / Sales * 100,profitandloss,EXCELLENT,1.0,2026-07-19 11:42:19
DLF,Mar 2021,ROE,3.06,VALID,PAT / (Equity + Reserves) * 100,profitandloss + balancesheet,WEAK,1.0,2026-07-19 11:42:19
DLF,Mar 2021,ROCE,3.48,VALID,EBIT / Capital Employed * 100,profitandloss + balancesheet,WEAK,1.0,2026-07-19 11:42:19
DLF,Mar 2021,ROA,2.02,VALID,PAT / Total Assets * 100,profitandloss + balancesheet,WEAK,1.0,2026-07-19 11:42:19
DLF,Mar 2022,NPM,26.24,VALID,Net Profit / Sales * 100,profitandloss,EXCELLENT,1.0,2026-07-19 11:42:19
DLF,Mar 2022,OPM,30.49,VALID,Operating Profit / Sales * 100,profitandloss,EXCELLENT,1.0,2026-07-19 11:42:19
DLF,Mar 2022,ROE,4.13,VALID,PAT / (Equity + Reserves) * 100,profitandloss + balancesheet,WEAK,1.0,2026-07-19 11:42:19
DLF,Mar 2022,ROCE,4.3,VALID,EBIT / Capital Employed * 100,profitandloss + balancesheet,WEAK,1.0,2026-07-19 11:42:19
DLF,Mar 2022,ROA,2.93,VALID,PAT / Total Assets * 100,profitandloss + balancesheet,WEAK,1.0,2026-07-19 11:42:19
DLF,Mar 2023,NPM,35.72,VALID,Net Profit / Sales * 100,profitandloss,EXCELLENT,1.0,2026-07-19 11:42:19
DLF,Mar 2023,OPM,30.31,VALID,Operating Profit / Sales * 100,profitandloss,EXCELLENT,1.0,2026-07-19 11:42:19
DLF,Mar 2023,ROE,5.4,VALID,PAT / (Equity + Reserves) * 100,profitandloss + balancesheet,WEAK,1.0,2026-07-19 11:42:19
DLF,Mar 2023,ROCE,4.21,VALID,EBIT / Capital Employed * 100,profitandloss + balancesheet,WEAK,1.0,2026-07-19 11:42:19
DLF,Mar 2023,ROA,3.87,VALID,PAT / Total Assets * 100,profitandloss + balancesheet,WEAK,1.0,2026-07-19 11:42:19
DLF,Mar 2024,NPM,42.38,VALID,Net Profit / Sales * 100,profitandloss,EXCELLENT,1.0,2026-07-19 11:42:19
DLF,Mar 2024,OPM,33.05,VALID,Operating Profit / Sales * 100,profitandloss,EXCELLENT,1.0,2026-07-19 11:42:19
DLF,Mar 2024,ROE,6.91,VALID,PAT / (Equity + Reserves) * 100,profitandloss + balancesheet,WEAK,1.0,2026-07-19 11:42:19
DLF,Mar 2024,ROCE,4.8,VALID,EBIT / Capital Employed * 100,profitandloss + balancesheet,WEAK,1.0,2026-07-19 11:42:19
DLF,Mar 2024,ROA,4.61,VALID,PAT / Total Assets * 100,profitandloss + balancesheet,WEAK,1.0,2026-07-19 11:42:19
DMART,Mar 2013,NPM,2.81,VALID,Net Profit / Sales * 100,profitandloss,WEAK,1.0,2026-07-19 11:42:19
DMART,Mar 2013,OPM,6.44,VALID,Operating Profit / Sales * 100,profitandloss,WEAK,1.0,2026-07-19 11:42:19
DMART,Mar 2013,ROE,11.91,VALID,PAT / (Equity + Reserves) * 100,profitandloss + balancesheet,AVERAGE,1.0,2026-07-19 11:42:19
DMART,Mar 2013,ROCE,16.35,VALID,EBIT / Capital Employed * 100,profitandloss + balancesheet,GOOD,1.0,2026-07-19 11:42:19
DMART,Mar 2013,ROA,6.3,VALID,PAT / Total Assets * 100,profitandloss + balancesheet,AVERAGE,1.0,2026-07-19 11:42:19
DMART,Mar 2014,NPM,3.44,VALID,Net Profit / Sales * 100,profitandloss,WEAK,1.0,2026-07-19 11:42:19
DMART,Mar 2014,OPM,7.28,VALID,Operating Profit / Sales * 100,profitandloss,WEAK,1.0,2026-07-19 11:42:19
DMART,Mar 2014,ROE,16.84,VALID,PAT / (Equity + Reserves) * 100,profitandloss + balancesheet,GOOD,1.0,2026-07-19 11:42:19
DMART,Mar 2014,ROCE,21.35,VALID,EBIT / Capital Employed * 100,profitandloss + balancesheet,EXCELLENT,1.0,2026-07-19 11:42:19
DMART,Mar 2014,ROA,8.9,VALID,PAT / Total Assets * 100,profitandloss + balancesheet,AVERAGE,1.0,2026-07-19 11:42:19
DMART,Mar 2015,NPM,3.29,VALID,Net Profit / Sales * 100,profitandloss,WEAK,1.0,2026-07-19 11:42:19
DMART,Mar 2015,OPM,7.08,VALID,Operating Profit / Sales * 100,profitandloss,WEAK,1.0,2026-07-19 11:42:19
DMART,Mar 2015,ROE,17.67,VALID,PAT / (Equity + Reserves) * 100,profitandloss + balancesheet,GOOD,1.0,2026-07-19 11:42:19
DMART,Mar 2015,ROCE,21.67,VALID,EBIT / Capital Employed * 100,profitandloss + balancesheet,EXCELLENT,1.0,2026-07-19 11:42:19
DMART,Mar 2015,ROA,9.0,VALID,PAT / Total Assets * 100,profitandloss + balancesheet,AVERAGE,1.0,2026-07-19 11:42:19
DMART,Mar 2016,NPM,3.73,VALID,Net Profit / Sales * 100,profitandloss,WEAK,1.0,2026-07-19 11:42:19
DMART,Mar 2016,OPM,7.74,VALID,Operating Profit / Sales * 100,profitandloss,WEAK,1.0,2026-07-19 11:42:19
DMART,Mar 2016,ROE,21.04,VALID,PAT / (Equity + Reserves) * 100,profitandloss + balancesheet,EXCELLENT,1.0,2026-07-19 11:42:19
DMART,Mar 2016,ROCE,24.47,VALID,EBIT / Capital Employed * 100,profitandloss + balancesheet,EXCELLENT,1.0,2026-07-19 11:42:19
DMART,Mar 2016,ROA,10.32,VALID,PAT / Total Assets * 100,profitandloss + balancesheet,GOOD,1.0,2026-07-19 11:42:19
DMART,Mar 2017,NPM,4.03,VALID,Net Profit / Sales * 100,profitandloss,WEAK,1.0,2026-07-19 11:42:19
DMART,Mar 2017,OPM,8.14,VALID,Operating Profit / Sales * 100,profitandloss,WEAK,1.0,2026-07-19 11:42:19
DMART,Mar 2017,ROE,12.47,VALID,PAT / (Equity + Reserves) * 100,profitandloss + balancesheet,AVERAGE,1.0,2026-07-19 11:42:19
DMART,Mar 2017,ROCE,18.15,VALID,EBIT / Capital Employed * 100,profitandloss + balancesheet,GOOD,1.0,2026-07-19 11:42:19
DMART,Mar 2017,ROA,8.23,VALID,PAT / Total Assets * 100,profitandloss + balancesheet,AVERAGE,1.0,2026-07-19 11:42:19
DMART,Mar 2018,NPM,5.36,VALID,Net Profit / Sales * 100,profitandloss,AVERAGE,1.0,2026-07-19 11:42:19
DMART,Mar 2018,OPM,9.0,VALID,Operating Profit / Sales * 100,profitandloss,WEAK,1.0,2026-07-19 11:42:19
DMART,Mar 2018,ROE,17.26,VALID,PAT / (Equity + Reserves) * 100,profitandloss + balancesheet,GOOD,1.0,2026-07-19 11:42:19
DMART,Mar 2018,ROCE,26.49,VALID,EBIT / Capital Employed * 100,profitandloss + balancesheet,EXCELLENT,1.0,2026-07-19 11:42:19
DMART,Mar 2018,ROA,14.27,VALID,PAT / Total Assets * 100,profitandloss + balancesheet,GOOD,1.0,2026-07-19 11:42:19
DMART,Mar 2019,NPM,4.51,VALID,Net Profit / Sales * 100,profitandloss,WEAK,1.0,2026-07-19 11:42:19
DMART,Mar 2019,OPM,8.16,VALID,Operating Profit / Sales * 100,profitandloss,WEAK,1.0,2026-07-19 11:42:19
DMART,Mar 2019,ROE,16.14,VALID,PAT / (Equity + Reserves) * 100,profitandloss + balancesheet,GOOD,1.0,2026-07-19 11:42:19
DMART,Mar 2019,ROCE,25.97,VALID,EBIT / Capital Employed * 100,profitandloss + balancesheet,EXCELLENT,1.0,2026-07-19 11:42:19
DMART,Mar 2019,ROA,12.87,VALID,PAT / Total Assets * 100,profitandloss + balancesheet,GOOD,1.0,2026-07-19 11:42:19
DMART,Mar 2020,NPM,5.23,VALID,Net Profit / Sales * 100,profitandloss,AVERAGE,1.0,2026-07-19 11:42:19
DMART,Mar 2020,OPM,8.56,VALID,Operating Profit / Sales * 100,profitandloss,WEAK,1.0,2026-07-19 11:42:19
DMART,Mar 2020,ROE,11.74,VALID,PAT / (Equity + Reserves) * 100,profitandloss + balancesheet,AVERAGE,1.0,2026-07-19 11:42:19
DMART,Mar 2020,ROCE,18.65,VALID,EBIT / Capital Employed * 100,profitandloss + balancesheet,GOOD,1.0,2026-07-19 11:42:19
DMART,Mar 2020,ROA,10.77,VALID,PAT / Total Assets * 100,profitandloss + balancesheet,GOOD,1.0,2026-07-19 11:42:19
DMART,Mar 2021,NPM,4.55,VALID,Net Profit / Sales * 100,profitandloss,WEAK,1.0,2026-07-19 11:42:19
DMART,Mar 2021,OPM,7.23,VALID,Operating Profit / Sales * 100,profitandloss,WEAK,1.0,2026-07-19 11:42:19
DMART,Mar 2021,ROE,9.02,VALID,PAT / (Equity + Reserves) * 100,profitandloss + balancesheet,WEAK,1.0,2026-07-19 11:42:19
DMART,Mar 2021,ROCE,13.87,VALID,EBIT / Capital Employed * 100,profitandloss + balancesheet,AVERAGE,1.0,2026-07-19 11:42:19
DMART,Mar 2021,ROA,8.05,VALID,PAT / Total Assets * 100,profitandloss + balancesheet,AVERAGE,1.0,2026-07-19 11:42:19
DMART,Mar 2022,NPM,4.82,VALID,Net Profit / Sales * 100,profitandloss,WEAK,1.0,2026-07-19 11:42:19
DMART,Mar 2022,OPM,8.08,VALID,Operating Profit / Sales * 100,profitandloss,WEAK,1.0,2026-07-19 11:42:19
DMART,Mar 2022,ROE,10.91,VALID,PAT / (Equity + Reserves) * 100,profitandloss + balancesheet,AVERAGE,1.0,2026-07-19 11:42:19
DMART,Mar 2022,ROCE,17.47,VALID,EBIT / Capital Employed * 100,profitandloss + balancesheet,GOOD,1.0,2026-07-19 11:42:19
DMART,Mar 2022,ROA,9.64,VALID,PAT / Total Assets * 100,profitandloss + balancesheet,AVERAGE,1.0,2026-07-19 11:42:19
DMART,Mar 2023,NPM,5.55,VALID,Net Profit / Sales * 100,profitandloss,AVERAGE,1.0,2026-07-19 11:42:19
DMART,Mar 2023,OPM,8.49,VALID,Operating Profit / Sales * 100,profitandloss,WEAK,1.0,2026-07-19 11:42:19
DMART,Mar 2023,ROE,14.79,VALID,PAT / (Equity + Reserves) * 100,profitandloss + balancesheet,AVERAGE,1.0,2026-07-19 11:42:19
DMART,Mar 2023,ROCE,21.76,VALID,EBIT / Capital Employed * 100,profitandloss + balancesheet,EXCELLENT,1.0,2026-07-19 11:42:19
DMART,Mar 2023,ROA,13.13,VALID,PAT / Total Assets * 100,profitandloss + balancesheet,GOOD,1.0,2026-07-19 11:42:19
DMART,Mar 2024,NPM,4.99,VALID,Net Profit / Sales * 100,profitandloss,WEAK,1.0,2026-07-19 11:42:19
DMART,Mar 2024,OPM,8.08,VALID,Operating Profit / Sales * 100,profitandloss,WEAK,1.0,2026-07-19 11:42:19
DMART,Mar 2024,ROE,13.56,VALID,PAT / (Equity + Reserves) * 100,profitandloss + balancesheet,AVERAGE,1.0,2026-07-19 11:42:19
DMART,Mar 2024,ROCE,21.29,VALID,EBIT / Capital Employed * 100,profitandloss + balancesheet,EXCELLENT,1.0,2026-07-19 11:42:19
DMART,Mar 2024,ROA,11.98,VALID,PAT / Total Assets * 100,profitandloss + balancesheet,GOOD,1.0,2026-07-19 11:42:19
DRREDDY,Mar 2013,NPM,12.9,VALID,Net Profit / Sales * 100,profitandloss,GOOD,1.0,2026-07-19 11:42:19
DRREDDY,Mar 2013,OPM,22.56,VALID,Operating Profit / Sales * 100,profitandloss,GOOD,1.0,2026-07-19 11:42:19
DRREDDY,Mar 2013,ROE,23.98,VALID,PAT / (Equity + Reserves) * 100,profitandloss + balancesheet,EXCELLENT,1.0,2026-07-19 11:42:19
DRREDDY,Mar 2013,ROCE,26.55,VALID,EBIT / Capital Employed * 100,profitandloss + balancesheet,EXCELLENT,1.0,2026-07-19 11:42:19
DRREDDY,Mar 2013,ROA,11.41,VALID,PAT / Total Assets * 100,profitandloss + balancesheet,GOOD,1.0,2026-07-19 11:42:19
DRREDDY,Mar 2014,NPM,14.63,VALID,Net Profit / Sales * 100,profitandloss,GOOD,1.0,2026-07-19 11:42:19
DRREDDY,Mar 2014,OPM,24.23,VALID,Operating Profit / Sales * 100,profitandloss,GOOD,1.0,2026-07-19 11:42:19
DRREDDY,Mar 2014,ROE,24.96,VALID,PAT / (Equity + Reserves) * 100,profitandloss + balancesheet,EXCELLENT,1.0,2026-07-19 11:42:19
DRREDDY,Mar 2014,ROCE,26.34,VALID,EBIT / Capital Employed * 100,profitandloss + balancesheet,EXCELLENT,1.0,2026-07-19 11:42:19
DRREDDY,Mar 2014,ROA,12.34,VALID,PAT / Total Assets * 100,profitandloss + balancesheet,GOOD,1.0,2026-07-19 11:42:19
DRREDDY,Mar 2015,NPM,15.55,VALID,Net Profit / Sales * 100,profitandloss,EXCELLENT,1.0,2026-07-19 11:42:19
DRREDDY,Mar 2015,OPM,23.35,VALID,Operating Profit / Sales * 100,profitandloss,GOOD,1.0,2026-07-19 11:42:19
DRREDDY,Mar 2015,ROE,23.71,VALID,PAT / (Equity + Reserves) * 100,profitandloss + balancesheet,EXCELLENT,1.0,2026-07-19 11:42:19
DRREDDY,Mar 2015,ROCE,24.76,VALID,EBIT / Capital Employed * 100,profitandloss + balancesheet,EXCELLENT,1.0,2026-07-19 11:42:19
DRREDDY,Mar 2015,ROA,12.66,VALID,PAT / Total Assets * 100,profitandloss + balancesheet,GOOD,1.0,2026-07-19 11:42:19
DRREDDY,Mar 2016,NPM,13.69,VALID,Net Profit / Sales * 100,profitandloss,GOOD,1.0,2026-07-19 11:42:19
DRREDDY,Mar 2016,OPM,23.03,VALID,Operating Profit / Sales * 100,profitandloss,GOOD,1.0,2026-07-19 11:42:19
DRREDDY,Mar 2016,ROE,16.95,VALID,PAT / (Equity + Reserves) * 100,profitandloss + balancesheet,GOOD,1.0,2026-07-19 11:42:19
DRREDDY,Mar 2016,ROCE,22.52,VALID,EBIT / Capital Employed * 100,profitandloss + balancesheet,EXCELLENT,1.0,2026-07-19 11:42:19
DRREDDY,Mar 2016,ROA,10.48,VALID,PAT / Total Assets * 100,profitandloss + balancesheet,GOOD,1.0,2026-07-19 11:42:19
DRREDDY,Mar 2017,NPM,9.1,VALID,Net Profit / Sales * 100,profitandloss,AVERAGE,1.0,2026-07-19 11:42:19
DRREDDY,Mar 2017,OPM,17.41,VALID,Operating Profit / Sales * 100,profitandloss,GOOD,1.0,2026-07-19 11:42:19
DRREDDY,Mar 2017,ROE,10.54,VALID,PAT / (Equity + Reserves) * 100,profitandloss + balancesheet,AVERAGE,1.0,2026-07-19 11:42:19
DRREDDY,Mar 2017,ROCE,14.39,VALID,EBIT / Capital Employed * 100,profitandloss + balancesheet,AVERAGE,1.0,2026-07-19 11:42:19
DRREDDY,Mar 2017,ROA,5.97,VALID,PAT / Total Assets * 100,profitandloss + balancesheet,AVERAGE,1.0,2026-07-19 11:42:19
DRREDDY,Mar 2018,NPM,6.63,VALID,Net Profit / Sales * 100,profitandloss,AVERAGE,1.0,2026-07-19 11:42:19
DRREDDY,Mar 2018,OPM,16.46,VALID,Operating Profit / Sales * 100,profitandloss,GOOD,1.0,2026-07-19 11:42:19
DRREDDY,Mar 2018,ROE,7.53,VALID,PAT / (Equity + Reserves) * 100,profitandloss + balancesheet,WEAK,1.0,2026-07-19 11:42:19
DRREDDY,Mar 2018,ROCE,13.33,VALID,EBIT / Capital Employed * 100,profitandloss + balancesheet,AVERAGE,1.0,2026-07-19 11:42:19
DRREDDY,Mar 2018,ROA,4.24,VALID,PAT / Total Assets * 100,profitandloss + balancesheet,WEAK,1.0,2026-07-19 11:42:19
DRREDDY,Mar 2019,NPM,12.62,VALID,Net Profit / Sales * 100,profitandloss,GOOD,1.0,2026-07-19 11:42:19
DRREDDY,Mar 2019,OPM,20.57,VALID,Operating Profit / Sales * 100,profitandloss,GOOD,1.0,2026-07-19 11:42:19
DRREDDY,Mar 2019,ROE,13.9,VALID,PAT / (Equity + Reserves) * 100,profitandloss + balancesheet,AVERAGE,1.0,2026-07-19 11:42:19
DRREDDY,Mar 2019,ROCE,17.79,VALID,EBIT / Capital Employed * 100,profitandloss + balancesheet,GOOD,1.0,2026-07-19 11:42:19
DRREDDY,Mar 2019,ROA,8.7,VALID,PAT / Total Assets * 100,profitandloss + balancesheet,AVERAGE,1.0,2026-07-19 11:42:19
DRREDDY,Mar 2020,NPM,11.57,VALID,Net Profit / Sales * 100,profitandloss,GOOD,1.0,2026-07-19 11:42:19
DRREDDY,Mar 2020,OPM,14.14,VALID,Operating Profit / Sales * 100,profitandloss,AVERAGE,1.0,2026-07-19 11:42:19
DRREDDY,Mar 2020,ROE,12.99,VALID,PAT / (Equity + Reserves) * 100,profitandloss + balancesheet,AVERAGE,1.0,2026-07-19 11:42:19
DRREDDY,Mar 2020,ROCE,13.91,VALID,EBIT / Capital Employed * 100,profitandloss + balancesheet,AVERAGE,1.0,2026-07-19 11:42:19
DRREDDY,Mar 2020,ROA,8.72,VALID,PAT / Total Assets * 100,profitandloss + balancesheet,AVERAGE,1.0,2026-07-19 11:42:19
DRREDDY,Mar 2021,NPM,10.25,VALID,Net Profit / Sales * 100,profitandloss,GOOD,1.0,2026-07-19 11:42:19
DRREDDY,Mar 2021,OPM,20.34,VALID,Operating Profit / Sales * 100,profitandloss,GOOD,1.0,2026-07-19 11:42:19
DRREDDY,Mar 2021,ROE,11.07,VALID,PAT / (Equity + Reserves) * 100,profitandloss + balancesheet,AVERAGE,1.0,2026-07-19 11:42:19
DRREDDY,Mar 2021,ROCE,18.74,VALID,EBIT / Capital Employed * 100,profitandloss + balancesheet,GOOD,1.0,2026-07-19 11:42:19
DRREDDY,Mar 2021,ROA,7.34,VALID,PAT / Total Assets * 100,profitandloss + balancesheet,AVERAGE,1.0,2026-07-19 11:42:19
DRREDDY,Mar 2022,NPM,10.13,VALID,Net Profit / Sales * 100,profitandloss,GOOD,1.0,2026-07-19 11:42:19
DRREDDY,Mar 2022,OPM,17.49,VALID,Operating Profit / Sales * 100,profitandloss,GOOD,1.0,2026-07-19 11:42:19
DRREDDY,Mar 2022,ROE,11.36,VALID,PAT / (Equity + Reserves) * 100,profitandloss + balancesheet,AVERAGE,1.0,2026-07-19 11:42:19
DRREDDY,Mar 2022,ROCE,16.68,VALID,EBIT / Capital Employed * 100,profitandloss + balancesheet,GOOD,1.0,2026-07-19 11:42:19
DRREDDY,Mar 2022,ROA,7.34,VALID,PAT / Total Assets * 100,profitandloss + balancesheet,AVERAGE,1.0,2026-07-19 11:42:19
DRREDDY,Mar 2023,NPM,18.27,VALID,Net Profit / Sales * 100,profitandloss,EXCELLENT,1.0,2026-07-19 11:42:19
DRREDDY,Mar 2023,OPM,26.23,VALID,Operating Profit / Sales * 100,profitandloss,EXCELLENT,1.0,2026-07-19 11:42:19
DRREDDY,Mar 2023,ROE,19.35,VALID,PAT / (Equity + Reserves) * 100,profitandloss + balancesheet,GOOD,1.0,2026-07-19 11:42:19
DRREDDY,Mar 2023,ROCE,26.27,VALID,EBIT / Capital Employed * 100,profitandloss + balancesheet,EXCELLENT,1.0,2026-07-19 11:42:19
DRREDDY,Mar 2023,ROA,13.99,VALID,PAT / Total Assets * 100,profitandloss + balancesheet,GOOD,1.0,2026-07-19 11:42:19
DRREDDY,Mar 2024,NPM,19.91,VALID,Net Profit / Sales * 100,profitandloss,EXCELLENT,1.0,2026-07-19 11:42:19
DRREDDY,Mar 2024,OPM,28.32,VALID,Operating Profit / Sales * 100,profitandloss,EXCELLENT,1.0,2026-07-19 11:42:19
DRREDDY,Mar 2024,ROE,19.74,VALID,PAT / (Equity + Reserves) * 100,profitandloss + balancesheet,GOOD,1.0,2026-07-19 11:42:19
DRREDDY,Mar 2024,ROCE,26.22,VALID,EBIT / Capital Employed * 100,profitandloss + balancesheet,EXCELLENT,1.0,2026-07-19 11:42:19
DRREDDY,Mar 2024,ROA,14.38,VALID,PAT / Total Assets * 100,profitandloss + balancesheet,GOOD,1.0,2026-07-19 11:42:19
EICHERMOT,Dec 2012,NPM,7.43,VALID,Net Profit / Sales * 100,profitandloss,AVERAGE,1.0,2026-07-19 11:42:19
EICHERMOT,Dec 2012,OPM,8.61,VALID,Operating Profit / Sales * 100,profitandloss,WEAK,1.0,2026-07-19 11:42:19
EICHERMOT,Dec 2012,ROE,27.07,VALID,PAT / (Equity + Reserves) * 100,profitandloss + balancesheet,EXCELLENT,1.0,2026-07-19 11:42:19
EICHERMOT,Dec 2012,ROCE,30.93,VALID,EBIT / Capital Employed * 100,profitandloss + balancesheet,EXCELLENT,1.0,2026-07-19 11:42:19
EICHERMOT,Dec 2012,ROA,10.62,VALID,PAT / Total Assets * 100,profitandloss + balancesheet,GOOD,1.0,2026-07-19 11:42:19
EICHERMOT,Dec 2013,NPM,7.71,VALID,Net Profit / Sales * 100,profitandloss,AVERAGE,1.0,2026-07-19 11:42:19
EICHERMOT,Dec 2013,OPM,10.5,VALID,Operating Profit / Sales * 100,profitandloss,AVERAGE,1.0,2026-07-19 11:42:19
EICHERMOT,Dec 2013,ROE,25.55,VALID,PAT / (Equity + Reserves) * 100,profitandloss + balancesheet,EXCELLENT,1.0,2026-07-19 11:42:19
EICHERMOT,Dec 2013,ROCE,33.43,VALID,EBIT / Capital Employed * 100,profitandloss + balancesheet,EXCELLENT,1.0,2026-07-19 11:42:19
EICHERMOT,Dec 2013,ROA,9.84,VALID,PAT / Total Assets * 100,profitandloss + balancesheet,AVERAGE,1.0,2026-07-19 11:42:19
EICHERMOT,Dec 2014,NPM,8.03,VALID,Net Profit / Sales * 100,profitandloss,AVERAGE,1.0,2026-07-19 11:42:19
EICHERMOT,Dec 2014,OPM,12.79,VALID,Operating Profit / Sales * 100,profitandloss,AVERAGE,1.0,2026-07-19 11:42:19
EICHERMOT,Dec 2014,ROE,27.9,VALID,PAT / (Equity + Reserves) * 100,profitandloss + balancesheet,EXCELLENT,1.0,2026-07-19 11:42:19
EICHERMOT,Dec 2014,ROCE,43.43,VALID,EBIT / Capital Employed * 100,profitandloss + balancesheet,EXCELLENT,1.0,2026-07-19 11:42:19
EICHERMOT,Dec 2014,ROA,10.96,VALID,PAT / Total Assets * 100,profitandloss + balancesheet,GOOD,1.0,2026-07-19 11:42:19
EICHERMOT,Mar 2016,NPM,21.68,VALID,Net Profit / Sales * 100,profitandloss,EXCELLENT,1.0,2026-07-19 11:42:19
EICHERMOT,Mar 2016,OPM,27.38,VALID,Operating Profit / Sales * 100,profitandloss,EXCELLENT,1.0,2026-07-19 11:42:19
EICHERMOT,Mar 2016,ROE,36.63,VALID,PAT / (Equity + Reserves) * 100,profitandloss + balancesheet,EXCELLENT,1.0,2026-07-19 11:42:19
EICHERMOT,Mar 2016,ROCE,45.97,VALID,EBIT / Capital Employed * 100,profitandloss + balancesheet,EXCELLENT,1.0,2026-07-19 11:42:19
EICHERMOT,Mar 2016,ROA,27.09,VALID,PAT / Total Assets * 100,profitandloss + balancesheet,EXCELLENT,1.0,2026-07-19 11:42:19
EICHERMOT,Mar 2017,NPM,23.7,VALID,Net Profit / Sales * 100,profitandloss,EXCELLENT,1.0,2026-07-19 11:42:19
EICHERMOT,Mar 2017,OPM,30.91,VALID,Operating Profit / Sales * 100,profitandloss,EXCELLENT,1.0,2026-07-19 11:42:19
EICHERMOT,Mar 2017,ROE,31.19,VALID,PAT / (Equity + Reserves) * 100,profitandloss + balancesheet,EXCELLENT,1.0,2026-07-19 11:42:19
EICHERMOT,Mar 2017,ROCE,39.84,VALID,EBIT / Capital Employed * 100,profitandloss + balancesheet,EXCELLENT,1.0,2026-07-19 11:42:19
EICHERMOT,Mar 2017,ROA,23.78,VALID,PAT / Total Assets * 100,profitandloss + balancesheet,EXCELLENT,1.0,2026-07-19 11:42:19
EICHERMOT,Mar 2018,NPM,21.86,VALID,Net Profit / Sales * 100,profitandloss,EXCELLENT,1.0,2026-07-19 11:42:19
EICHERMOT,Mar 2018,OPM,31.33,VALID,Operating Profit / Sales * 100,profitandloss,EXCELLENT,1.0,2026-07-19 11:42:19
EICHERMOT,Mar 2018,ROE,27.88,VALID,PAT / (Equity + Reserves) * 100,profitandloss + balancesheet,EXCELLENT,1.0,2026-07-19 11:42:19
EICHERMOT,Mar 2018,ROCE,39.12,VALID,EBIT / Capital Employed * 100,profitandloss + balancesheet,EXCELLENT,1.0,2026-07-19 11:42:19
EICHERMOT,Mar 2018,ROA,20.58,VALID,PAT / Total Assets * 100,profitandloss + balancesheet,EXCELLENT,1.0,2026-07-19 11:42:19
EICHERMOT,Mar 2019,NPM,22.49,VALID,Net Profit / Sales * 100,profitandloss,EXCELLENT,1.0,2026-07-19 11:42:19
EICHERMOT,Mar 2019,OPM,29.64,VALID,Operating Profit / Sales * 100,profitandloss,EXCELLENT,1.0,2026-07-19 11:42:19
EICHERMOT,Mar 2019,ROE,24.7,VALID,PAT / (Equity + Reserves) * 100,profitandloss + balancesheet,EXCELLENT,1.0,2026-07-19 11:42:19
EICHERMOT,Mar 2019,ROCE,31.89,VALID,EBIT / Capital Employed * 100,profitandloss + balancesheet,EXCELLENT,1.0,2026-07-19 11:42:19
EICHERMOT,Mar 2019,ROA,19.35,VALID,PAT / Total Assets * 100,profitandloss + balancesheet,EXCELLENT,1.0,2026-07-19 11:42:19
EICHERMOT,Mar 2020,NPM,19.96,VALID,Net Profit / Sales * 100,profitandloss,EXCELLENT,1.0,2026-07-19 11:42:19
EICHERMOT,Mar 2020,OPM,23.85,VALID,Operating Profit / Sales * 100,profitandloss,GOOD,1.0,2026-07-19 11:42:19
EICHERMOT,Mar 2020,ROE,18.3,VALID,PAT / (Equity + Reserves) * 100,profitandloss + balancesheet,GOOD,1.0,2026-07-19 11:42:19
EICHERMOT,Mar 2020,ROCE,21.34,VALID,EBIT / Capital Employed * 100,profitandloss + balancesheet,EXCELLENT,1.0,2026-07-19 11:42:19
EICHERMOT,Mar 2020,ROA,14.67,VALID,PAT / Total Assets * 100,profitandloss + balancesheet,GOOD,1.0,2026-07-19 11:42:19
EICHERMOT,Mar 2021,NPM,15.45,VALID,Net Profit / Sales * 100,profitandloss,EXCELLENT,1.0,2026-07-19 11:42:19
EICHERMOT,Mar 2021,OPM,20.45,VALID,Operating Profit / Sales * 100,profitandloss,GOOD,1.0,2026-07-19 11:42:19
EICHERMOT,Mar 2021,ROE,11.78,VALID,PAT / (Equity + Reserves) * 100,profitandloss + balancesheet,AVERAGE,1.0,2026-07-19 11:42:19
EICHERMOT,Mar 2021,ROCE,15.3,VALID,EBIT / Capital Employed * 100,profitandloss + balancesheet,GOOD,1.0,2026-07-19 11:42:19
EICHERMOT,Mar 2021,ROA,9.25,VALID,PAT / Total Assets * 100,profitandloss + balancesheet,AVERAGE,1.0,2026-07-19 11:42:19
EICHERMOT,Mar 2022,NPM,16.28,VALID,Net Profit / Sales * 100,profitandloss,EXCELLENT,1.0,2026-07-19 11:42:19
EICHERMOT,Mar 2022,OPM,21.15,VALID,Operating Profit / Sales * 100,profitandloss,GOOD,1.0,2026-07-19 11:42:19
EICHERMOT,Mar 2022,ROE,13.3,VALID,PAT / (Equity + Reserves) * 100,profitandloss + balancesheet,AVERAGE,1.0,2026-07-19 11:42:19
EICHERMOT,Mar 2022,ROCE,17.13,VALID,EBIT / Capital Employed * 100,profitandloss + balancesheet,GOOD,1.0,2026-07-19 11:42:19
EICHERMOT,Mar 2022,ROA,10.39,VALID,PAT / Total Assets * 100,profitandloss + balancesheet,GOOD,1.0,2026-07-19 11:42:19
EICHERMOT,Mar 2023,NPM,20.18,VALID,Net Profit / Sales * 100,profitandloss,EXCELLENT,1.0,2026-07-19 11:42:19
EICHERMOT,Mar 2023,OPM,23.86,VALID,Operating Profit / Sales * 100,profitandloss,GOOD,1.0,2026-07-19 11:42:19
EICHERMOT,Mar 2023,ROE,19.44,VALID,PAT / (Equity + Reserves) * 100,profitandloss + balancesheet,GOOD,1.0,2026-07-19 11:42:19
EICHERMOT,Mar 2023,ROCE,22.56,VALID,EBIT / Capital Employed * 100,profitandloss + balancesheet,EXCELLENT,1.0,2026-07-19 11:42:19
EICHERMOT,Mar 2023,ROA,15.18,VALID,PAT / Total Assets * 100,profitandloss + balancesheet,EXCELLENT,1.0,2026-07-19 11:42:19
EICHERMOT,Mar 2024,NPM,24.2,VALID,Net Profit / Sales * 100,profitandloss,EXCELLENT,1.0,2026-07-19 11:42:19
EICHERMOT,Mar 2024,OPM,26.18,VALID,Operating Profit / Sales * 100,profitandloss,EXCELLENT,1.0,2026-07-19 11:42:19
EICHERMOT,Mar 2024,ROE,22.17,VALID,PAT / (Equity + Reserves) * 100,profitandloss + balancesheet,EXCELLENT,1.0,2026-07-19 11:42:19
EICHERMOT,Mar 2024,ROCE,23.45,VALID,EBIT / Capital Employed * 100,profitandloss + balancesheet,EXCELLENT,1.0,2026-07-19 11:42:19
EICHERMOT,Mar 2024,ROA,17.31,VALID,PAT / Total Assets * 100,profitandloss + balancesheet,EXCELLENT,1.0,2026-07-19 11:42:19
GAIL,Mar 2013,NPM,8.57,VALID,Net Profit / Sales * 100,profitandloss,AVERAGE,1.0,2026-07-19 11:42:19
GAIL,Mar 2013,OPM,14.57,VALID,Operating Profit / Sales * 100,profitandloss,AVERAGE,1.0,2026-07-19 11:42:19
GAIL,Mar 2013,ROE,15.17,VALID,PAT / (Equity + Reserves) * 100,profitandloss + balancesheet,GOOD,1.0,2026-07-19 11:42:19
GAIL,Mar 2013,ROCE,16.41,VALID,EBIT / Capital Employed * 100,profitandloss + balancesheet,GOOD,1.0,2026-07-19 11:42:19
GAIL,Mar 2013,ROA,7.3,VALID,PAT / Total Assets * 100,profitandloss + balancesheet,AVERAGE,1.0,2026-07-19 11:42:19
GAIL,Mar 2014,NPM,7.75,VALID,Net Profit / Sales * 100,profitandloss,AVERAGE,1.0,2026-07-19 11:42:19
GAIL,Mar 2014,OPM,12.93,VALID,Operating Profit / Sales * 100,profitandloss,AVERAGE,1.0,2026-07-19 11:42:19
GAIL,Mar 2014,ROE,14.75,VALID,PAT / (Equity + Reserves) * 100,profitandloss + balancesheet,AVERAGE,1.0,2026-07-19 11:42:19
GAIL,Mar 2014,ROCE,15.66,VALID,EBIT / Capital Employed * 100,profitandloss + balancesheet,GOOD,1.0,2026-07-19 11:42:19
GAIL,Mar 2014,ROA,7.16,VALID,PAT / Total Assets * 100,profitandloss + balancesheet,AVERAGE,1.0,2026-07-19 11:42:19
GAIL,Mar 2015,NPM,5.22,VALID,Net Profit / Sales * 100,profitandloss,AVERAGE,1.0,2026-07-19 11:42:19
GAIL,Mar 2015,OPM,9.3,VALID,Operating Profit / Sales * 100,profitandloss,WEAK,1.0,2026-07-19 11:42:19
GAIL,Mar 2015,ROE,9.29,VALID,PAT / (Equity + Reserves) * 100,profitandloss + balancesheet,WEAK,1.0,2026-07-19 11:42:19
GAIL,Mar 2015,ROCE,10.76,VALID,EBIT / Capital Employed * 100,profitandloss + balancesheet,AVERAGE,1.0,2026-07-19 11:42:19
GAIL,Mar 2015,ROA,4.54,VALID,PAT / Total Assets * 100,profitandloss + balancesheet,WEAK,1.0,2026-07-19 11:42:19
GAIL,Mar 2016,NPM,3.6,VALID,Net Profit / Sales * 100,profitandloss,WEAK,1.0,2026-07-19 11:42:19
GAIL,Mar 2016,OPM,8.71,VALID,Operating Profit / Sales * 100,profitandloss,WEAK,1.0,2026-07-19 11:42:19
GAIL,Mar 2016,ROE,5.15,VALID,PAT / (Equity + Reserves) * 100,profitandloss + balancesheet,WEAK,1.0,2026-07-19 11:42:19
GAIL,Mar 2016,ROCE,9.98,VALID,EBIT / Capital Employed * 100,profitandloss + balancesheet,WEAK,1.0,2026-07-19 11:42:19
GAIL,Mar 2016,ROA,3.17,VALID,PAT / Total Assets * 100,profitandloss + balancesheet,WEAK,1.0,2026-07-19 11:42:19
GAIL,Mar 2017,NPM,6.95,VALID,Net Profit / Sales * 100,profitandloss,AVERAGE,1.0,2026-07-19 11:42:19
GAIL,Mar 2017,OPM,12.4,VALID,Operating Profit / Sales * 100,profitandloss,AVERAGE,1.0,2026-07-19 11:42:19
GAIL,Mar 2017,ROE,8.58,VALID,PAT / (Equity + Reserves) * 100,profitandloss + balancesheet,WEAK,1.0,2026-07-19 11:42:19
GAIL,Mar 2017,ROCE,13.13,VALID,EBIT / Capital Employed * 100,profitandloss + balancesheet,AVERAGE,1.0,2026-07-19 11:42:19
GAIL,Mar 2017,ROA,5.79,VALID,PAT / Total Assets * 100,profitandloss + balancesheet,AVERAGE,1.0,2026-07-19 11:42:19
GAIL,Mar 2018,NPM,8.82,VALID,Net Profit / Sales * 100,profitandloss,AVERAGE,1.0,2026-07-19 11:42:19
GAIL,Mar 2018,OPM,14.32,VALID,Operating Profit / Sales * 100,profitandloss,AVERAGE,1.0,2026-07-19 11:42:19
GAIL,Mar 2018,ROE,11.53,VALID,PAT / (Equity + Reserves) * 100,profitandloss + balancesheet,AVERAGE,1.0,2026-07-19 11:42:19
GAIL,Mar 2018,ROCE,17.13,VALID,EBIT / Capital Employed * 100,profitandloss + balancesheet,GOOD,1.0,2026-07-19 11:42:19
GAIL,Mar 2018,ROA,7.83,VALID,PAT / Total Assets * 100,profitandloss + balancesheet,AVERAGE,1.0,2026-07-19 11:42:19
GAIL,Mar 2019,NPM,8.6,VALID,Net Profit / Sales * 100,profitandloss,AVERAGE,1.0,2026-07-19 11:42:19
GAIL,Mar 2019,OPM,13.04,VALID,Operating Profit / Sales * 100,profitandloss,AVERAGE,1.0,2026-07-19 11:42:19
GAIL,Mar 2019,ROE,14.24,VALID,PAT / (Equity + Reserves) * 100,profitandloss + balancesheet,AVERAGE,1.0,2026-07-19 11:42:19
GAIL,Mar 2019,ROCE,20.61,VALID,EBIT / Capital Employed * 100,profitandloss + balancesheet,EXCELLENT,1.0,2026-07-19 11:42:19
GAIL,Mar 2019,ROA,9.58,VALID,PAT / Total Assets * 100,profitandloss + balancesheet,AVERAGE,1.0,2026-07-19 11:42:19
GAIL,Mar 2020,NPM,13.12,VALID,Net Profit / Sales * 100,profitandloss,GOOD,1.0,2026-07-19 11:42:19
GAIL,Mar 2020,OPM,12.44,VALID,Operating Profit / Sales * 100,profitandloss,AVERAGE,1.0,2026-07-19 11:42:19
GAIL,Mar 2020,ROE,19.31,VALID,PAT / (Equity + Reserves) * 100,profitandloss + balancesheet,GOOD,1.0,2026-07-19 11:42:19
GAIL,Mar 2020,ROCE,16.06,VALID,EBIT / Capital Employed * 100,profitandloss + balancesheet,GOOD,1.0,2026-07-19 11:42:19
GAIL,Mar 2020,ROA,12.7,VALID,PAT / Total Assets * 100,profitandloss + balancesheet,GOOD,1.0,2026-07-19 11:42:19
GAIL,Mar 2021,NPM,10.71,VALID,Net Profit / Sales * 100,profitandloss,GOOD,1.0,2026-07-19 11:42:19
GAIL,Mar 2021,OPM,12.63,VALID,Operating Profit / Sales * 100,profitandloss,AVERAGE,1.0,2026-07-19 11:42:19
GAIL,Mar 2021,ROE,11.55,VALID,PAT / (Equity + Reserves) * 100,profitandloss + balancesheet,AVERAGE,1.0,2026-07-19 11:42:19
GAIL,Mar 2021,ROCE,11.87,VALID,EBIT / Capital Employed * 100,profitandloss + balancesheet,AVERAGE,1.0,2026-07-19 11:42:19
GAIL,Mar 2021,ROA,7.58,VALID,PAT / Total Assets * 100,profitandloss + balancesheet,AVERAGE,1.0,2026-07-19 11:42:19
GAIL,Mar 2022,NPM,13.26,VALID,Net Profit / Sales * 100,profitandloss,GOOD,1.0,2026-07-19 11:42:19
GAIL,Mar 2022,OPM,16.34,VALID,Operating Profit / Sales * 100,profitandloss,GOOD,1.0,2026-07-19 11:42:19
GAIL,Mar 2022,ROE,19.19,VALID,PAT / (Equity + Reserves) * 100,profitandloss + balancesheet,GOOD,1.0,2026-07-19 11:42:19
GAIL,Mar 2022,ROCE,20.68,VALID,EBIT / Capital Employed * 100,profitandloss + balancesheet,EXCELLENT,1.0,2026-07-19 11:42:19
GAIL,Mar 2022,ROA,12.74,VALID,PAT / Total Assets * 100,profitandloss + balancesheet,GOOD,1.0,2026-07-19 11:42:19
GAIL,Mar 2023,NPM,3.84,VALID,Net Profit / Sales * 100,profitandloss,WEAK,1.0,2026-07-19 11:42:19
GAIL,Mar 2023,OPM,5.15,VALID,Operating Profit / Sales * 100,profitandloss,WEAK,1.0,2026-07-19 11:42:19
GAIL,Mar 2023,ROE,8.62,VALID,PAT / (Equity + Reserves) * 100,profitandloss + balancesheet,WEAK,1.0,2026-07-19 11:42:19
GAIL,Mar 2023,ROCE,9.06,VALID,EBIT / Capital Employed * 100,profitandloss + balancesheet,WEAK,1.0,2026-07-19 11:42:19
GAIL,Mar 2023,ROA,5.19,VALID,PAT / Total Assets * 100,profitandloss + balancesheet,AVERAGE,1.0,2026-07-19 11:42:19
GAIL,Mar 2024,NPM,7.43,VALID,Net Profit / Sales * 100,profitandloss,AVERAGE,1.0,2026-07-19 11:42:19
GAIL,Mar 2024,OPM,10.74,VALID,Operating Profit / Sales * 100,profitandloss,AVERAGE,1.0,2026-07-19 11:42:19
GAIL,Mar 2024,ROE,12.86,VALID,PAT / (Equity + Reserves) * 100,profitandloss + balancesheet,AVERAGE,1.0,2026-07-19 11:42:19
GAIL,Mar 2024,ROCE,14.49,VALID,EBIT / Capital Employed * 100,profitandloss + balancesheet,AVERAGE,1.0,2026-07-19 11:42:19
GAIL,Mar 2024,ROA,7.94,VALID,PAT / Total Assets * 100,profitandloss + balancesheet,AVERAGE,1.0,2026-07-19 11:42:19
GODREJCP,Mar 2013,NPM,13.18,VALID,Net Profit / Sales * 100,profitandloss,GOOD,1.0,2026-07-19 11:42:19
GODREJCP,Mar 2013,OPM,15.52,VALID,Operating Profit / Sales * 100,profitandloss,GOOD,1.0,2026-07-19 11:42:19
GODREJCP,Mar 2013,ROE,25.51,VALID,PAT / (Equity + Reserves) * 100,profitandloss + balancesheet,EXCELLENT,1.0,2026-07-19 11:42:19
GODREJCP,Mar 2013,ROCE,17.25,VALID,EBIT / Capital Employed * 100,profitandloss + balancesheet,GOOD,1.0,2026-07-19 11:42:19
GODREJCP,Mar 2013,ROA,10.98,VALID,PAT / Total Assets * 100,profitandloss + balancesheet,GOOD,1.0,2026-07-19 11:42:19
GODREJCP,Mar 2014,NPM,10.78,VALID,Net Profit / Sales * 100,profitandloss,GOOD,1.0,2026-07-19 11:42:19
GODREJCP,Mar 2014,OPM,15.38,VALID,Operating Profit / Sales * 100,profitandloss,GOOD,1.0,2026-07-19 11:42:19
GODREJCP,Mar 2014,ROE,21.7,VALID,PAT / (Equity + Reserves) * 100,profitandloss + balancesheet,EXCELLENT,1.0,2026-07-19 11:42:19
GODREJCP,Mar 2014,ROCE,19.01,VALID,EBIT / Capital Employed * 100,profitandloss + balancesheet,GOOD,1.0,2026-07-19 11:42:19
GODREJCP,Mar 2014,ROA,9.84,VALID,PAT / Total Assets * 100,profitandloss + balancesheet,AVERAGE,1.0,2026-07-19 11:42:19
GODREJCP,Mar 2015,NPM,11.8,VALID,Net Profit / Sales * 100,profitandloss,GOOD,1.0,2026-07-19 11:42:19
GODREJCP,Mar 2015,OPM,16.67,VALID,Operating Profit / Sales * 100,profitandloss,GOOD,1.0,2026-07-19 11:42:19
GODREJCP,Mar 2015,ROE,22.64,VALID,PAT / (Equity + Reserves) * 100,profitandloss + balancesheet,EXCELLENT,1.0,2026-07-19 11:42:19
GODREJCP,Mar 2015,ROCE,19.62,VALID,EBIT / Capital Employed * 100,profitandloss + balancesheet,GOOD,1.0,2026-07-19 11:42:19
GODREJCP,Mar 2015,ROA,10.7,VALID,PAT / Total Assets * 100,profitandloss + balancesheet,GOOD,1.0,2026-07-19 11:42:19
GODREJCP,Mar 2016,NPM,9.86,VALID,Net Profit / Sales * 100,profitandloss,AVERAGE,1.0,2026-07-19 11:42:19
GODREJCP,Mar 2016,OPM,19.67,VALID,Operating Profit / Sales * 100,profitandloss,GOOD,1.0,2026-07-19 11:42:19
GODREJCP,Mar 2016,ROE,19.48,VALID,PAT / (Equity + Reserves) * 100,profitandloss + balancesheet,GOOD,1.0,2026-07-19 11:42:19
GODREJCP,Mar 2016,ROCE,23.15,VALID,EBIT / Capital Employed * 100,profitandloss + balancesheet,EXCELLENT,1.0,2026-07-19 11:42:19
GODREJCP,Mar 2016,ROA,8.59,VALID,PAT / Total Assets * 100,profitandloss + balancesheet,AVERAGE,1.0,2026-07-19 11:42:19
GODREJCP,Mar 2017,NPM,14.11,VALID,Net Profit / Sales * 100,profitandloss,GOOD,1.0,2026-07-19 11:42:19
GODREJCP,Mar 2017,OPM,20.58,VALID,Operating Profit / Sales * 100,profitandloss,GOOD,1.0,2026-07-19 11:42:19
GODREJCP,Mar 2017,ROE,24.67,VALID,PAT / (Equity + Reserves) * 100,profitandloss + balancesheet,EXCELLENT,1.0,2026-07-19 11:42:19
GODREJCP,Mar 2017,ROCE,20.5,VALID,EBIT / Capital Employed * 100,profitandloss + balancesheet,EXCELLENT,1.0,2026-07-19 11:42:19
GODREJCP,Mar 2017,ROA,10.11,VALID,PAT / Total Assets * 100,profitandloss + balancesheet,GOOD,1.0,2026-07-19 11:42:19
GODREJCP,Mar 2018,NPM,16.59,VALID,Net Profit / Sales * 100,profitandloss,EXCELLENT,1.0,2026-07-19 11:42:19
GODREJCP,Mar 2018,OPM,21.16,VALID,Operating Profit / Sales * 100,profitandloss,GOOD,1.0,2026-07-19 11:42:19
GODREJCP,Mar 2018,ROE,26.11,VALID,PAT / (Equity + Reserves) * 100,profitandloss + balancesheet,EXCELLENT,1.0,2026-07-19 11:42:19
GODREJCP,Mar 2018,ROCE,21.34,VALID,EBIT / Capital Employed * 100,profitandloss + balancesheet,EXCELLENT,1.0,2026-07-19 11:42:19
GODREJCP,Mar 2018,ROA,11.79,VALID,PAT / Total Assets * 100,profitandloss + balancesheet,GOOD,1.0,2026-07-19 11:42:19
GODREJCP,Mar 2019,NPM,22.71,VALID,Net Profit / Sales * 100,profitandloss,EXCELLENT,1.0,2026-07-19 11:42:19
GODREJCP,Mar 2019,OPM,20.67,VALID,Operating Profit / Sales * 100,profitandloss,GOOD,1.0,2026-07-19 11:42:19
GODREJCP,Mar 2019,ROE,32.23,VALID,PAT / (Equity + Reserves) * 100,profitandloss + balancesheet,EXCELLENT,1.0,2026-07-19 11:42:19
GODREJCP,Mar 2019,ROCE,20.02,VALID,EBIT / Capital Employed * 100,profitandloss + balancesheet,EXCELLENT,1.0,2026-07-19 11:42:19
GODREJCP,Mar 2019,ROA,16.62,VALID,PAT / Total Assets * 100,profitandloss + balancesheet,EXCELLENT,1.0,2026-07-19 11:42:19
GODREJCP,Mar 2020,NPM,15.1,VALID,Net Profit / Sales * 100,profitandloss,EXCELLENT,1.0,2026-07-19 11:42:19
GODREJCP,Mar 2020,OPM,21.73,VALID,Operating Profit / Sales * 100,profitandloss,GOOD,1.0,2026-07-19 11:42:19
GODREJCP,Mar 2020,ROE,18.95,VALID,PAT / (Equity + Reserves) * 100,profitandloss + balancesheet,GOOD,1.0,2026-07-19 11:42:19
GODREJCP,Mar 2020,ROCE,18.77,VALID,EBIT / Capital Employed * 100,profitandloss + balancesheet,GOOD,1.0,2026-07-19 11:42:19
GODREJCP,Mar 2020,ROA,10.06,VALID,PAT / Total Assets * 100,profitandloss + balancesheet,GOOD,1.0,2026-07-19 11:42:19
GODREJCP,Mar 2021,NPM,15.6,VALID,Net Profit / Sales * 100,profitandloss,EXCELLENT,1.0,2026-07-19 11:42:19
GODREJCP,Mar 2021,OPM,21.75,VALID,Operating Profit / Sales * 100,profitandloss,GOOD,1.0,2026-07-19 11:42:19
GODREJCP,Mar 2021,ROE,18.23,VALID,PAT / (Equity + Reserves) * 100,profitandloss + balancesheet,GOOD,1.0,2026-07-19 11:42:19
GODREJCP,Mar 2021,ROCE,21.22,VALID,EBIT / Capital Employed * 100,profitandloss + balancesheet,EXCELLENT,1.0,2026-07-19 11:42:19
GODREJCP,Mar 2021,ROA,12.08,VALID,PAT / Total Assets * 100,profitandloss + balancesheet,GOOD,1.0,2026-07-19 11:42:19
GODREJCP,Mar 2022,NPM,14.52,VALID,Net Profit / Sales * 100,profitandloss,GOOD,1.0,2026-07-19 11:42:19
GODREJCP,Mar 2022,OPM,19.62,VALID,Operating Profit / Sales * 100,profitandloss,GOOD,1.0,2026-07-19 11:42:19
GODREJCP,Mar 2022,ROE,15.43,VALID,PAT / (Equity + Reserves) * 100,profitandloss + balancesheet,GOOD,1.0,2026-07-19 11:42:19
GODREJCP,Mar 2022,ROCE,18.17,VALID,EBIT / Capital Employed * 100,profitandloss + balancesheet,GOOD,1.0,2026-07-19 11:42:19
GODREJCP,Mar 2022,ROA,11.09,VALID,PAT / Total Assets * 100,profitandloss + balancesheet,GOOD,1.0,2026-07-19 11:42:19
GODREJCP,Mar 2023,NPM,12.78,VALID,Net Profit / Sales * 100,profitandloss,GOOD,1.0,2026-07-19 11:42:19
GODREJCP,Mar 2023,OPM,18.35,VALID,Operating Profit / Sales * 100,profitandloss,GOOD,1.0,2026-07-19 11:42:19
GODREJCP,Mar 2023,ROE,12.34,VALID,PAT / (Equity + Reserves) * 100,profitandloss + balancesheet,AVERAGE,1.0,2026-07-19 11:42:19
GODREJCP,Mar 2023,ROCE,16.37,VALID,EBIT / Capital Employed * 100,profitandloss + balancesheet,GOOD,1.0,2026-07-19 11:42:19
GODREJCP,Mar 2023,ROA,9.76,VALID,PAT / Total Assets * 100,profitandloss + balancesheet,AVERAGE,1.0,2026-07-19 11:42:19
GODREJCP,Mar 2024,NPM,-3.98,VALID,Net Profit / Sales * 100,profitandloss,WEAK,1.0,2026-07-19 11:42:19
GODREJCP,Mar 2024,OPM,20.98,VALID,Operating Profit / Sales * 100,profitandloss,GOOD,1.0,2026-07-19 11:42:19
GODREJCP,Mar 2024,ROE,-4.45,VALID,PAT / (Equity + Reserves) * 100,profitandloss + balancesheet,WEAK,1.0,2026-07-19 11:42:19
GODREJCP,Mar 2024,ROCE,18.69,VALID,EBIT / Capital Employed * 100,profitandloss + balancesheet,GOOD,1.0,2026-07-19 11:42:19
GODREJCP,Mar 2024,ROA,-3.05,VALID,PAT / Total Assets * 100,profitandloss + balancesheet,WEAK,1.0,2026-07-19 11:42:19
GRASIM,Mar 2013,NPM,13.54,VALID,Net Profit / Sales * 100,profitandloss,GOOD,1.0,2026-07-19 11:42:19
GRASIM,Mar 2013,OPM,21.23,VALID,Operating Profit / Sales * 100,profitandloss,GOOD,1.0,2026-07-19 11:42:19
GRASIM,Mar 2013,ROE,19.22,VALID,PAT / (Equity + Reserves) * 100,profitandloss + balancesheet,GOOD,1.0,2026-07-19 11:42:19
GRASIM,Mar 2013,ROCE,20.28,VALID,EBIT / Capital Employed * 100,profitandloss + balancesheet,EXCELLENT,1.0,2026-07-19 11:42:19
GRASIM,Mar 2013,ROA,8.56,VALID,PAT / Total Assets * 100,profitandloss + balancesheet,AVERAGE,1.0,2026-07-19 11:42:19
GRASIM,Mar 2014,NPM,10.43,VALID,Net Profit / Sales * 100,profitandloss,GOOD,1.0,2026-07-19 11:42:19
GRASIM,Mar 2014,OPM,17.35,VALID,Operating Profit / Sales * 100,profitandloss,GOOD,1.0,2026-07-19 11:42:19
GRASIM,Mar 2014,ROE,13.67,VALID,PAT / (Equity + Reserves) * 100,profitandloss + balancesheet,AVERAGE,1.0,2026-07-19 11:42:19
GRASIM,Mar 2014,ROCE,15.7,VALID,EBIT / Capital Employed * 100,profitandloss + balancesheet,GOOD,1.0,2026-07-19 11:42:19
GRASIM,Mar 2014,ROA,6.19,VALID,PAT / Total Assets * 100,profitandloss + balancesheet,AVERAGE,1.0,2026-07-19 11:42:19
GRASIM,Mar 2015,NPM,8.14,VALID,Net Profit / Sales * 100,profitandloss,AVERAGE,1.0,2026-07-19 11:42:19
GRASIM,Mar 2015,OPM,16.21,VALID,Operating Profit / Sales * 100,profitandloss,GOOD,1.0,2026-07-19 11:42:19
GRASIM,Mar 2015,ROE,11.16,VALID,PAT / (Equity + Reserves) * 100,profitandloss + balancesheet,AVERAGE,1.0,2026-07-19 11:42:19
GRASIM,Mar 2015,ROCE,14.67,VALID,EBIT / Capital Employed * 100,profitandloss + balancesheet,AVERAGE,1.0,2026-07-19 11:42:19
GRASIM,Mar 2015,ROA,4.78,VALID,PAT / Total Assets * 100,profitandloss + balancesheet,WEAK,1.0,2026-07-19 11:42:19
GRASIM,Mar 2016,NPM,10.02,VALID,Net Profit / Sales * 100,profitandloss,GOOD,1.0,2026-07-19 11:42:19
GRASIM,Mar 2016,OPM,17.14,VALID,Operating Profit / Sales * 100,profitandloss,GOOD,1.0,2026-07-19 11:42:19
GRASIM,Mar 2016,ROE,12.6,VALID,PAT / (Equity + Reserves) * 100,profitandloss + balancesheet,AVERAGE,1.0,2026-07-19 11:42:19
GRASIM,Mar 2016,ROCE,14.8,VALID,EBIT / Capital Employed * 100,profitandloss + balancesheet,AVERAGE,1.0,2026-07-19 11:42:19
GRASIM,Mar 2016,ROA,5.8,VALID,PAT / Total Assets * 100,profitandloss + balancesheet,AVERAGE,1.0,2026-07-19 11:42:19
GRASIM,Mar 2017,NPM,11.77,VALID,Net Profit / Sales * 100,profitandloss,GOOD,1.0,2026-07-19 11:42:19
GRASIM,Mar 2017,OPM,20.48,VALID,Operating Profit / Sales * 100,profitandloss,GOOD,1.0,2026-07-19 11:42:19
GRASIM,Mar 2017,ROE,13.53,VALID,PAT / (Equity + Reserves) * 100,profitandloss + balancesheet,AVERAGE,1.0,2026-07-19 11:42:19
GRASIM,Mar 2017,ROCE,18.19,VALID,EBIT / Capital Employed * 100,profitandloss + balancesheet,GOOD,1.0,2026-07-19 11:42:19
GRASIM,Mar 2017,ROA,6.77,VALID,PAT / Total Assets * 100,profitandloss + balancesheet,AVERAGE,1.0,2026-07-19 11:42:19
GRASIM,Mar 2018,NPM,6.6,VALID,Net Profit / Sales * 100,profitandloss,AVERAGE,1.0,2026-07-19 11:42:19
GRASIM,Mar 2018,OPM,20.78,VALID,Operating Profit / Sales * 100,profitandloss,GOOD,1.0,2026-07-19 11:42:19
GRASIM,Mar 2018,ROE,6.43,VALID,PAT / (Equity + Reserves) * 100,profitandloss + balancesheet,WEAK,1.0,2026-07-19 11:42:19
GRASIM,Mar 2018,ROCE,9.33,VALID,EBIT / Capital Employed * 100,profitandloss + balancesheet,WEAK,1.0,2026-07-19 11:42:19
GRASIM,Mar 2018,ROA,1.77,VALID,PAT / Total Assets * 100,profitandloss + balancesheet,WEAK,1.0,2026-07-19 11:42:19
GRASIM,Mar 2019,NPM,3.56,VALID,Net Profit / Sales * 100,profitandloss,WEAK,1.0,2026-07-19 11:42:19
GRASIM,Mar 2019,OPM,21.55,VALID,Operating Profit / Sales * 100,profitandloss,GOOD,1.0,2026-07-19 11:42:19
GRASIM,Mar 2019,ROE,4.73,VALID,PAT / (Equity + Reserves) * 100,profitandloss + balancesheet,WEAK,1.0,2026-07-19 11:42:19
GRASIM,Mar 2019,ROCE,11.68,VALID,EBIT / Capital Employed * 100,profitandloss + balancesheet,AVERAGE,1.0,2026-07-19 11:42:19
GRASIM,Mar 2019,ROA,1.14,VALID,PAT / Total Assets * 100,profitandloss + balancesheet,WEAK,1.0,2026-07-19 11:42:19
GRASIM,Mar 2020,NPM,9.73,VALID,Net Profit / Sales * 100,profitandloss,AVERAGE,1.0,2026-07-19 11:42:19
GRASIM,Mar 2020,OPM,15.2,VALID,Operating Profit / Sales * 100,profitandloss,GOOD,1.0,2026-07-19 11:42:19
GRASIM,Mar 2020,ROE,11.72,VALID,PAT / (Equity + Reserves) * 100,profitandloss + balancesheet,AVERAGE,1.0,2026-07-19 11:42:19
GRASIM,Mar 2020,ROCE,7.34,VALID,EBIT / Capital Employed * 100,profitandloss + balancesheet,WEAK,1.0,2026-07-19 11:42:19
GRASIM,Mar 2020,ROA,2.72,VALID,PAT / Total Assets * 100,profitandloss + balancesheet,WEAK,1.0,2026-07-19 11:42:19
GRASIM,Mar 2021,NPM,9.14,VALID,Net Profit / Sales * 100,profitandloss,AVERAGE,1.0,2026-07-19 11:42:19
GRASIM,Mar 2021,OPM,24.39,VALID,Operating Profit / Sales * 100,profitandloss,GOOD,1.0,2026-07-19 11:42:19
GRASIM,Mar 2021,ROE,10.67,VALID,PAT / (Equity + Reserves) * 100,profitandloss + balancesheet,AVERAGE,1.0,2026-07-19 11:42:19
GRASIM,Mar 2021,ROCE,12.89,VALID,EBIT / Capital Employed * 100,profitandloss + balancesheet,AVERAGE,1.0,2026-07-19 11:42:19
GRASIM,Mar 2021,ROA,2.61,VALID,PAT / Total Assets * 100,profitandloss + balancesheet,WEAK,1.0,2026-07-19 11:42:19
GRASIM,Mar 2022,NPM,11.71,VALID,Net Profit / Sales * 100,profitandloss,GOOD,1.0,2026-07-19 11:42:19
GRASIM,Mar 2022,OPM,21.35,VALID,Operating Profit / Sales * 100,profitandloss,GOOD,1.0,2026-07-19 11:42:19
GRASIM,Mar 2022,ROE,14.8,VALID,PAT / (Equity + Reserves) * 100,profitandloss + balancesheet,AVERAGE,1.0,2026-07-19 11:42:19
GRASIM,Mar 2022,ROCE,13.58,VALID,EBIT / Capital Employed * 100,profitandloss + balancesheet,AVERAGE,1.0,2026-07-19 11:42:19
GRASIM,Mar 2022,ROA,3.88,VALID,PAT / Total Assets * 100,profitandloss + balancesheet,WEAK,1.0,2026-07-19 11:42:19
GRASIM,Mar 2023,NPM,9.42,VALID,Net Profit / Sales * 100,profitandloss,AVERAGE,1.0,2026-07-19 11:42:19
GRASIM,Mar 2023,OPM,18.35,VALID,Operating Profit / Sales * 100,profitandloss,GOOD,1.0,2026-07-19 11:42:19
GRASIM,Mar 2023,ROE,14.07,VALID,PAT / (Equity + Reserves) * 100,profitandloss + balancesheet,AVERAGE,1.0,2026-07-19 11:42:19
GRASIM,Mar 2023,ROCE,11.88,VALID,EBIT / Capital Employed * 100,profitandloss + balancesheet,AVERAGE,1.0,2026-07-19 11:42:19
GRASIM,Mar 2023,ROA,3.29,VALID,PAT / Total Assets * 100,profitandloss + balancesheet,WEAK,1.0,2026-07-19 11:42:19
GRASIM,Mar 2024,NPM,7.58,VALID,Net Profit / Sales * 100,profitandloss,AVERAGE,1.0,2026-07-19 11:42:19
GRASIM,Mar 2024,OPM,20.76,VALID,Operating Profit / Sales * 100,profitandloss,GOOD,1.0,2026-07-19 11:42:19
GRASIM,Mar 2024,ROE,11.2,VALID,PAT / (Equity + Reserves) * 100,profitandloss + balancesheet,AVERAGE,1.0,2026-07-19 11:42:19
GRASIM,Mar 2024,ROCE,12.04,VALID,EBIT / Capital Employed * 100,profitandloss + balancesheet,AVERAGE,1.0,2026-07-19 11:42:19
GRASIM,Mar 2024,ROA,2.41,VALID,PAT / Total Assets * 100,profitandloss + balancesheet,WEAK,1.0,2026-07-19 11:42:19
HAL,Mar 2016,NPM,11.92,VALID,Net Profit / Sales * 100,profitandloss,GOOD,1.0,2026-07-19 11:42:19
HAL,Mar 2016,OPM,14.79,VALID,Operating Profit / Sales * 100,profitandloss,AVERAGE,1.0,2026-07-19 11:42:19
HAL,Mar 2016,ROE,1665.0,VALID,PAT / (Equity + Reserves) * 100,profitandloss + balancesheet,EXCELLENT,1.0,2026-07-19 11:42:19
HAL,Mar 2016,ROCE,1795.65,VALID,EBIT / Capital Employed * 100,profitandloss + balancesheet,EXCELLENT,1.0,2026-07-19 11:42:19
HAL,Mar 2016,ROA,1135.23,VALID,PAT / Total Assets * 100,profitandloss + balancesheet,EXCELLENT,1.0,2026-07-19 11:42:19
HAL,Mar 2017,NPM,14.57,VALID,Net Profit / Sales * 100,profitandloss,GOOD,1.0,2026-07-19 11:42:19
HAL,Mar 2017,OPM,18.03,VALID,Operating Profit / Sales * 100,profitandloss,GOOD,1.0,2026-07-19 11:42:19
HAL,Mar 2017,ROE,1966.92,VALID,PAT / (Equity + Reserves) * 100,profitandloss + balancesheet,EXCELLENT,1.0,2026-07-19 11:42:19
HAL,Mar 2017,ROCE,2397.04,VALID,EBIT / Capital Employed * 100,profitandloss + balancesheet,EXCELLENT,1.0,2026-07-19 11:42:19
HAL,Mar 2017,ROA,1538.82,VALID,PAT / Total Assets * 100,profitandloss + balancesheet,EXCELLENT,1.0,2026-07-19 11:42:19
HAL,Mar 2018,NPM,10.73,VALID,Net Profit / Sales * 100,profitandloss,GOOD,1.0,2026-07-19 11:42:19
HAL,Mar 2018,OPM,18.68,VALID,Operating Profit / Sales * 100,profitandloss,GOOD,1.0,2026-07-19 11:42:19
HAL,Mar 2018,ROE,1528.46,VALID,PAT / (Equity + Reserves) * 100,profitandloss + balancesheet,EXCELLENT,1.0,2026-07-19 11:42:19
HAL,Mar 2018,ROCE,2601.5,VALID,EBIT / Capital Employed * 100,profitandloss + balancesheet,EXCELLENT,1.0,2026-07-19 11:42:19
HAL,Mar 2018,ROA,1196.99,VALID,PAT / Total Assets * 100,profitandloss + balancesheet,EXCELLENT,1.0,2026-07-19 11:42:19
HAL,Mar 2019,NPM,11.73,VALID,Net Profit / Sales * 100,profitandloss,GOOD,1.0,2026-07-19 11:42:19
HAL,Mar 2019,OPM,22.84,VALID,Operating Profit / Sales * 100,profitandloss,GOOD,1.0,2026-07-19 11:42:19
HAL,Mar 2019,ROE,1763.91,VALID,PAT / (Equity + Reserves) * 100,profitandloss + balancesheet,EXCELLENT,1.0,2026-07-19 11:42:19
HAL,Mar 2019,ROCE,3240.43,VALID,EBIT / Capital Employed * 100,profitandloss + balancesheet,EXCELLENT,1.0,2026-07-19 11:42:19
HAL,Mar 2019,ROA,1340.57,VALID,PAT / Total Assets * 100,profitandloss + balancesheet,EXCELLENT,1.0,2026-07-19 11:42:19
HAL,Mar 2020,NPM,13.25,VALID,Net Profit / Sales * 100,profitandloss,GOOD,1.0,2026-07-19 11:42:19
HAL,Mar 2020,OPM,22.76,VALID,Operating Profit / Sales * 100,profitandloss,GOOD,1.0,2026-07-19 11:42:19
HAL,Mar 2020,ROE,2059.42,VALID,PAT / (Equity + Reserves) * 100,profitandloss + balancesheet,EXCELLENT,1.0,2026-07-19 11:42:19
HAL,Mar 2020,ROCE,3485.71,VALID,EBIT / Capital Employed * 100,profitandloss + balancesheet,EXCELLENT,1.0,2026-07-19 11:42:19
HAL,Mar 2020,ROA,1642.77,VALID,PAT / Total Assets * 100,profitandloss + balancesheet,EXCELLENT,1.0,2026-07-19 11:42:19
HAL,Mar 2021,NPM,14.16,VALID,Net Profit / Sales * 100,profitandloss,GOOD,1.0,2026-07-19 11:42:19
HAL,Mar 2021,OPM,23.34,VALID,Operating Profit / Sales * 100,profitandloss,GOOD,1.0,2026-07-19 11:42:19
HAL,Mar 2021,ROE,2249.31,VALID,PAT / (Equity + Reserves) * 100,profitandloss + balancesheet,EXCELLENT,1.0,2026-07-19 11:42:19
HAL,Mar 2021,ROCE,3560.67,VALID,EBIT / Capital Employed * 100,profitandloss + balancesheet,EXCELLENT,1.0,2026-07-19 11:42:19
HAL,Mar 2021,ROA,1741.4,VALID,PAT / Total Assets * 100,profitandloss + balancesheet,EXCELLENT,1.0,2026-07-19 11:42:19
HAL,Mar 2022,NPM,20.66,VALID,Net Profit / Sales * 100,profitandloss,EXCELLENT,1.0,2026-07-19 11:42:19
HAL,Mar 2022,OPM,22.01,VALID,Operating Profit / Sales * 100,profitandloss,GOOD,1.0,2026-07-19 11:42:19
HAL,Mar 2022,ROE,3324.18,VALID,PAT / (Equity + Reserves) * 100,profitandloss + balancesheet,EXCELLENT,1.0,2026-07-19 11:42:19
HAL,Mar 2022,ROCE,3284.85,VALID,EBIT / Capital Employed * 100,profitandloss + balancesheet,EXCELLENT,1.0,2026-07-19 11:42:19
HAL,Mar 2022,ROA,2517.82,VALID,PAT / Total Assets * 100,profitandloss + balancesheet,EXCELLENT,1.0,2026-07-19 11:42:19
HAL,Mar 2023,NPM,21.58,VALID,Net Profit / Sales * 100,profitandloss,EXCELLENT,1.0,2026-07-19 11:42:19
HAL,Mar 2023,OPM,24.77,VALID,Operating Profit / Sales * 100,profitandloss,GOOD,1.0,2026-07-19 11:42:19
HAL,Mar 2023,ROE,3283.05,VALID,PAT / (Equity + Reserves) * 100,profitandloss + balancesheet,EXCELLENT,1.0,2026-07-19 11:42:19
HAL,Mar 2023,ROCE,2977.23,VALID,EBIT / Capital Employed * 100,profitandloss + balancesheet,EXCELLENT,1.0,2026-07-19 11:42:19
HAL,Mar 2023,ROA,2144.28,VALID,PAT / Total Assets * 100,profitandloss + balancesheet,EXCELLENT,1.0,2026-07-19 11:42:19
HAL,Mar 2024,NPM,25.0,VALID,Net Profit / Sales * 100,profitandloss,EXCELLENT,1.0,2026-07-19 11:42:19
HAL,Mar 2024,OPM,32.09,VALID,Operating Profit / Sales * 100,profitandloss,EXCELLENT,1.0,2026-07-19 11:42:19
HAL,Mar 2024,ROE,3816.58,VALID,PAT / (Equity + Reserves) * 100,profitandloss + balancesheet,EXCELLENT,1.0,2026-07-19 11:42:19
HAL,Mar 2024,ROCE,3027.64,VALID,EBIT / Capital Employed * 100,profitandloss + balancesheet,EXCELLENT,1.0,2026-07-19 11:42:19
HAL,Mar 2024,ROA,1687.78,VALID,PAT / Total Assets * 100,profitandloss + balancesheet,EXCELLENT,1.0,2026-07-19 11:42:19
HAVELLS,Mar 2013,NPM,8.14,VALID,Net Profit / Sales * 100,profitandloss,AVERAGE,1.0,2026-07-19 11:42:19
HAVELLS,Mar 2013,OPM,9.45,VALID,Operating Profit / Sales * 100,profitandloss,WEAK,1.0,2026-07-19 11:42:19
HAVELLS,Mar 2013,ROE,40.29,VALID,PAT / (Equity + Reserves) * 100,profitandloss + balancesheet,EXCELLENT,1.0,2026-07-19 11:42:19
HAVELLS,Mar 2013,ROCE,27.81,VALID,EBIT / Capital Employed * 100,profitandloss + balancesheet,EXCELLENT,1.0,2026-07-19 11:42:19
HAVELLS,Mar 2013,ROA,13.03,VALID,PAT / Total Assets * 100,profitandloss + balancesheet,GOOD,1.0,2026-07-19 11:42:19
HAVELLS,Mar 2014,NPM,5.54,VALID,Net Profit / Sales * 100,profitandloss,AVERAGE,1.0,2026-07-19 11:42:19
HAVELLS,Mar 2014,OPM,9.65,VALID,Operating Profit / Sales * 100,profitandloss,WEAK,1.0,2026-07-19 11:42:19
HAVELLS,Mar 2014,ROE,26.77,VALID,PAT / (Equity + Reserves) * 100,profitandloss + balancesheet,EXCELLENT,1.0,2026-07-19 11:42:19
HAVELLS,Mar 2014,ROCE,28.57,VALID,EBIT / Capital Employed * 100,profitandloss + balancesheet,EXCELLENT,1.0,2026-07-19 11:42:19
HAVELLS,Mar 2014,ROA,8.36,VALID,PAT / Total Assets * 100,profitandloss + balancesheet,AVERAGE,1.0,2026-07-19 11:42:19
HAVELLS,Mar 2015,NPM,4.55,VALID,Net Profit / Sales * 100,profitandloss,WEAK,1.0,2026-07-19 11:42:19
HAVELLS,Mar 2015,OPM,8.92,VALID,Operating Profit / Sales * 100,profitandloss,WEAK,1.0,2026-07-19 11:42:19
HAVELLS,Mar 2015,ROE,21.18,VALID,PAT / (Equity + Reserves) * 100,profitandloss + balancesheet,EXCELLENT,1.0,2026-07-19 11:42:19
HAVELLS,Mar 2015,ROCE,33.68,VALID,EBIT / Capital Employed * 100,profitandloss + balancesheet,EXCELLENT,1.0,2026-07-19 11:42:19
HAVELLS,Mar 2015,ROA,8.04,VALID,PAT / Total Assets * 100,profitandloss + balancesheet,AVERAGE,1.0,2026-07-19 11:42:19
HAVELLS,Mar 2016,NPM,17.12,VALID,Net Profit / Sales * 100,profitandloss,EXCELLENT,1.0,2026-07-19 11:42:19
HAVELLS,Mar 2016,OPM,10.48,VALID,Operating Profit / Sales * 100,profitandloss,AVERAGE,1.0,2026-07-19 11:42:19
HAVELLS,Mar 2016,ROE,42.95,VALID,PAT / (Equity + Reserves) * 100,profitandloss + balancesheet,EXCELLENT,1.0,2026-07-19 11:42:19
HAVELLS,Mar 2016,ROCE,25.18,VALID,EBIT / Capital Employed * 100,profitandloss + balancesheet,EXCELLENT,1.0,2026-07-19 11:42:19
HAVELLS,Mar 2016,ROA,29.63,VALID,PAT / Total Assets * 100,profitandloss + balancesheet,EXCELLENT,1.0,2026-07-19 11:42:19
HAVELLS,Mar 2017,NPM,8.06,VALID,Net Profit / Sales * 100,profitandloss,AVERAGE,1.0,2026-07-19 11:42:19
HAVELLS,Mar 2017,OPM,13.3,VALID,Operating Profit / Sales * 100,profitandloss,AVERAGE,1.0,2026-07-19 11:42:19
HAVELLS,Mar 2017,ROE,15.08,VALID,PAT / (Equity + Reserves) * 100,profitandloss + balancesheet,GOOD,1.0,2026-07-19 11:42:19
HAVELLS,Mar 2017,ROCE,23.39,VALID,EBIT / Capital Employed * 100,profitandloss + balancesheet,EXCELLENT,1.0,2026-07-19 11:42:19
HAVELLS,Mar 2017,ROA,9.56,VALID,PAT / Total Assets * 100,profitandloss + balancesheet,AVERAGE,1.0,2026-07-19 11:42:19
HAVELLS,Mar 2018,NPM,8.14,VALID,Net Profit / Sales * 100,profitandloss,AVERAGE,1.0,2026-07-19 11:42:19
HAVELLS,Mar 2018,OPM,12.73,VALID,Operating Profit / Sales * 100,profitandloss,AVERAGE,1.0,2026-07-19 11:42:19
HAVELLS,Mar 2018,ROE,17.72,VALID,PAT / (Equity + Reserves) * 100,profitandloss + balancesheet,GOOD,1.0,2026-07-19 11:42:19
HAVELLS,Mar 2018,ROCE,26.87,VALID,EBIT / Capital Employed * 100,profitandloss + balancesheet,EXCELLENT,1.0,2026-07-19 11:42:19
HAVELLS,Mar 2018,ROA,10.0,VALID,PAT / Total Assets * 100,profitandloss + balancesheet,GOOD,1.0,2026-07-19 11:42:19
HAVELLS,Mar 2019,NPM,7.82,VALID,Net Profit / Sales * 100,profitandloss,AVERAGE,1.0,2026-07-19 11:42:19
HAVELLS,Mar 2019,OPM,11.8,VALID,Operating Profit / Sales * 100,profitandloss,AVERAGE,1.0,2026-07-19 11:42:19
HAVELLS,Mar 2019,ROE,18.77,VALID,PAT / (Equity + Reserves) * 100,profitandloss + balancesheet,GOOD,1.0,2026-07-19 11:42:19
HAVELLS,Mar 2019,ROCE,27.7,VALID,EBIT / Capital Employed * 100,profitandloss + balancesheet,EXCELLENT,1.0,2026-07-19 11:42:19
HAVELLS,Mar 2019,ROA,11.02,VALID,PAT / Total Assets * 100,profitandloss + balancesheet,GOOD,1.0,2026-07-19 11:42:19
HAVELLS,Mar 2020,NPM,7.79,VALID,Net Profit / Sales * 100,profitandloss,AVERAGE,1.0,2026-07-19 11:42:19
HAVELLS,Mar 2020,OPM,11.3,VALID,Operating Profit / Sales * 100,profitandloss,AVERAGE,1.0,2026-07-19 11:42:19
HAVELLS,Mar 2020,ROE,17.05,VALID,PAT / (Equity + Reserves) * 100,profitandloss + balancesheet,GOOD,1.0,2026-07-19 11:42:19
HAVELLS,Mar 2020,ROCE,24.34,VALID,EBIT / Capital Employed * 100,profitandloss + balancesheet,EXCELLENT,1.0,2026-07-19 11:42:19
HAVELLS,Mar 2020,ROA,10.39,VALID,PAT / Total Assets * 100,profitandloss + balancesheet,GOOD,1.0,2026-07-19 11:42:19
HAVELLS,Mar 2021,NPM,9.98,VALID,Net Profit / Sales * 100,profitandloss,AVERAGE,1.0,2026-07-19 11:42:19
HAVELLS,Mar 2021,OPM,15.2,VALID,Operating Profit / Sales * 100,profitandloss,GOOD,1.0,2026-07-19 11:42:19
HAVELLS,Mar 2021,ROE,20.17,VALID,PAT / (Equity + Reserves) * 100,profitandloss + balancesheet,EXCELLENT,1.0,2026-07-19 11:42:19
HAVELLS,Mar 2021,ROCE,27.89,VALID,EBIT / Capital Employed * 100,profitandloss + balancesheet,EXCELLENT,1.0,2026-07-19 11:42:19
HAVELLS,Mar 2021,ROA,11.79,VALID,PAT / Total Assets * 100,profitandloss + balancesheet,GOOD,1.0,2026-07-19 11:42:19
HAVELLS,Mar 2022,NPM,8.58,VALID,Net Profit / Sales * 100,profitandloss,AVERAGE,1.0,2026-07-19 11:42:19
HAVELLS,Mar 2022,OPM,12.73,VALID,Operating Profit / Sales * 100,profitandloss,AVERAGE,1.0,2026-07-19 11:42:19
HAVELLS,Mar 2022,ROE,19.92,VALID,PAT / (Equity + Reserves) * 100,profitandloss + balancesheet,GOOD,1.0,2026-07-19 11:42:19
HAVELLS,Mar 2022,ROCE,26.82,VALID,EBIT / Capital Employed * 100,profitandloss + balancesheet,EXCELLENT,1.0,2026-07-19 11:42:19
HAVELLS,Mar 2022,ROA,11.37,VALID,PAT / Total Assets * 100,profitandloss + balancesheet,GOOD,1.0,2026-07-19 11:42:19
HAVELLS,Mar 2023,NPM,6.34,VALID,Net Profit / Sales * 100,profitandloss,AVERAGE,1.0,2026-07-19 11:42:19
HAVELLS,Mar 2023,OPM,9.59,VALID,Operating Profit / Sales * 100,profitandloss,WEAK,1.0,2026-07-19 11:42:19
HAVELLS,Mar 2023,ROE,16.18,VALID,PAT / (Equity + Reserves) * 100,profitandloss + balancesheet,GOOD,1.0,2026-07-19 11:42:19
HAVELLS,Mar 2023,ROCE,23.67,VALID,EBIT / Capital Employed * 100,profitandloss + balancesheet,EXCELLENT,1.0,2026-07-19 11:42:19
HAVELLS,Mar 2023,ROA,9.61,VALID,PAT / Total Assets * 100,profitandloss + balancesheet,AVERAGE,1.0,2026-07-19 11:42:19
HAVELLS,Mar 2024,NPM,6.84,VALID,Net Profit / Sales * 100,profitandloss,AVERAGE,1.0,2026-07-19 11:42:19
HAVELLS,Mar 2024,OPM,10.12,VALID,Operating Profit / Sales * 100,profitandloss,AVERAGE,1.0,2026-07-19 11:42:19
HAVELLS,Mar 2024,ROE,17.07,VALID,PAT / (Equity + Reserves) * 100,profitandloss + balancesheet,GOOD,1.0,2026-07-19 11:42:19
HAVELLS,Mar 2024,ROCE,24.27,VALID,EBIT / Capital Employed * 100,profitandloss + balancesheet,EXCELLENT,1.0,2026-07-19 11:42:19
HAVELLS,Mar 2024,ROA,10.22,VALID,PAT / Total Assets * 100,profitandloss + balancesheet,GOOD,1.0,2026-07-19 11:42:19
HCLTECH,Jun 2013,NPM,15.79,VALID,Net Profit / Sales * 100,profitandloss,EXCELLENT,1.0,2026-07-19 11:42:19
HCLTECH,Jun 2013,OPM,22.2,VALID,Operating Profit / Sales * 100,profitandloss,GOOD,1.0,2026-07-19 11:42:19
HCLTECH,Jun 2013,ROE,30.69,VALID,PAT / (Equity + Reserves) * 100,profitandloss + balancesheet,EXCELLENT,1.0,2026-07-19 11:42:19
HCLTECH,Jun 2013,ROCE,39.98,VALID,EBIT / Capital Employed * 100,profitandloss + balancesheet,EXCELLENT,1.0,2026-07-19 11:42:19
HCLTECH,Jun 2013,ROA,18.04,VALID,PAT / Total Assets * 100,profitandloss + balancesheet,EXCELLENT,1.0,2026-07-19 11:42:19
HCLTECH,Jun 2014,NPM,20.31,VALID,Net Profit / Sales * 100,profitandloss,EXCELLENT,1.0,2026-07-19 11:42:19
HCLTECH,Jun 2014,OPM,25.0,VALID,Operating Profit / Sales * 100,profitandloss,EXCELLENT,1.0,2026-07-19 11:42:19
HCLTECH,Jun 2014,ROE,33.39,VALID,PAT / (Equity + Reserves) * 100,profitandloss + balancesheet,EXCELLENT,1.0,2026-07-19 11:42:19
HCLTECH,Jun 2014,ROCE,39.07,VALID,EBIT / Capital Employed * 100,profitandloss + balancesheet,EXCELLENT,1.0,2026-07-19 11:42:19
HCLTECH,Jun 2014,ROA,21.77,VALID,PAT / Total Assets * 100,profitandloss + balancesheet,EXCELLENT,1.0,2026-07-19 11:42:19
HCLTECH,Jun 2015,NPM,20.0,VALID,Net Profit / Sales * 100,profitandloss,EXCELLENT,1.0,2026-07-19 11:42:19
HCLTECH,Jun 2015,OPM,23.12,VALID,Operating Profit / Sales * 100,profitandloss,GOOD,1.0,2026-07-19 11:42:19
HCLTECH,Jun 2015,ROE,30.31,VALID,PAT / (Equity + Reserves) * 100,profitandloss + balancesheet,EXCELLENT,1.0,2026-07-19 11:42:19
HCLTECH,Jun 2015,ROCE,34.12,VALID,EBIT / Capital Employed * 100,profitandloss + balancesheet,EXCELLENT,1.0,2026-07-19 11:42:19
HCLTECH,Jun 2015,ROA,20.83,VALID,PAT / Total Assets * 100,profitandloss + balancesheet,EXCELLENT,1.0,2026-07-19 11:42:19
HCLTECH,Mar 2017,NPM,18.09,VALID,Net Profit / Sales * 100,profitandloss,EXCELLENT,1.0,2026-07-19 11:42:19
HCLTECH,Mar 2017,OPM,21.84,VALID,Operating Profit / Sales * 100,profitandloss,GOOD,1.0,2026-07-19 11:42:19
HCLTECH,Mar 2017,ROE,26.12,VALID,PAT / (Equity + Reserves) * 100,profitandloss + balancesheet,EXCELLENT,1.0,2026-07-19 11:42:19
HCLTECH,Mar 2017,ROCE,30.99,VALID,EBIT / Capital Employed * 100,profitandloss + balancesheet,EXCELLENT,1.0,2026-07-19 11:42:19
HCLTECH,Mar 2017,ROA,18.81,VALID,PAT / Total Assets * 100,profitandloss + balancesheet,EXCELLENT,1.0,2026-07-19 11:42:19
HCLTECH,Mar 2018,NPM,17.25,VALID,Net Profit / Sales * 100,profitandloss,EXCELLENT,1.0,2026-07-19 11:42:19
HCLTECH,Mar 2018,OPM,22.24,VALID,Operating Profit / Sales * 100,profitandloss,GOOD,1.0,2026-07-19 11:42:19
HCLTECH,Mar 2018,ROE,23.97,VALID,PAT / (Equity + Reserves) * 100,profitandloss + balancesheet,EXCELLENT,1.0,2026-07-19 11:42:19
HCLTECH,Mar 2018,ROCE,30.44,VALID,EBIT / Capital Employed * 100,profitandloss + balancesheet,EXCELLENT,1.0,2026-07-19 11:42:19
HCLTECH,Mar 2018,ROA,18.17,VALID,PAT / Total Assets * 100,profitandloss + balancesheet,EXCELLENT,1.0,2026-07-19 11:42:19
HCLTECH,Mar 2019,NPM,16.75,VALID,Net Profit / Sales * 100,profitandloss,EXCELLENT,1.0,2026-07-19 11:42:19
HCLTECH,Mar 2019,OPM,23.05,VALID,Operating Profit / Sales * 100,profitandloss,GOOD,1.0,2026-07-19 11:42:19
HCLTECH,Mar 2019,ROE,24.46,VALID,PAT / (Equity + Reserves) * 100,profitandloss + balancesheet,EXCELLENT,1.0,2026-07-19 11:42:19
HCLTECH,Mar 2019,ROCE,30.57,VALID,EBIT / Capital Employed * 100,profitandloss + balancesheet,EXCELLENT,1.0,2026-07-19 11:42:19
HCLTECH,Mar 2019,ROA,17.34,VALID,PAT / Total Assets * 100,profitandloss + balancesheet,EXCELLENT,1.0,2026-07-19 11:42:19
HCLTECH,Mar 2020,NPM,15.64,VALID,Net Profit / Sales * 100,profitandloss,EXCELLENT,1.0,2026-07-19 11:42:19
HCLTECH,Mar 2020,OPM,24.5,VALID,Operating Profit / Sales * 100,profitandloss,GOOD,1.0,2026-07-19 11:42:19
HCLTECH,Mar 2020,ROE,21.57,VALID,PAT / (Equity + Reserves) * 100,profitandloss + balancesheet,EXCELLENT,1.0,2026-07-19 11:42:19
HCLTECH,Mar 2020,ROCE,29.22,VALID,EBIT / Capital Employed * 100,profitandloss + balancesheet,EXCELLENT,1.0,2026-07-19 11:42:19
HCLTECH,Mar 2020,ROA,13.35,VALID,PAT / Total Assets * 100,profitandloss + balancesheet,GOOD,1.0,2026-07-19 11:42:19
HCLTECH,Mar 2021,NPM,14.82,VALID,Net Profit / Sales * 100,profitandloss,GOOD,1.0,2026-07-19 11:42:19
HCLTECH,Mar 2021,OPM,26.6,VALID,Operating Profit / Sales * 100,profitandloss,EXCELLENT,1.0,2026-07-19 11:42:19
HCLTECH,Mar 2021,ROE,18.64,VALID,PAT / (Equity + Reserves) * 100,profitandloss + balancesheet,GOOD,1.0,2026-07-19 11:42:19
HCLTECH,Mar 2021,ROCE,30.02,VALID,EBIT / Capital Employed * 100,profitandloss + balancesheet,EXCELLENT,1.0,2026-07-19 11:42:19
HCLTECH,Mar 2021,ROA,12.98,VALID,PAT / Total Assets * 100,profitandloss + balancesheet,GOOD,1.0,2026-07-19 11:42:19
HCLTECH,Mar 2022,NPM,15.79,VALID,Net Profit / Sales * 100,profitandloss,EXCELLENT,1.0,2026-07-19 11:42:19
HCLTECH,Mar 2022,OPM,23.97,VALID,Operating Profit / Sales * 100,profitandloss,GOOD,1.0,2026-07-19 11:42:19
HCLTECH,Mar 2022,ROE,21.84,VALID,PAT / (Equity + Reserves) * 100,profitandloss + balancesheet,EXCELLENT,1.0,2026-07-19 11:42:19
HCLTECH,Mar 2022,ROCE,30.08,VALID,EBIT / Capital Employed * 100,profitandloss + balancesheet,EXCELLENT,1.0,2026-07-19 11:42:19
HCLTECH,Mar 2022,ROA,15.21,VALID,PAT / Total Assets * 100,profitandloss + balancesheet,EXCELLENT,1.0,2026-07-19 11:42:19
HCLTECH,Mar 2023,NPM,14.63,VALID,Net Profit / Sales * 100,profitandloss,GOOD,1.0,2026-07-19 11:42:19
HCLTECH,Mar 2023,OPM,22.3,VALID,Operating Profit / Sales * 100,profitandloss,GOOD,1.0,2026-07-19 11:42:19
HCLTECH,Mar 2023,ROE,22.7,VALID,PAT / (Equity + Reserves) * 100,profitandloss + balancesheet,EXCELLENT,1.0,2026-07-19 11:42:19
HCLTECH,Mar 2023,ROCE,32.23,VALID,EBIT / Capital Employed * 100,profitandloss + balancesheet,EXCELLENT,1.0,2026-07-19 11:42:19
HCLTECH,Mar 2023,ROA,15.92,VALID,PAT / Total Assets * 100,profitandloss + balancesheet,EXCELLENT,1.0,2026-07-19 11:42:19
HCLTECH,Mar 2024,NPM,14.29,VALID,Net Profit / Sales * 100,profitandloss,GOOD,1.0,2026-07-19 11:42:19
HCLTECH,Mar 2024,OPM,22.02,VALID,Operating Profit / Sales * 100,profitandloss,GOOD,1.0,2026-07-19 11:42:19
HCLTECH,Mar 2024,ROE,23.01,VALID,PAT / (Equity + Reserves) * 100,profitandloss + balancesheet,EXCELLENT,1.0,2026-07-19 11:42:19
HCLTECH,Mar 2024,ROCE,32.69,VALID,EBIT / Capital Employed * 100,profitandloss + balancesheet,EXCELLENT,1.0,2026-07-19 11:42:19
HCLTECH,Mar 2024,ROA,15.87,VALID,PAT / Total Assets * 100,profitandloss + balancesheet,EXCELLENT,1.0,2026-07-19 11:42:19
HDFCBANK,Mar 2013,NPM,19.25,VALID,Net Profit / Sales * 100,profitandloss,EXCELLENT,1.0,2026-07-19 11:42:19
HDFCBANK,Mar 2013,OPM,35.22,OPM_MISMATCH,Operating Profit / Sales * 100,profitandloss,EXCELLENT,1.0,2026-07-19 11:42:19
HDFCBANK,Mar 2013,ROE,18.84,VALID,PAT / (Equity + Reserves) * 100,profitandloss + balancesheet,GOOD,1.0,2026-07-19 11:42:19
HDFCBANK,Mar 2013,ROCE,3.39,VALID,EBIT / Capital Employed * 100,profitandloss + balancesheet,WEAK,1.0,2026-07-19 11:42:19
HDFCBANK,Mar 2013,ROA,1.69,VALID,PAT / Total Assets * 100,profitandloss + balancesheet,WEAK,1.0,2026-07-19 11:42:19
HDFCBANK,Mar 2014,NPM,20.6,VALID,Net Profit / Sales * 100,profitandloss,EXCELLENT,1.0,2026-07-19 11:42:19
HDFCBANK,Mar 2014,OPM,31.74,OPM_MISMATCH,Operating Profit / Sales * 100,profitandloss,EXCELLENT,1.0,2026-07-19 11:42:19
HDFCBANK,Mar 2014,ROE,19.85,VALID,PAT / (Equity + Reserves) * 100,profitandloss + balancesheet,GOOD,1.0,2026-07-19 11:42:19
HDFCBANK,Mar 2014,ROCE,2.93,VALID,EBIT / Capital Employed * 100,profitandloss + balancesheet,WEAK,1.0,2026-07-19 11:42:19
HDFCBANK,Mar 2014,ROA,1.74,VALID,PAT / Total Assets * 100,profitandloss + balancesheet,WEAK,1.0,2026-07-19 11:42:19
HDFCBANK,Mar 2015,NPM,21.12,VALID,Net Profit / Sales * 100,profitandloss,EXCELLENT,1.0,2026-07-19 11:42:19
HDFCBANK,Mar 2015,OPM,31.9,OPM_MISMATCH,Operating Profit / Sales * 100,profitandloss,EXCELLENT,1.0,2026-07-19 11:42:19
HDFCBANK,Mar 2015,ROE,16.95,VALID,PAT / (Equity + Reserves) * 100,profitandloss + balancesheet,GOOD,1.0,2026-07-19 11:42:19
HDFCBANK,Mar 2015,ROCE,2.82,VALID,EBIT / Capital Employed * 100,profitandloss + balancesheet,WEAK,1.0,2026-07-19 11:42:19
HDFCBANK,Mar 2015,ROA,1.76,VALID,PAT / Total Assets * 100,profitandloss + balancesheet,WEAK,1.0,2026-07-19 11:42:19
HDFCBANK,Mar 2016,NPM,20.3,VALID,Net Profit / Sales * 100,profitandloss,EXCELLENT,1.0,2026-07-19 11:42:19
HDFCBANK,Mar 2016,OPM,31.75,OPM_MISMATCH,Operating Profit / Sales * 100,profitandloss,EXCELLENT,1.0,2026-07-19 11:42:19
HDFCBANK,Mar 2016,ROE,17.25,VALID,PAT / (Equity + Reserves) * 100,profitandloss + balancesheet,GOOD,1.0,2026-07-19 11:42:19
HDFCBANK,Mar 2016,ROCE,2.77,VALID,EBIT / Capital Employed * 100,profitandloss + balancesheet,WEAK,1.0,2026-07-19 11:42:19
HDFCBANK,Mar 2016,ROA,1.68,VALID,PAT / Total Assets * 100,profitandloss + balancesheet,WEAK,1.0,2026-07-19 11:42:19
HDFCBANK,Mar 2017,NPM,20.9,VALID,Net Profit / Sales * 100,profitandloss,EXCELLENT,1.0,2026-07-19 11:42:19
HDFCBANK,Mar 2017,OPM,32.56,OPM_MISMATCH,Operating Profit / Sales * 100,profitandloss,EXCELLENT,1.0,2026-07-19 11:42:19
HDFCBANK,Mar 2017,ROE,16.69,VALID,PAT / (Equity + Reserves) * 100,profitandloss + balancesheet,GOOD,1.0,2026-07-19 11:42:19
HDFCBANK,Mar 2017,ROCE,2.86,VALID,EBIT / Capital Employed * 100,profitandloss + balancesheet,WEAK,1.0,2026-07-19 11:42:19
HDFCBANK,Mar 2017,ROA,1.72,VALID,PAT / Total Assets * 100,profitandloss + balancesheet,WEAK,1.0,2026-07-19 11:42:19
HDFCBANK,Mar 2018,NPM,21.76,VALID,Net Profit / Sales * 100,profitandloss,EXCELLENT,1.0,2026-07-19 11:42:19
HDFCBANK,Mar 2018,OPM,34.63,OPM_MISMATCH,Operating Profit / Sales * 100,profitandloss,EXCELLENT,1.0,2026-07-19 11:42:19
HDFCBANK,Mar 2018,ROE,16.94,VALID,PAT / (Equity + Reserves) * 100,profitandloss + balancesheet,GOOD,1.0,2026-07-19 11:42:19
HDFCBANK,Mar 2018,ROCE,2.8,VALID,EBIT / Capital Employed * 100,profitandloss + balancesheet,WEAK,1.0,2026-07-19 11:42:19
HDFCBANK,Mar 2018,ROA,1.68,VALID,PAT / Total Assets * 100,profitandloss + balancesheet,WEAK,1.0,2026-07-19 11:42:19
HDFCBANK,Mar 2019,NPM,21.34,VALID,Net Profit / Sales * 100,profitandloss,EXCELLENT,1.0,2026-07-19 11:42:19
HDFCBANK,Mar 2019,OPM,33.15,OPM_MISMATCH,Operating Profit / Sales * 100,profitandloss,EXCELLENT,1.0,2026-07-19 11:42:19
HDFCBANK,Mar 2019,ROE,14.61,VALID,PAT / (Equity + Reserves) * 100,profitandloss + balancesheet,AVERAGE,1.0,2026-07-19 11:42:19
HDFCBANK,Mar 2019,ROCE,2.82,VALID,EBIT / Capital Employed * 100,profitandloss + balancesheet,WEAK,1.0,2026-07-19 11:42:19
HDFCBANK,Mar 2019,ROA,1.74,VALID,PAT / Total Assets * 100,profitandloss + balancesheet,WEAK,1.0,2026-07-19 11:42:19
HDFCBANK,Mar 2020,NPM,22.34,VALID,Net Profit / Sales * 100,profitandloss,EXCELLENT,1.0,2026-07-19 11:42:19
HDFCBANK,Mar 2020,OPM,37.2,OPM_MISMATCH,Operating Profit / Sales * 100,profitandloss,EXCELLENT,1.0,2026-07-19 11:42:19
HDFCBANK,Mar 2020,ROE,15.48,VALID,PAT / (Equity + Reserves) * 100,profitandloss + balancesheet,GOOD,1.0,2026-07-19 11:42:19
HDFCBANK,Mar 2020,ROCE,3.01,VALID,EBIT / Capital Employed * 100,profitandloss + balancesheet,WEAK,1.0,2026-07-19 11:42:19
HDFCBANK,Mar 2020,ROA,1.73,VALID,PAT / Total Assets * 100,profitandloss + balancesheet,WEAK,1.0,2026-07-19 11:42:19
HDFCBANK,Mar 2021,NPM,24.78,VALID,Net Profit / Sales * 100,profitandloss,EXCELLENT,1.0,2026-07-19 11:42:19
HDFCBANK,Mar 2021,OPM,40.81,OPM_MISMATCH,Operating Profit / Sales * 100,profitandloss,EXCELLENT,1.0,2026-07-19 11:42:19
HDFCBANK,Mar 2021,ROE,15.18,VALID,PAT / (Equity + Reserves) * 100,profitandloss + balancesheet,GOOD,1.0,2026-07-19 11:42:19
HDFCBANK,Mar 2021,ROCE,3.05,VALID,EBIT / Capital Employed * 100,profitandloss + balancesheet,WEAK,1.0,2026-07-19 11:42:19
HDFCBANK,Mar 2021,ROA,1.77,VALID,PAT / Total Assets * 100,profitandloss + balancesheet,WEAK,1.0,2026-07-19 11:42:19
HDFCBANK,Mar 2022,NPM,28.07,VALID,Net Profit / Sales * 100,profitandloss,EXCELLENT,1.0,2026-07-19 11:42:19
HDFCBANK,Mar 2022,OPM,41.61,OPM_MISMATCH,Operating Profit / Sales * 100,profitandloss,EXCELLENT,1.0,2026-07-19 11:42:19
HDFCBANK,Mar 2022,ROE,15.43,VALID,PAT / (Equity + Reserves) * 100,profitandloss + balancesheet,GOOD,1.0,2026-07-19 11:42:19
HDFCBANK,Mar 2022,ROCE,2.78,VALID,EBIT / Capital Employed * 100,profitandloss + balancesheet,WEAK,1.0,2026-07-19 11:42:19
HDFCBANK,Mar 2022,ROA,1.8,VALID,PAT / Total Assets * 100,profitandloss + balancesheet,WEAK,1.0,2026-07-19 11:42:19
HDFCBANK,Mar 2023,NPM,27.03,VALID,Net Profit / Sales * 100,profitandloss,EXCELLENT,1.0,2026-07-19 11:42:19
HDFCBANK,Mar 2023,OPM,36.92,OPM_MISMATCH,Operating Profit / Sales * 100,profitandloss,EXCELLENT,1.0,2026-07-19 11:42:19
HDFCBANK,Mar 2023,ROE,15.94,VALID,PAT / (Equity + Reserves) * 100,profitandloss + balancesheet,GOOD,1.0,2026-07-19 11:42:19
HDFCBANK,Mar 2023,ROCE,2.6,VALID,EBIT / Capital Employed * 100,profitandloss + balancesheet,WEAK,1.0,2026-07-19 11:42:19
HDFCBANK,Mar 2023,ROA,1.82,VALID,PAT / Total Assets * 100,profitandloss + balancesheet,WEAK,1.0,2026-07-19 11:42:19
HDFCBANK,Mar 2024,NPM,23.07,VALID,Net Profit / Sales * 100,profitandloss,EXCELLENT,1.0,2026-07-19 11:42:19
HDFCBANK,Mar 2024,OPM,61.41,OPM_MISMATCH,Operating Profit / Sales * 100,profitandloss,EXCELLENT,1.0,2026-07-19 11:42:19
HDFCBANK,Mar 2024,ROE,14.34,VALID,PAT / (Equity + Reserves) * 100,profitandloss + balancesheet,AVERAGE,1.0,2026-07-19 11:42:19
HDFCBANK,Mar 2024,ROCE,4.89,VALID,EBIT / Capital Employed * 100,profitandloss + balancesheet,WEAK,1.0,2026-07-19 11:42:19
HDFCBANK,Mar 2024,ROA,1.62,VALID,PAT / Total Assets * 100,profitandloss + balancesheet,WEAK,1.0,2026-07-19 11:42:19
HDFCLIFE,Mar 2013,NPM,3.18,VALID,Net Profit / Sales * 100,profitandloss,WEAK,1.0,2026-07-19 11:42:19
HDFCLIFE,Mar 2013,OPM,96.27,OPM_MISMATCH,Operating Profit / Sales * 100,profitandloss,EXCELLENT,1.0,2026-07-19 11:42:19
HDFCLIFE,Mar 2013,ROE,33.43,VALID,PAT / (Equity + Reserves) * 100,profitandloss + balancesheet,EXCELLENT,1.0,2026-07-19 11:42:19
HDFCLIFE,Mar 2013,ROCE,1012.34,VALID,EBIT / Capital Employed * 100,profitandloss + balancesheet,EXCELLENT,1.0,2026-07-19 11:42:19
HDFCLIFE,Mar 2013,ROA,1.07,VALID,PAT / Total Assets * 100,profitandloss + balancesheet,WEAK,1.0,2026-07-19 11:42:19
HDFCLIFE,Mar 2014,NPM,4.22,VALID,Net Profit / Sales * 100,profitandloss,WEAK,1.0,2026-07-19 11:42:19
HDFCLIFE,Mar 2014,OPM,96.48,OPM_MISMATCH,Operating Profit / Sales * 100,profitandloss,EXCELLENT,1.0,2026-07-19 11:42:19
HDFCLIFE,Mar 2014,ROE,37.6,VALID,PAT / (Equity + Reserves) * 100,profitandloss + balancesheet,EXCELLENT,1.0,2026-07-19 11:42:19
HDFCLIFE,Mar 2014,ROCE,858.97,VALID,EBIT / Capital Employed * 100,profitandloss + balancesheet,EXCELLENT,1.0,2026-07-19 11:42:19
HDFCLIFE,Mar 2014,ROA,1.39,VALID,PAT / Total Assets * 100,profitandloss + balancesheet,WEAK,1.0,2026-07-19 11:42:19
HDFCLIFE,Mar 2015,NPM,2.89,VALID,Net Profit / Sales * 100,profitandloss,WEAK,1.0,2026-07-19 11:42:19
HDFCLIFE,Mar 2015,OPM,96.79,OPM_MISMATCH,Operating Profit / Sales * 100,profitandloss,EXCELLENT,1.0,2026-07-19 11:42:19
HDFCLIFE,Mar 2015,ROE,30.93,VALID,PAT / (Equity + Reserves) * 100,profitandloss + balancesheet,EXCELLENT,1.0,2026-07-19 11:42:19
HDFCLIFE,Mar 2015,ROCE,1036.64,VALID,EBIT / Capital Employed * 100,profitandloss + balancesheet,EXCELLENT,1.0,2026-07-19 11:42:19
HDFCLIFE,Mar 2015,ROA,1.13,VALID,PAT / Total Assets * 100,profitandloss + balancesheet,WEAK,1.0,2026-07-19 11:42:19
HDFCLIFE,Mar 2016,NPM,4.5,VALID,Net Profit / Sales * 100,profitandloss,WEAK,1.0,2026-07-19 11:42:19
HDFCLIFE,Mar 2016,OPM,94.74,OPM_MISMATCH,Operating Profit / Sales * 100,profitandloss,EXCELLENT,1.0,2026-07-19 11:42:19
HDFCLIFE,Mar 2016,ROE,26.33,VALID,PAT / (Equity + Reserves) * 100,profitandloss + balancesheet,EXCELLENT,1.0,2026-07-19 11:42:19
HDFCLIFE,Mar 2016,ROCE,553.88,VALID,EBIT / Capital Employed * 100,profitandloss + balancesheet,EXCELLENT,1.0,2026-07-19 11:42:19
HDFCLIFE,Mar 2016,ROA,1.07,VALID,PAT / Total Assets * 100,profitandloss + balancesheet,WEAK,1.0,2026-07-19 11:42:19
HDFCLIFE,Mar 2017,NPM,2.89,VALID,Net Profit / Sales * 100,profitandloss,WEAK,1.0,2026-07-19 11:42:19
HDFCLIFE,Mar 2017,OPM,96.83,OPM_MISMATCH,Operating Profit / Sales * 100,profitandloss,EXCELLENT,1.0,2026-07-19 11:42:19
HDFCLIFE,Mar 2017,ROE,23.18,VALID,PAT / (Equity + Reserves) * 100,profitandloss + balancesheet,EXCELLENT,1.0,2026-07-19 11:42:19
HDFCLIFE,Mar 2017,ROCE,775.59,VALID,EBIT / Capital Employed * 100,profitandloss + balancesheet,EXCELLENT,1.0,2026-07-19 11:42:19
HDFCLIFE,Mar 2017,ROA,0.93,VALID,PAT / Total Assets * 100,profitandloss + balancesheet,WEAK,1.0,2026-07-19 11:42:19
HDFCLIFE,Mar 2018,NPM,3.43,VALID,Net Profit / Sales * 100,profitandloss,WEAK,1.0,2026-07-19 11:42:19
HDFCLIFE,Mar 2018,OPM,96.67,OPM_MISMATCH,Operating Profit / Sales * 100,profitandloss,EXCELLENT,1.0,2026-07-19 11:42:19
HDFCLIFE,Mar 2018,ROE,23.53,VALID,PAT / (Equity + Reserves) * 100,profitandloss + balancesheet,EXCELLENT,1.0,2026-07-19 11:42:19
HDFCLIFE,Mar 2018,ROCE,662.83,VALID,EBIT / Capital Employed * 100,profitandloss + balancesheet,EXCELLENT,1.0,2026-07-19 11:42:19
HDFCLIFE,Mar 2018,ROA,1.0,VALID,PAT / Total Assets * 100,profitandloss + balancesheet,WEAK,1.0,2026-07-19 11:42:19
HDFCLIFE,Mar 2019,NPM,3.29,VALID,Net Profit / Sales * 100,profitandloss,WEAK,1.0,2026-07-19 11:42:19
HDFCLIFE,Mar 2019,OPM,96.87,OPM_MISMATCH,Operating Profit / Sales * 100,profitandloss,EXCELLENT,1.0,2026-07-19 11:42:19
HDFCLIFE,Mar 2019,ROE,22.65,VALID,PAT / (Equity + Reserves) * 100,profitandloss + balancesheet,EXCELLENT,1.0,2026-07-19 11:42:19
HDFCLIFE,Mar 2019,ROCE,667.14,VALID,EBIT / Capital Employed * 100,profitandloss + balancesheet,EXCELLENT,1.0,2026-07-19 11:42:19
HDFCLIFE,Mar 2019,ROA,0.98,VALID,PAT / Total Assets * 100,profitandloss + balancesheet,WEAK,1.0,2026-07-19 11:42:19
HDFCLIFE,Mar 2020,NPM,4.41,VALID,Net Profit / Sales * 100,profitandloss,WEAK,1.0,2026-07-19 11:42:19
HDFCLIFE,Mar 2020,OPM,96.12,OPM_MISMATCH,Operating Profit / Sales * 100,profitandloss,EXCELLENT,1.0,2026-07-19 11:42:19
HDFCLIFE,Mar 2020,ROE,19.05,VALID,PAT / (Equity + Reserves) * 100,profitandloss + balancesheet,GOOD,1.0,2026-07-19 11:42:19
HDFCLIFE,Mar 2020,ROCE,414.85,VALID,EBIT / Capital Employed * 100,profitandloss + balancesheet,EXCELLENT,1.0,2026-07-19 11:42:19
HDFCLIFE,Mar 2020,ROA,0.98,VALID,PAT / Total Assets * 100,profitandloss + balancesheet,WEAK,1.0,2026-07-19 11:42:19
HDFCLIFE,Mar 2021,NPM,1.9,VALID,Net Profit / Sales * 100,profitandloss,WEAK,1.0,2026-07-19 11:42:19
HDFCLIFE,Mar 2021,OPM,98.27,OPM_MISMATCH,Operating Profit / Sales * 100,profitandloss,EXCELLENT,1.0,2026-07-19 11:42:19
HDFCLIFE,Mar 2021,ROE,15.75,VALID,PAT / (Equity + Reserves) * 100,profitandloss + balancesheet,GOOD,1.0,2026-07-19 11:42:19
HDFCLIFE,Mar 2021,ROCE,760.76,VALID,EBIT / Capital Employed * 100,profitandloss + balancesheet,EXCELLENT,1.0,2026-07-19 11:42:19
HDFCLIFE,Mar 2021,ROA,0.76,VALID,PAT / Total Assets * 100,profitandloss + balancesheet,WEAK,1.0,2026-07-19 11:42:19
HDFCLIFE,Mar 2022,NPM,1.98,VALID,Net Profit / Sales * 100,profitandloss,WEAK,1.0,2026-07-19 11:42:19
HDFCLIFE,Mar 2022,OPM,98.84,OPM_MISMATCH,Operating Profit / Sales * 100,profitandloss,EXCELLENT,1.0,2026-07-19 11:42:19
HDFCLIFE,Mar 2022,ROE,8.5,VALID,PAT / (Equity + Reserves) * 100,profitandloss + balancesheet,WEAK,1.0,2026-07-19 11:42:19
HDFCLIFE,Mar 2022,ROCE,409.2,VALID,EBIT / Capital Employed * 100,profitandloss + balancesheet,EXCELLENT,1.0,2026-07-19 11:42:19
HDFCLIFE,Mar 2022,ROA,0.58,VALID,PAT / Total Assets * 100,profitandloss + balancesheet,WEAK,1.0,2026-07-19 11:42:19
HDFCLIFE,Mar 2023,NPM,1.95,VALID,Net Profit / Sales * 100,profitandloss,WEAK,1.0,2026-07-19 11:42:19
HDFCLIFE,Mar 2023,OPM,99.89,OPM_MISMATCH,Operating Profit / Sales * 100,profitandloss,EXCELLENT,1.0,2026-07-19 11:42:19
HDFCLIFE,Mar 2023,ROE,10.53,VALID,PAT / (Equity + Reserves) * 100,profitandloss + balancesheet,AVERAGE,1.0,2026-07-19 11:42:19
HDFCLIFE,Mar 2023,ROCE,502.95,VALID,EBIT / Capital Employed * 100,profitandloss + balancesheet,EXCELLENT,1.0,2026-07-19 11:42:19
HDFCLIFE,Mar 2023,ROA,0.55,VALID,PAT / Total Assets * 100,profitandloss + balancesheet,WEAK,1.0,2026-07-19 11:42:19
HDFCLIFE,Mar 2024,NPM,1.55,VALID,Net Profit / Sales * 100,profitandloss,WEAK,1.0,2026-07-19 11:42:19
HDFCLIFE,Mar 2024,OPM,99.48,OPM_MISMATCH,Operating Profit / Sales * 100,profitandloss,EXCELLENT,1.0,2026-07-19 11:42:19
HDFCLIFE,Mar 2024,ROE,10.73,VALID,PAT / (Equity + Reserves) * 100,profitandloss + balancesheet,AVERAGE,1.0,2026-07-19 11:42:19
HDFCLIFE,Mar 2024,ROCE,646.46,VALID,EBIT / Capital Employed * 100,profitandloss + balancesheet,EXCELLENT,1.0,2026-07-19 11:42:19
HDFCLIFE,Mar 2024,ROA,0.52,VALID,PAT / Total Assets * 100,profitandloss + balancesheet,WEAK,1.0,2026-07-19 11:42:19
HEROMOTOCO,Mar 2014,NPM,8.32,VALID,Net Profit / Sales * 100,profitandloss,AVERAGE,1.0,2026-07-19 11:42:19
HEROMOTOCO,Mar 2014,OPM,85.94,OPM_MISMATCH,Operating Profit / Sales * 100,profitandloss,EXCELLENT,1.0,2026-07-19 11:42:19
HEROMOTOCO,Mar 2014,ROE,37.38,VALID,PAT / (Equity + Reserves) * 100,profitandloss + balancesheet,EXCELLENT,1.0,2026-07-19 11:42:19
HEROMOTOCO,Mar 2014,ROCE,367.73,VALID,EBIT / Capital Employed * 100,profitandloss + balancesheet,EXCELLENT,1.0,2026-07-19 11:42:19
HEROMOTOCO,Mar 2014,ROA,20.77,VALID,PAT / Total Assets * 100,profitandloss + balancesheet,EXCELLENT,1.0,2026-07-19 11:42:19
HEROMOTOCO,Mar 2015,NPM,8.58,VALID,Net Profit / Sales * 100,profitandloss,AVERAGE,1.0,2026-07-19 11:42:19
HEROMOTOCO,Mar 2015,OPM,87.22,OPM_MISMATCH,Operating Profit / Sales * 100,profitandloss,EXCELLENT,1.0,2026-07-19 11:42:19
HEROMOTOCO,Mar 2015,ROE,36.15,VALID,PAT / (Equity + Reserves) * 100,profitandloss + balancesheet,EXCELLENT,1.0,2026-07-19 11:42:19
HEROMOTOCO,Mar 2015,ROCE,361.72,VALID,EBIT / Capital Employed * 100,profitandloss + balancesheet,EXCELLENT,1.0,2026-07-19 11:42:19
HEROMOTOCO,Mar 2015,ROA,22.19,VALID,PAT / Total Assets * 100,profitandloss + balancesheet,EXCELLENT,1.0,2026-07-19 11:42:19
HEROMOTOCO,Mar 2016,NPM,10.94,VALID,Net Profit / Sales * 100,profitandloss,GOOD,1.0,2026-07-19 11:42:19
HEROMOTOCO,Mar 2016,OPM,84.45,OPM_MISMATCH,Operating Profit / Sales * 100,profitandloss,EXCELLENT,1.0,2026-07-19 11:42:19
HEROMOTOCO,Mar 2016,ROE,35.23,VALID,PAT / (Equity + Reserves) * 100,profitandloss + balancesheet,EXCELLENT,1.0,2026-07-19 11:42:19
HEROMOTOCO,Mar 2016,ROCE,265.09,VALID,EBIT / Capital Employed * 100,profitandloss + balancesheet,EXCELLENT,1.0,2026-07-19 11:42:19
HEROMOTOCO,Mar 2016,ROA,24.13,VALID,PAT / Total Assets * 100,profitandloss + balancesheet,EXCELLENT,1.0,2026-07-19 11:42:19
HEROMOTOCO,Mar 2017,NPM,12.39,VALID,Net Profit / Sales * 100,profitandloss,GOOD,1.0,2026-07-19 11:42:19
HEROMOTOCO,Mar 2017,OPM,83.97,OPM_MISMATCH,Operating Profit / Sales * 100,profitandloss,EXCELLENT,1.0,2026-07-19 11:42:19
HEROMOTOCO,Mar 2017,ROE,34.37,VALID,PAT / (Equity + Reserves) * 100,profitandloss + balancesheet,EXCELLENT,1.0,2026-07-19 11:42:19
HEROMOTOCO,Mar 2017,ROCE,227.14,VALID,EBIT / Capital Employed * 100,profitandloss + balancesheet,EXCELLENT,1.0,2026-07-19 11:42:19
HEROMOTOCO,Mar 2017,ROA,23.16,VALID,PAT / Total Assets * 100,profitandloss + balancesheet,EXCELLENT,1.0,2026-07-19 11:42:19
HEROMOTOCO,Mar 2018,NPM,11.47,VALID,Net Profit / Sales * 100,profitandloss,GOOD,1.0,2026-07-19 11:42:19
HEROMOTOCO,Mar 2018,OPM,83.57,OPM_MISMATCH,Operating Profit / Sales * 100,profitandloss,EXCELLENT,1.0,2026-07-19 11:42:19
HEROMOTOCO,Mar 2018,ROE,31.09,VALID,PAT / (Equity + Reserves) * 100,profitandloss + balancesheet,EXCELLENT,1.0,2026-07-19 11:42:19
HEROMOTOCO,Mar 2018,ROCE,222.33,VALID,EBIT / Capital Employed * 100,profitandloss + balancesheet,EXCELLENT,1.0,2026-07-19 11:42:19
HEROMOTOCO,Mar 2018,ROA,21.39,VALID,PAT / Total Assets * 100,profitandloss + balancesheet,EXCELLENT,1.0,2026-07-19 11:42:19
HEROMOTOCO,Mar 2019,NPM,10.2,VALID,Net Profit / Sales * 100,profitandloss,GOOD,1.0,2026-07-19 11:42:19
HEROMOTOCO,Mar 2019,OPM,85.21,OPM_MISMATCH,Operating Profit / Sales * 100,profitandloss,EXCELLENT,1.0,2026-07-19 11:42:19
HEROMOTOCO,Mar 2019,ROE,26.42,VALID,PAT / (Equity + Reserves) * 100,profitandloss + balancesheet,EXCELLENT,1.0,2026-07-19 11:42:19
HEROMOTOCO,Mar 2019,ROCE,215.5,VALID,EBIT / Capital Employed * 100,profitandloss + balancesheet,EXCELLENT,1.0,2026-07-19 11:42:19
HEROMOTOCO,Mar 2019,ROA,18.73,VALID,PAT / Total Assets * 100,profitandloss + balancesheet,EXCELLENT,1.0,2026-07-19 11:42:19
HEROMOTOCO,Mar 2020,NPM,12.51,VALID,Net Profit / Sales * 100,profitandloss,GOOD,1.0,2026-07-19 11:42:19
HEROMOTOCO,Mar 2020,OPM,86.09,OPM_MISMATCH,Operating Profit / Sales * 100,profitandloss,EXCELLENT,1.0,2026-07-19 11:42:19
HEROMOTOCO,Mar 2020,ROE,25.4,VALID,PAT / (Equity + Reserves) * 100,profitandloss + balancesheet,EXCELLENT,1.0,2026-07-19 11:42:19
HEROMOTOCO,Mar 2020,ROCE,169.49,VALID,EBIT / Capital Employed * 100,profitandloss + balancesheet,EXCELLENT,1.0,2026-07-19 11:42:19
HEROMOTOCO,Mar 2020,ROA,18.6,VALID,PAT / Total Assets * 100,profitandloss + balancesheet,EXCELLENT,1.0,2026-07-19 11:42:19
HEROMOTOCO,Mar 2021,NPM,9.48,VALID,Net Profit / Sales * 100,profitandloss,AVERAGE,1.0,2026-07-19 11:42:19
HEROMOTOCO,Mar 2021,OPM,86.9,OPM_MISMATCH,Operating Profit / Sales * 100,profitandloss,EXCELLENT,1.0,2026-07-19 11:42:19
HEROMOTOCO,Mar 2021,ROE,19.05,VALID,PAT / (Equity + Reserves) * 100,profitandloss + balancesheet,GOOD,1.0,2026-07-19 11:42:19
HEROMOTOCO,Mar 2021,ROCE,168.14,VALID,EBIT / Capital Employed * 100,profitandloss + balancesheet,EXCELLENT,1.0,2026-07-19 11:42:19
HEROMOTOCO,Mar 2021,ROA,12.71,VALID,PAT / Total Assets * 100,profitandloss + balancesheet,GOOD,1.0,2026-07-19 11:42:19
HEROMOTOCO,Mar 2022,NPM,7.88,VALID,Net Profit / Sales * 100,profitandloss,AVERAGE,1.0,2026-07-19 11:42:19
HEROMOTOCO,Mar 2022,OPM,88.98,OPM_MISMATCH,Operating Profit / Sales * 100,profitandloss,EXCELLENT,1.0,2026-07-19 11:42:19
HEROMOTOCO,Mar 2022,ROE,14.7,VALID,PAT / (Equity + Reserves) * 100,profitandloss + balancesheet,AVERAGE,1.0,2026-07-19 11:42:19
HEROMOTOCO,Mar 2022,ROCE,159.83,VALID,EBIT / Capital Employed * 100,profitandloss + balancesheet,EXCELLENT,1.0,2026-07-19 11:42:19
HEROMOTOCO,Mar 2022,ROA,10.36,VALID,PAT / Total Assets * 100,profitandloss + balancesheet,GOOD,1.0,2026-07-19 11:42:19
HEROMOTOCO,Mar 2023,NPM,8.2,VALID,Net Profit / Sales * 100,profitandloss,AVERAGE,1.0,2026-07-19 11:42:19
HEROMOTOCO,Mar 2023,OPM,88.0,OPM_MISMATCH,Operating Profit / Sales * 100,profitandloss,EXCELLENT,1.0,2026-07-19 11:42:19
HEROMOTOCO,Mar 2023,ROE,16.81,VALID,PAT / (Equity + Reserves) * 100,profitandloss + balancesheet,GOOD,1.0,2026-07-19 11:42:19
HEROMOTOCO,Mar 2023,ROCE,174.52,VALID,EBIT / Capital Employed * 100,profitandloss + balancesheet,EXCELLENT,1.0,2026-07-19 11:42:19
HEROMOTOCO,Mar 2023,ROA,11.71,VALID,PAT / Total Assets * 100,profitandloss + balancesheet,GOOD,1.0,2026-07-19 11:42:19
HEROMOTOCO,Mar 2024,NPM,9.9,VALID,Net Profit / Sales * 100,profitandloss,AVERAGE,1.0,2026-07-19 11:42:19
HEROMOTOCO,Mar 2024,OPM,86.15,OPM_MISMATCH,Operating Profit / Sales * 100,profitandloss,EXCELLENT,1.0,2026-07-19 11:42:19
HEROMOTOCO,Mar 2024,ROE,21.14,VALID,PAT / (Equity + Reserves) * 100,profitandloss + balancesheet,EXCELLENT,1.0,2026-07-19 11:42:19
HEROMOTOCO,Mar 2024,ROCE,177.84,VALID,EBIT / Capital Employed * 100,profitandloss + balancesheet,EXCELLENT,1.0,2026-07-19 11:42:19
HEROMOTOCO,Mar 2024,ROA,14.31,VALID,PAT / Total Assets * 100,profitandloss + balancesheet,GOOD,1.0,2026-07-19 11:42:19
HINDALCO,Mar 2013,NPM,3.75,VALID,Net Profit / Sales * 100,profitandloss,WEAK,1.0,2026-07-19 11:42:19
HINDALCO,Mar 2013,OPM,90.4,OPM_MISMATCH,Operating Profit / Sales * 100,profitandloss,EXCELLENT,1.0,2026-07-19 11:42:19
HINDALCO,Mar 2013,ROE,8.51,VALID,PAT / (Equity + Reserves) * 100,profitandloss + balancesheet,WEAK,1.0,2026-07-19 11:42:19
HINDALCO,Mar 2013,ROCE,78.56,VALID,EBIT / Capital Employed * 100,profitandloss + balancesheet,EXCELLENT,1.0,2026-07-19 11:42:19
HINDALCO,Mar 2013,ROA,2.49,VALID,PAT / Total Assets * 100,profitandloss + balancesheet,WEAK,1.0,2026-07-19 11:42:19
HINDALCO,Mar 2014,NPM,2.5,VALID,Net Profit / Sales * 100,profitandloss,WEAK,1.0,2026-07-19 11:42:19
HINDALCO,Mar 2014,OPM,90.85,OPM_MISMATCH,Operating Profit / Sales * 100,profitandloss,EXCELLENT,1.0,2026-07-19 11:42:19
HINDALCO,Mar 2014,ROE,5.41,VALID,PAT / (Equity + Reserves) * 100,profitandloss + balancesheet,WEAK,1.0,2026-07-19 11:42:19
HINDALCO,Mar 2014,ROCE,75.62,VALID,EBIT / Capital Employed * 100,profitandloss + balancesheet,EXCELLENT,1.0,2026-07-19 11:42:19
HINDALCO,Mar 2014,ROA,1.59,VALID,PAT / Total Assets * 100,profitandloss + balancesheet,WEAK,1.0,2026-07-19 11:42:19
HINDALCO,Mar 2015,NPM,0.25,VALID,Net Profit / Sales * 100,profitandloss,WEAK,1.0,2026-07-19 11:42:19
HINDALCO,Mar 2015,OPM,91.52,OPM_MISMATCH,Operating Profit / Sales * 100,profitandloss,EXCELLENT,1.0,2026-07-19 11:42:19
HINDALCO,Mar 2015,ROE,0.68,VALID,PAT / (Equity + Reserves) * 100,profitandloss + balancesheet,WEAK,1.0,2026-07-19 11:42:19
HINDALCO,Mar 2015,ROCE,89.36,VALID,EBIT / Capital Employed * 100,profitandloss + balancesheet,EXCELLENT,1.0,2026-07-19 11:42:19
HINDALCO,Mar 2015,ROA,0.18,VALID,PAT / Total Assets * 100,profitandloss + balancesheet,WEAK,1.0,2026-07-19 11:42:19
HINDALCO,Mar 2016,NPM,-0.71,VALID,Net Profit / Sales * 100,profitandloss,WEAK,1.0,2026-07-19 11:42:19
HINDALCO,Mar 2016,OPM,92.12,OPM_MISMATCH,Operating Profit / Sales * 100,profitandloss,EXCELLENT,1.0,2026-07-19 11:42:19
HINDALCO,Mar 2016,ROE,-1.73,VALID,PAT / (Equity + Reserves) * 100,profitandloss + balancesheet,WEAK,1.0,2026-07-19 11:42:19
HINDALCO,Mar 2016,ROCE,84.12,VALID,EBIT / Capital Employed * 100,profitandloss + balancesheet,EXCELLENT,1.0,2026-07-19 11:42:19
HINDALCO,Mar 2016,ROA,-0.5,VALID,PAT / Total Assets * 100,profitandloss + balancesheet,WEAK,1.0,2026-07-19 11:42:19
HINDALCO,Mar 2017,NPM,1.88,VALID,Net Profit / Sales * 100,profitandloss,WEAK,1.0,2026-07-19 11:42:19
HINDALCO,Mar 2017,OPM,87.71,OPM_MISMATCH,Operating Profit / Sales * 100,profitandloss,EXCELLENT,1.0,2026-07-19 11:42:19
HINDALCO,Mar 2017,ROE,4.09,VALID,PAT / (Equity + Reserves) * 100,profitandloss + balancesheet,WEAK,1.0,2026-07-19 11:42:19
HINDALCO,Mar 2017,ROCE,79.97,VALID,EBIT / Capital Employed * 100,profitandloss + balancesheet,EXCELLENT,1.0,2026-07-19 11:42:19
HINDALCO,Mar 2017,ROA,1.29,VALID,PAT / Total Assets * 100,profitandloss + balancesheet,WEAK,1.0,2026-07-19 11:42:19
HINDALCO,Mar 2018,NPM,5.28,VALID,Net Profit / Sales * 100,profitandloss,AVERAGE,1.0,2026-07-19 11:42:19
HINDALCO,Mar 2018,OPM,88.11,OPM_MISMATCH,Operating Profit / Sales * 100,profitandloss,EXCELLENT,1.0,2026-07-19 11:42:19
HINDALCO,Mar 2018,ROE,11.09,VALID,PAT / (Equity + Reserves) * 100,profitandloss + balancesheet,AVERAGE,1.0,2026-07-19 11:42:19
HINDALCO,Mar 2018,ROCE,94.91,VALID,EBIT / Capital Employed * 100,profitandloss + balancesheet,EXCELLENT,1.0,2026-07-19 11:42:19
HINDALCO,Mar 2018,ROA,4.14,VALID,PAT / Total Assets * 100,profitandloss + balancesheet,WEAK,1.0,2026-07-19 11:42:19
HINDALCO,Mar 2019,NPM,4.21,VALID,Net Profit / Sales * 100,profitandloss,WEAK,1.0,2026-07-19 11:42:19
HINDALCO,Mar 2019,OPM,88.12,OPM_MISMATCH,Operating Profit / Sales * 100,profitandloss,EXCELLENT,1.0,2026-07-19 11:42:19
HINDALCO,Mar 2019,ROE,9.56,VALID,PAT / (Equity + Reserves) * 100,profitandloss + balancesheet,WEAK,1.0,2026-07-19 11:42:19
HINDALCO,Mar 2019,ROCE,104.65,VALID,EBIT / Capital Employed * 100,profitandloss + balancesheet,EXCELLENT,1.0,2026-07-19 11:42:19
HINDALCO,Mar 2019,ROA,3.62,VALID,PAT / Total Assets * 100,profitandloss + balancesheet,WEAK,1.0,2026-07-19 11:42:19
HINDALCO,Mar 2020,NPM,3.19,VALID,Net Profit / Sales * 100,profitandloss,WEAK,1.0,2026-07-19 11:42:19
HINDALCO,Mar 2020,OPM,87.89,OPM_MISMATCH,Operating Profit / Sales * 100,profitandloss,EXCELLENT,1.0,2026-07-19 11:42:19
HINDALCO,Mar 2020,ROE,6.46,VALID,PAT / (Equity + Reserves) * 100,profitandloss + balancesheet,WEAK,1.0,2026-07-19 11:42:19
HINDALCO,Mar 2020,ROCE,81.95,VALID,EBIT / Capital Employed * 100,profitandloss + balancesheet,EXCELLENT,1.0,2026-07-19 11:42:19
HINDALCO,Mar 2020,ROA,2.23,VALID,PAT / Total Assets * 100,profitandloss + balancesheet,WEAK,1.0,2026-07-19 11:42:19
HINDALCO,Mar 2021,NPM,2.64,VALID,Net Profit / Sales * 100,profitandloss,WEAK,1.0,2026-07-19 11:42:19
HINDALCO,Mar 2021,OPM,86.7,OPM_MISMATCH,Operating Profit / Sales * 100,profitandloss,EXCELLENT,1.0,2026-07-19 11:42:19
HINDALCO,Mar 2021,ROE,5.23,VALID,PAT / (Equity + Reserves) * 100,profitandloss + balancesheet,WEAK,1.0,2026-07-19 11:42:19
HINDALCO,Mar 2021,ROCE,85.58,VALID,EBIT / Capital Employed * 100,profitandloss + balancesheet,EXCELLENT,1.0,2026-07-19 11:42:19
HINDALCO,Mar 2021,ROA,1.84,VALID,PAT / Total Assets * 100,profitandloss + balancesheet,WEAK,1.0,2026-07-19 11:42:19
HINDALCO,Mar 2022,NPM,7.04,VALID,Net Profit / Sales * 100,profitandloss,AVERAGE,1.0,2026-07-19 11:42:19
HINDALCO,Mar 2022,OPM,85.47,OPM_MISMATCH,Operating Profit / Sales * 100,profitandloss,EXCELLENT,1.0,2026-07-19 11:42:19
HINDALCO,Mar 2022,ROE,17.56,VALID,PAT / (Equity + Reserves) * 100,profitandloss + balancesheet,GOOD,1.0,2026-07-19 11:42:19
HINDALCO,Mar 2022,ROCE,116.85,VALID,EBIT / Capital Employed * 100,profitandloss + balancesheet,EXCELLENT,1.0,2026-07-19 11:42:19
HINDALCO,Mar 2022,ROA,6.19,VALID,PAT / Total Assets * 100,profitandloss + balancesheet,AVERAGE,1.0,2026-07-19 11:42:19
HINDALCO,Mar 2023,NPM,4.52,VALID,Net Profit / Sales * 100,profitandloss,WEAK,1.0,2026-07-19 11:42:19
HINDALCO,Mar 2023,OPM,89.85,OPM_MISMATCH,Operating Profit / Sales * 100,profitandloss,EXCELLENT,1.0,2026-07-19 11:42:19
HINDALCO,Mar 2023,ROE,10.65,VALID,PAT / (Equity + Reserves) * 100,profitandloss + balancesheet,AVERAGE,1.0,2026-07-19 11:42:19
HINDALCO,Mar 2023,ROCE,129.3,VALID,EBIT / Capital Employed * 100,profitandloss + balancesheet,EXCELLENT,1.0,2026-07-19 11:42:19
HINDALCO,Mar 2023,ROA,4.52,VALID,PAT / Total Assets * 100,profitandloss + balancesheet,WEAK,1.0,2026-07-19 11:42:19
HINDALCO,Mar 2024,NPM,4.7,VALID,Net Profit / Sales * 100,profitandloss,WEAK,1.0,2026-07-19 11:42:19
HINDALCO,Mar 2024,OPM,88.95,OPM_MISMATCH,Operating Profit / Sales * 100,profitandloss,EXCELLENT,1.0,2026-07-19 11:42:19
HINDALCO,Mar 2024,ROE,9.57,VALID,PAT / (Equity + Reserves) * 100,profitandloss + balancesheet,WEAK,1.0,2026-07-19 11:42:19
HINDALCO,Mar 2024,ROCE,118.21,VALID,EBIT / Capital Employed * 100,profitandloss + balancesheet,EXCELLENT,1.0,2026-07-19 11:42:19
HINDALCO,Mar 2024,ROA,4.4,VALID,PAT / Total Assets * 100,profitandloss + balancesheet,WEAK,1.0,2026-07-19 11:42:19
HINDUNILVR,Mar 2013,NPM,14.22,VALID,Net Profit / Sales * 100,profitandloss,GOOD,1.0,2026-07-19 11:42:19
HINDUNILVR,Mar 2013,OPM,84.37,OPM_MISMATCH,Operating Profit / Sales * 100,profitandloss,EXCELLENT,1.0,2026-07-19 11:42:19
HINDUNILVR,Mar 2013,ROE,134.0,VALID,PAT / (Equity + Reserves) * 100,profitandloss + balancesheet,EXCELLENT,1.0,2026-07-19 11:42:19
HINDUNILVR,Mar 2013,ROCE,788.37,VALID,EBIT / Capital Employed * 100,profitandloss + balancesheet,EXCELLENT,1.0,2026-07-19 11:42:19
HINDUNILVR,Mar 2013,ROA,31.75,VALID,PAT / Total Assets * 100,profitandloss + balancesheet,EXCELLENT,1.0,2026-07-19 11:42:19
HINDUNILVR,Mar 2014,NPM,13.53,VALID,Net Profit / Sales * 100,profitandloss,GOOD,1.0,2026-07-19 11:42:19
HINDUNILVR,Mar 2014,OPM,83.72,OPM_MISMATCH,Operating Profit / Sales * 100,profitandloss,EXCELLENT,1.0,2026-07-19 11:42:19
HINDUNILVR,Mar 2014,ROE,111.85,VALID,PAT / (Equity + Reserves) * 100,profitandloss + balancesheet,EXCELLENT,1.0,2026-07-19 11:42:19
HINDUNILVR,Mar 2014,ROCE,683.09,VALID,EBIT / Capital Employed * 100,profitandloss + balancesheet,EXCELLENT,1.0,2026-07-19 11:42:19
HINDUNILVR,Mar 2014,ROA,28.76,VALID,PAT / Total Assets * 100,profitandloss + balancesheet,EXCELLENT,1.0,2026-07-19 11:42:19
HINDUNILVR,Mar 2015,NPM,13.69,VALID,Net Profit / Sales * 100,profitandloss,GOOD,1.0,2026-07-19 11:42:19
HINDUNILVR,Mar 2015,OPM,83.07,OPM_MISMATCH,Operating Profit / Sales * 100,profitandloss,EXCELLENT,1.0,2026-07-19 11:42:19
HINDUNILVR,Mar 2015,ROE,108.67,VALID,PAT / (Equity + Reserves) * 100,profitandloss + balancesheet,EXCELLENT,1.0,2026-07-19 11:42:19
HINDUNILVR,Mar 2015,ROCE,652.58,VALID,EBIT / Capital Employed * 100,profitandloss + balancesheet,EXCELLENT,1.0,2026-07-19 11:42:19
HINDUNILVR,Mar 2015,ROA,30.33,VALID,PAT / Total Assets * 100,profitandloss + balancesheet,EXCELLENT,1.0,2026-07-19 11:42:19
HINDUNILVR,Mar 2016,NPM,12.9,VALID,Net Profit / Sales * 100,profitandloss,GOOD,1.0,2026-07-19 11:42:19
HINDUNILVR,Mar 2016,OPM,81.64,OPM_MISMATCH,Operating Profit / Sales * 100,profitandloss,EXCELLENT,1.0,2026-07-19 11:42:19
HINDUNILVR,Mar 2016,ROE,63.15,VALID,PAT / (Equity + Reserves) * 100,profitandloss + balancesheet,EXCELLENT,1.0,2026-07-19 11:42:19
HINDUNILVR,Mar 2016,ROCE,389.27,VALID,EBIT / Capital Employed * 100,profitandloss + balancesheet,EXCELLENT,1.0,2026-07-19 11:42:19
HINDUNILVR,Mar 2016,ROA,28.06,VALID,PAT / Total Assets * 100,profitandloss + balancesheet,EXCELLENT,1.0,2026-07-19 11:42:19
HINDUNILVR,Mar 2017,NPM,13.54,VALID,Net Profit / Sales * 100,profitandloss,GOOD,1.0,2026-07-19 11:42:19
HINDUNILVR,Mar 2017,OPM,80.92,OPM_MISMATCH,Operating Profit / Sales * 100,profitandloss,EXCELLENT,1.0,2026-07-19 11:42:19
HINDUNILVR,Mar 2017,ROE,66.58,VALID,PAT / (Equity + Reserves) * 100,profitandloss + balancesheet,EXCELLENT,1.0,2026-07-19 11:42:19
HINDUNILVR,Mar 2017,ROCE,382.2,VALID,EBIT / Capital Employed * 100,profitandloss + balancesheet,EXCELLENT,1.0,2026-07-19 11:42:19
HINDUNILVR,Mar 2017,ROA,28.59,VALID,PAT / Total Assets * 100,profitandloss + balancesheet,EXCELLENT,1.0,2026-07-19 11:42:19
HINDUNILVR,Mar 2018,NPM,14.71,VALID,Net Profit / Sales * 100,profitandloss,GOOD,1.0,2026-07-19 11:42:19
HINDUNILVR,Mar 2018,OPM,78.9,OPM_MISMATCH,Operating Profit / Sales * 100,profitandloss,EXCELLENT,1.0,2026-07-19 11:42:19
HINDUNILVR,Mar 2018,ROE,71.79,VALID,PAT / (Equity + Reserves) * 100,profitandloss + balancesheet,EXCELLENT,1.0,2026-07-19 11:42:19
HINDUNILVR,Mar 2018,ROCE,385.19,VALID,EBIT / Capital Employed * 100,profitandloss + balancesheet,EXCELLENT,1.0,2026-07-19 11:42:19
HINDUNILVR,Mar 2018,ROA,29.26,VALID,PAT / Total Assets * 100,profitandloss + balancesheet,EXCELLENT,1.0,2026-07-19 11:42:19
HINDUNILVR,Mar 2019,NPM,15.42,VALID,Net Profit / Sales * 100,profitandloss,EXCELLENT,1.0,2026-07-19 11:42:19
HINDUNILVR,Mar 2019,OPM,77.41,OPM_MISMATCH,Operating Profit / Sales * 100,profitandloss,EXCELLENT,1.0,2026-07-19 11:42:19
HINDUNILVR,Mar 2019,ROE,77.03,VALID,PAT / (Equity + Reserves) * 100,profitandloss + balancesheet,EXCELLENT,1.0,2026-07-19 11:42:19
HINDUNILVR,Mar 2019,ROCE,382.0,VALID,EBIT / Capital Employed * 100,profitandloss + balancesheet,EXCELLENT,1.0,2026-07-19 11:42:19
HINDUNILVR,Mar 2019,ROA,32.53,VALID,PAT / Total Assets * 100,profitandloss + balancesheet,EXCELLENT,1.0,2026-07-19 11:42:19
HINDUNILVR,Mar 2020,NPM,16.98,VALID,Net Profit / Sales * 100,profitandloss,EXCELLENT,1.0,2026-07-19 11:42:19
HINDUNILVR,Mar 2020,OPM,75.21,OPM_MISMATCH,Operating Profit / Sales * 100,profitandloss,EXCELLENT,1.0,2026-07-19 11:42:19
HINDUNILVR,Mar 2020,ROE,82.1,VALID,PAT / (Equity + Reserves) * 100,profitandloss + balancesheet,EXCELLENT,1.0,2026-07-19 11:42:19
HINDUNILVR,Mar 2020,ROCE,363.62,VALID,EBIT / Capital Employed * 100,profitandloss + balancesheet,EXCELLENT,1.0,2026-07-19 11:42:19
HINDUNILVR,Mar 2020,ROA,33.52,VALID,PAT / Total Assets * 100,profitandloss + balancesheet,EXCELLENT,1.0,2026-07-19 11:42:19
HINDUNILVR,Mar 2021,NPM,17.01,VALID,Net Profit / Sales * 100,profitandloss,EXCELLENT,1.0,2026-07-19 11:42:19
HINDUNILVR,Mar 2021,OPM,75.28,OPM_MISMATCH,Operating Profit / Sales * 100,profitandloss,EXCELLENT,1.0,2026-07-19 11:42:19
HINDUNILVR,Mar 2021,ROE,16.78,VALID,PAT / (Equity + Reserves) * 100,profitandloss + balancesheet,GOOD,1.0,2026-07-19 11:42:19
HINDUNILVR,Mar 2021,ROCE,74.26,VALID,EBIT / Capital Employed * 100,profitandloss + balancesheet,EXCELLENT,1.0,2026-07-19 11:42:19
HINDUNILVR,Mar 2021,ROA,11.64,VALID,PAT / Total Assets * 100,profitandloss + balancesheet,GOOD,1.0,2026-07-19 11:42:19
HINDUNILVR,Mar 2022,NPM,16.95,VALID,Net Profit / Sales * 100,profitandloss,EXCELLENT,1.0,2026-07-19 11:42:19
HINDUNILVR,Mar 2022,OPM,75.49,OPM_MISMATCH,Operating Profit / Sales * 100,profitandloss,EXCELLENT,1.0,2026-07-19 11:42:19
HINDUNILVR,Mar 2022,ROE,18.12,VALID,PAT / (Equity + Reserves) * 100,profitandloss + balancesheet,GOOD,1.0,2026-07-19 11:42:19
HINDUNILVR,Mar 2022,ROCE,79.01,VALID,EBIT / Capital Employed * 100,profitandloss + balancesheet,EXCELLENT,1.0,2026-07-19 11:42:19
HINDUNILVR,Mar 2022,ROA,12.61,VALID,PAT / Total Assets * 100,profitandloss + balancesheet,GOOD,1.0,2026-07-19 11:42:19
HINDUNILVR,Mar 2023,NPM,16.74,VALID,Net Profit / Sales * 100,profitandloss,EXCELLENT,1.0,2026-07-19 11:42:19
HINDUNILVR,Mar 2023,OPM,76.65,OPM_MISMATCH,Operating Profit / Sales * 100,profitandloss,EXCELLENT,1.0,2026-07-19 11:42:19
HINDUNILVR,Mar 2023,ROE,20.16,VALID,PAT / (Equity + Reserves) * 100,profitandloss + balancesheet,EXCELLENT,1.0,2026-07-19 11:42:19
HINDUNILVR,Mar 2023,ROCE,90.12,VALID,EBIT / Capital Employed * 100,profitandloss + balancesheet,EXCELLENT,1.0,2026-07-19 11:42:19
HINDUNILVR,Mar 2023,ROA,13.88,VALID,PAT / Total Assets * 100,profitandloss + balancesheet,GOOD,1.0,2026-07-19 11:42:19
HINDUNILVR,Mar 2024,NPM,16.61,VALID,Net Profit / Sales * 100,profitandloss,EXCELLENT,1.0,2026-07-19 11:42:19
HINDUNILVR,Mar 2024,OPM,76.32,OPM_MISMATCH,Operating Profit / Sales * 100,profitandloss,EXCELLENT,1.0,2026-07-19 11:42:19
HINDUNILVR,Mar 2024,ROE,20.07,VALID,PAT / (Equity + Reserves) * 100,profitandloss + balancesheet,EXCELLENT,1.0,2026-07-19 11:42:19
HINDUNILVR,Mar 2024,ROCE,89.63,VALID,EBIT / Capital Employed * 100,profitandloss + balancesheet,EXCELLENT,1.0,2026-07-19 11:42:19
HINDUNILVR,Mar 2024,ROA,13.1,VALID,PAT / Total Assets * 100,profitandloss + balancesheet,GOOD,1.0,2026-07-19 11:42:19
ICICIBANK,Mar 2013,NPM,22.57,VALID,Net Profit / Sales * 100,profitandloss,EXCELLENT,1.0,2026-07-19 11:42:19
ICICIBANK,Mar 2013,OPM,70.59,OPM_MISMATCH,Operating Profit / Sales * 100,profitandloss,EXCELLENT,1.0,2026-07-19 11:42:19
ICICIBANK,Mar 2013,ROE,14.73,VALID,PAT / (Equity + Reserves) * 100,profitandloss + balancesheet,AVERAGE,1.0,2026-07-19 11:42:19
ICICIBANK,Mar 2013,ROCE,5.69,VALID,EBIT / Capital Employed * 100,profitandloss + balancesheet,WEAK,1.0,2026-07-19 11:42:19
ICICIBANK,Mar 2013,ROA,1.5,VALID,PAT / Total Assets * 100,profitandloss + balancesheet,WEAK,1.0,2026-07-19 11:42:19
ICICIBANK,Mar 2014,NPM,23.6,VALID,Net Profit / Sales * 100,profitandloss,EXCELLENT,1.0,2026-07-19 11:42:19
ICICIBANK,Mar 2014,OPM,66.4,OPM_MISMATCH,Operating Profit / Sales * 100,profitandloss,EXCELLENT,1.0,2026-07-19 11:42:19
ICICIBANK,Mar 2014,ROE,15.28,VALID,PAT / (Equity + Reserves) * 100,profitandloss + balancesheet,GOOD,1.0,2026-07-19 11:42:19
ICICIBANK,Mar 2014,ROCE,5.3,VALID,EBIT / Capital Employed * 100,profitandloss + balancesheet,WEAK,1.0,2026-07-19 11:42:19
ICICIBANK,Mar 2014,ROA,1.56,VALID,PAT / Total Assets * 100,profitandloss + balancesheet,WEAK,1.0,2026-07-19 11:42:19
ICICIBANK,Mar 2015,NPM,23.55,VALID,Net Profit / Sales * 100,profitandloss,EXCELLENT,1.0,2026-07-19 11:42:19
ICICIBANK,Mar 2015,OPM,70.53,OPM_MISMATCH,Operating Profit / Sales * 100,profitandloss,EXCELLENT,1.0,2026-07-19 11:42:19
ICICIBANK,Mar 2015,ROE,15.28,VALID,PAT / (Equity + Reserves) * 100,profitandloss + balancesheet,GOOD,1.0,2026-07-19 11:42:19
ICICIBANK,Mar 2015,ROCE,5.68,VALID,EBIT / Capital Employed * 100,profitandloss + balancesheet,WEAK,1.0,2026-07-19 11:42:19
ICICIBANK,Mar 2015,ROA,1.57,VALID,PAT / Total Assets * 100,profitandloss + balancesheet,WEAK,1.0,2026-07-19 11:42:19
ICICIBANK,Mar 2016,NPM,18.43,VALID,Net Profit / Sales * 100,profitandloss,EXCELLENT,1.0,2026-07-19 11:42:19
ICICIBANK,Mar 2016,OPM,88.12,OPM_MISMATCH,Operating Profit / Sales * 100,profitandloss,EXCELLENT,1.0,2026-07-19 11:42:19
ICICIBANK,Mar 2016,ROE,11.61,VALID,PAT / (Equity + Reserves) * 100,profitandloss + balancesheet,AVERAGE,1.0,2026-07-19 11:42:19
ICICIBANK,Mar 2016,ROCE,6.83,VALID,EBIT / Capital Employed * 100,profitandloss + balancesheet,WEAK,1.0,2026-07-19 11:42:19
ICICIBANK,Mar 2016,ROA,1.19,VALID,PAT / Total Assets * 100,profitandloss + balancesheet,WEAK,1.0,2026-07-19 11:42:19
ICICIBANK,Mar 2017,NPM,18.61,VALID,Net Profit / Sales * 100,profitandloss,EXCELLENT,1.0,2026-07-19 11:42:19
ICICIBANK,Mar 2017,OPM,104.76,OPM_MISMATCH,Operating Profit / Sales * 100,profitandloss,EXCELLENT,1.0,2026-07-19 11:42:19
ICICIBANK,Mar 2017,ROE,10.84,VALID,PAT / (Equity + Reserves) * 100,profitandloss + balancesheet,AVERAGE,1.0,2026-07-19 11:42:19
ICICIBANK,Mar 2017,ROCE,7.93,VALID,EBIT / Capital Employed * 100,profitandloss + balancesheet,WEAK,1.0,2026-07-19 11:42:19
ICICIBANK,Mar 2017,ROA,1.15,VALID,PAT / Total Assets * 100,profitandloss + balancesheet,WEAK,1.0,2026-07-19 11:42:19
ICICIBANK,Mar 2018,NPM,14.64,VALID,Net Profit / Sales * 100,profitandloss,GOOD,1.0,2026-07-19 11:42:19
ICICIBANK,Mar 2018,OPM,117.12,OPM_MISMATCH,Operating Profit / Sales * 100,profitandloss,EXCELLENT,1.0,2026-07-19 11:42:19
ICICIBANK,Mar 2018,ROE,8.23,VALID,PAT / (Equity + Reserves) * 100,profitandloss + balancesheet,WEAK,1.0,2026-07-19 11:42:19
ICICIBANK,Mar 2018,ROCE,7.86,VALID,EBIT / Capital Employed * 100,profitandloss + balancesheet,WEAK,1.0,2026-07-19 11:42:19
ICICIBANK,Mar 2018,ROA,0.81,VALID,PAT / Total Assets * 100,profitandloss + balancesheet,WEAK,1.0,2026-07-19 11:42:19
ICICIBANK,Mar 2019,NPM,7.9,VALID,Net Profit / Sales * 100,profitandloss,AVERAGE,1.0,2026-07-19 11:42:19
ICICIBANK,Mar 2019,OPM,116.38,OPM_MISMATCH,Operating Profit / Sales * 100,profitandloss,EXCELLENT,1.0,2026-07-19 11:42:19
ICICIBANK,Mar 2019,ROE,4.98,VALID,PAT / (Equity + Reserves) * 100,profitandloss + balancesheet,WEAK,1.0,2026-07-19 11:42:19
ICICIBANK,Mar 2019,ROCE,8.33,VALID,EBIT / Capital Employed * 100,profitandloss + balancesheet,WEAK,1.0,2026-07-19 11:42:19
ICICIBANK,Mar 2019,ROA,0.46,VALID,PAT / Total Assets * 100,profitandloss + balancesheet,WEAK,1.0,2026-07-19 11:42:19
ICICIBANK,Mar 2020,NPM,13.23,VALID,Net Profit / Sales * 100,profitandloss,GOOD,1.0,2026-07-19 11:42:19
ICICIBANK,Mar 2020,OPM,100.62,OPM_MISMATCH,Operating Profit / Sales * 100,profitandloss,EXCELLENT,1.0,2026-07-19 11:42:19
ICICIBANK,Mar 2020,ROE,9.13,VALID,PAT / (Equity + Reserves) * 100,profitandloss + balancesheet,WEAK,1.0,2026-07-19 11:42:19
ICICIBANK,Mar 2020,ROCE,7.5,VALID,EBIT / Capital Employed * 100,profitandloss + balancesheet,WEAK,1.0,2026-07-19 11:42:19
ICICIBANK,Mar 2020,ROA,0.82,VALID,PAT / Total Assets * 100,profitandloss + balancesheet,WEAK,1.0,2026-07-19 11:42:19
ICICIBANK,Mar 2021,NPM,22.84,VALID,Net Profit / Sales * 100,profitandloss,EXCELLENT,1.0,2026-07-19 11:42:19
ICICIBANK,Mar 2021,OPM,102.41,OPM_MISMATCH,Operating Profit / Sales * 100,profitandloss,EXCELLENT,1.0,2026-07-19 11:42:19
ICICIBANK,Mar 2021,ROE,12.92,VALID,PAT / (Equity + Reserves) * 100,profitandloss + balancesheet,AVERAGE,1.0,2026-07-19 11:42:19
ICICIBANK,Mar 2021,ROCE,7.24,VALID,EBIT / Capital Employed * 100,profitandloss + balancesheet,WEAK,1.0,2026-07-19 11:42:19
ICICIBANK,Mar 2021,ROA,1.29,VALID,PAT / Total Assets * 100,profitandloss + balancesheet,WEAK,1.0,2026-07-19 11:42:19
ICICIBANK,Mar 2022,NPM,27.82,VALID,Net Profit / Sales * 100,profitandloss,EXCELLENT,1.0,2026-07-19 11:42:19
ICICIBANK,Mar 2022,OPM,84.69,OPM_MISMATCH,Operating Profit / Sales * 100,profitandloss,EXCELLENT,1.0,2026-07-19 11:42:19
ICICIBANK,Mar 2022,ROE,14.58,VALID,PAT / (Equity + Reserves) * 100,profitandloss + balancesheet,AVERAGE,1.0,2026-07-19 11:42:19
ICICIBANK,Mar 2022,ROCE,5.63,VALID,EBIT / Capital Employed * 100,profitandloss + balancesheet,WEAK,1.0,2026-07-19 11:42:19
ICICIBANK,Mar 2022,ROA,1.51,VALID,PAT / Total Assets * 100,profitandloss + balancesheet,WEAK,1.0,2026-07-19 11:42:19
ICICIBANK,Mar 2023,NPM,29.29,VALID,Net Profit / Sales * 100,profitandloss,EXCELLENT,1.0,2026-07-19 11:42:19
ICICIBANK,Mar 2023,OPM,72.57,OPM_MISMATCH,Operating Profit / Sales * 100,profitandloss,EXCELLENT,1.0,2026-07-19 11:42:19
ICICIBANK,Mar 2023,ROE,16.53,VALID,PAT / (Equity + Reserves) * 100,profitandloss + balancesheet,GOOD,1.0,2026-07-19 11:42:19
ICICIBANK,Mar 2023,ROCE,5.44,VALID,EBIT / Capital Employed * 100,profitandloss + balancesheet,WEAK,1.0,2026-07-19 11:42:19
ICICIBANK,Mar 2023,ROA,1.81,VALID,PAT / Total Assets * 100,profitandloss + balancesheet,WEAK,1.0,2026-07-19 11:42:19
ICICIBANK,Mar 2024,NPM,28.89,VALID,Net Profit / Sales * 100,profitandloss,EXCELLENT,1.0,2026-07-19 11:42:19
ICICIBANK,Mar 2024,OPM,62.41,OPM_MISMATCH,Operating Profit / Sales * 100,profitandloss,EXCELLENT,1.0,2026-07-19 11:42:19
ICICIBANK,Mar 2024,ROE,17.99,VALID,PAT / (Equity + Reserves) * 100,profitandloss + balancesheet,GOOD,1.0,2026-07-19 11:42:19
ICICIBANK,Mar 2024,ROCE,5.22,VALID,EBIT / Capital Employed * 100,profitandloss + balancesheet,WEAK,1.0,2026-07-19 11:42:19
ICICIBANK,Mar 2024,ROA,1.95,VALID,PAT / Total Assets * 100,profitandloss + balancesheet,WEAK,1.0,2026-07-19 11:42:19
ICICIGI,Mar 2013,NPM,8.8,VALID,Net Profit / Sales * 100,profitandloss,AVERAGE,1.0,2026-07-19 11:42:19
ICICIGI,Mar 2013,OPM,104.46,OPM_MISMATCH,Operating Profit / Sales * 100,profitandloss,EXCELLENT,1.0,2026-07-19 11:42:19
ICICIGI,Mar 2013,ROE,18.88,VALID,PAT / (Equity + Reserves) * 100,profitandloss + balancesheet,GOOD,1.0,2026-07-19 11:42:19
ICICIGI,Mar 2013,ROCE,224.12,VALID,EBIT / Capital Employed * 100,profitandloss + balancesheet,EXCELLENT,1.0,2026-07-19 11:42:19
ICICIGI,Mar 2013,ROA,2.79,VALID,PAT / Total Assets * 100,profitandloss + balancesheet,WEAK,1.0,2026-07-19 11:42:19
ICICIGI,Mar 2014,NPM,11.95,VALID,Net Profit / Sales * 100,profitandloss,GOOD,1.0,2026-07-19 11:42:19
ICICIGI,Mar 2014,OPM,105.19,OPM_MISMATCH,Operating Profit / Sales * 100,profitandloss,EXCELLENT,1.0,2026-07-19 11:42:19
ICICIGI,Mar 2014,ROE,21.72,VALID,PAT / (Equity + Reserves) * 100,profitandloss + balancesheet,EXCELLENT,1.0,2026-07-19 11:42:19
ICICIGI,Mar 2014,ROCE,191.23,VALID,EBIT / Capital Employed * 100,profitandloss + balancesheet,EXCELLENT,1.0,2026-07-19 11:42:19
ICICIGI,Mar 2014,ROA,3.53,VALID,PAT / Total Assets * 100,profitandloss + balancesheet,WEAK,1.0,2026-07-19 11:42:19
ICICIGI,Mar 2015,NPM,13.82,VALID,Net Profit / Sales * 100,profitandloss,GOOD,1.0,2026-07-19 11:42:19
ICICIGI,Mar 2015,OPM,105.24,OPM_MISMATCH,Operating Profit / Sales * 100,profitandloss,EXCELLENT,1.0,2026-07-19 11:42:19
ICICIGI,Mar 2015,ROE,20.27,VALID,PAT / (Equity + Reserves) * 100,profitandloss + balancesheet,EXCELLENT,1.0,2026-07-19 11:42:19
ICICIGI,Mar 2015,ROCE,154.4,VALID,EBIT / Capital Employed * 100,profitandloss + balancesheet,EXCELLENT,1.0,2026-07-19 11:42:19
ICICIGI,Mar 2015,ROA,3.99,VALID,PAT / Total Assets * 100,profitandloss + balancesheet,WEAK,1.0,2026-07-19 11:42:19
ICICIGI,Mar 2016,NPM,8.4,VALID,Net Profit / Sales * 100,profitandloss,AVERAGE,1.0,2026-07-19 11:42:19
ICICIGI,Mar 2016,OPM,87.34,OPM_MISMATCH,Operating Profit / Sales * 100,profitandloss,EXCELLENT,1.0,2026-07-19 11:42:19
ICICIGI,Mar 2016,ROE,15.66,VALID,PAT / (Equity + Reserves) * 100,profitandloss + balancesheet,GOOD,1.0,2026-07-19 11:42:19
ICICIGI,Mar 2016,ROCE,162.77,VALID,EBIT / Capital Employed * 100,profitandloss + balancesheet,EXCELLENT,1.0,2026-07-19 11:42:19
ICICIGI,Mar 2016,ROA,3.23,VALID,PAT / Total Assets * 100,profitandloss + balancesheet,WEAK,1.0,2026-07-19 11:42:19
ICICIGI,Mar 2017,NPM,9.34,VALID,Net Profit / Sales * 100,profitandloss,AVERAGE,1.0,2026-07-19 11:42:19
ICICIGI,Mar 2017,OPM,87.78,OPM_MISMATCH,Operating Profit / Sales * 100,profitandloss,EXCELLENT,1.0,2026-07-19 11:42:19
ICICIGI,Mar 2017,ROE,18.0,VALID,PAT / (Equity + Reserves) * 100,profitandloss + balancesheet,GOOD,1.0,2026-07-19 11:42:19
ICICIGI,Mar 2017,ROCE,150.5,VALID,EBIT / Capital Employed * 100,profitandloss + balancesheet,EXCELLENT,1.0,2026-07-19 11:42:19
ICICIGI,Mar 2017,ROA,3.01,VALID,PAT / Total Assets * 100,profitandloss + balancesheet,WEAK,1.0,2026-07-19 11:42:19
ICICIGI,Mar 2018,NPM,12.47,VALID,Net Profit / Sales * 100,profitandloss,GOOD,1.0,2026-07-19 11:42:19
ICICIGI,Mar 2018,OPM,103.79,OPM_MISMATCH,Operating Profit / Sales * 100,profitandloss,EXCELLENT,1.0,2026-07-19 11:42:19
ICICIGI,Mar 2018,ROE,18.98,VALID,PAT / (Equity + Reserves) * 100,profitandloss + balancesheet,GOOD,1.0,2026-07-19 11:42:19
ICICIGI,Mar 2018,ROCE,142.74,VALID,EBIT / Capital Employed * 100,profitandloss + balancesheet,EXCELLENT,1.0,2026-07-19 11:42:19
ICICIGI,Mar 2018,ROA,2.9,VALID,PAT / Total Assets * 100,profitandloss + balancesheet,WEAK,1.0,2026-07-19 11:42:19
ICICIGI,Mar 2019,NPM,9.4,VALID,Net Profit / Sales * 100,profitandloss,AVERAGE,1.0,2026-07-19 11:42:19
ICICIGI,Mar 2019,OPM,85.05,OPM_MISMATCH,Operating Profit / Sales * 100,profitandloss,EXCELLENT,1.0,2026-07-19 11:42:19
ICICIGI,Mar 2019,ROE,19.43,VALID,PAT / (Equity + Reserves) * 100,profitandloss + balancesheet,GOOD,1.0,2026-07-19 11:42:19
ICICIGI,Mar 2019,ROCE,161.33,VALID,EBIT / Capital Employed * 100,profitandloss + balancesheet,EXCELLENT,1.0,2026-07-19 11:42:19
ICICIGI,Mar 2019,ROA,3.14,VALID,PAT / Total Assets * 100,profitandloss + balancesheet,WEAK,1.0,2026-07-19 11:42:19
ICICIGI,Mar 2020,NPM,10.37,VALID,Net Profit / Sales * 100,profitandloss,GOOD,1.0,2026-07-19 11:42:19
ICICIGI,Mar 2020,OPM,84.61,OPM_MISMATCH,Operating Profit / Sales * 100,profitandloss,EXCELLENT,1.0,2026-07-19 11:42:19
ICICIGI,Mar 2020,ROE,19.47,VALID,PAT / (Equity + Reserves) * 100,profitandloss + balancesheet,GOOD,1.0,2026-07-19 11:42:19
ICICIGI,Mar 2020,ROCE,147.23,VALID,EBIT / Capital Employed * 100,profitandloss + balancesheet,EXCELLENT,1.0,2026-07-19 11:42:19
ICICIGI,Mar 2020,ROA,3.22,VALID,PAT / Total Assets * 100,profitandloss + balancesheet,WEAK,1.0,2026-07-19 11:42:19
ICICIGI,Mar 2021,NPM,12.11,VALID,Net Profit / Sales * 100,profitandloss,GOOD,1.0,2026-07-19 11:42:19
ICICIGI,Mar 2021,OPM,82.97,OPM_MISMATCH,Operating Profit / Sales * 100,profitandloss,EXCELLENT,1.0,2026-07-19 11:42:19
ICICIGI,Mar 2021,ROE,19.38,VALID,PAT / (Equity + Reserves) * 100,profitandloss + balancesheet,GOOD,1.0,2026-07-19 11:42:19
ICICIGI,Mar 2021,ROCE,124.81,VALID,EBIT / Capital Employed * 100,profitandloss + balancesheet,EXCELLENT,1.0,2026-07-19 11:42:19
ICICIGI,Mar 2021,ROA,3.75,VALID,PAT / Total Assets * 100,profitandloss + balancesheet,WEAK,1.0,2026-07-19 11:42:19
ICICIGI,Mar 2022,NPM,7.93,VALID,Net Profit / Sales * 100,profitandloss,AVERAGE,1.0,2026-07-19 11:42:19
ICICIGI,Mar 2022,OPM,93.66,OPM_MISMATCH,Operating Profit / Sales * 100,profitandloss,EXCELLENT,1.0,2026-07-19 11:42:19
ICICIGI,Mar 2022,ROE,13.83,VALID,PAT / (Equity + Reserves) * 100,profitandloss + balancesheet,AVERAGE,1.0,2026-07-19 11:42:19
ICICIGI,Mar 2022,ROCE,158.87,VALID,EBIT / Capital Employed * 100,profitandloss + balancesheet,EXCELLENT,1.0,2026-07-19 11:42:19
ICICIGI,Mar 2022,ROA,2.5,VALID,PAT / Total Assets * 100,profitandloss + balancesheet,WEAK,1.0,2026-07-19 11:42:19
ICICIGI,Mar 2023,NPM,9.67,VALID,Net Profit / Sales * 100,profitandloss,AVERAGE,1.0,2026-07-19 11:42:19
ICICIGI,Mar 2023,OPM,92.93,OPM_MISMATCH,Operating Profit / Sales * 100,profitandloss,EXCELLENT,1.0,2026-07-19 11:42:19
ICICIGI,Mar 2023,ROE,16.55,VALID,PAT / (Equity + Reserves) * 100,profitandloss + balancesheet,GOOD,1.0,2026-07-19 11:42:19
ICICIGI,Mar 2023,ROCE,158.53,VALID,EBIT / Capital Employed * 100,profitandloss + balancesheet,EXCELLENT,1.0,2026-07-19 11:42:19
ICICIGI,Mar 2023,ROA,3.14,VALID,PAT / Total Assets * 100,profitandloss + balancesheet,WEAK,1.0,2026-07-19 11:42:19
ICICIGI,Mar 2024,NPM,9.37,VALID,Net Profit / Sales * 100,profitandloss,AVERAGE,1.0,2026-07-19 11:42:19
ICICIGI,Mar 2024,OPM,87.42,OPM_MISMATCH,Operating Profit / Sales * 100,profitandloss,EXCELLENT,1.0,2026-07-19 11:42:19
ICICIGI,Mar 2024,ROE,15.72,VALID,PAT / (Equity + Reserves) * 100,profitandloss + balancesheet,GOOD,1.0,2026-07-19 11:42:19
ICICIGI,Mar 2024,ROCE,146.32,VALID,EBIT / Capital Employed * 100,profitandloss + balancesheet,EXCELLENT,1.0,2026-07-19 11:42:19
ICICIGI,Mar 2024,ROA,3.03,VALID,PAT / Total Assets * 100,profitandloss + balancesheet,WEAK,1.0,2026-07-19 11:42:19
ICICIPRULI,Mar 2013,NPM,7.57,VALID,Net Profit / Sales * 100,profitandloss,AVERAGE,1.0,2026-07-19 11:42:19
ICICIPRULI,Mar 2013,OPM,96.28,OPM_MISMATCH,Operating Profit / Sales * 100,profitandloss,EXCELLENT,1.0,2026-07-19 11:42:19
ICICIPRULI,Mar 2013,ROE,38.25,VALID,PAT / (Equity + Reserves) * 100,profitandloss + balancesheet,EXCELLENT,1.0,2026-07-19 11:42:19
ICICIPRULI,Mar 2013,ROCE,486.75,VALID,EBIT / Capital Employed * 100,profitandloss + balancesheet,EXCELLENT,1.0,2026-07-19 11:42:19
ICICIPRULI,Mar 2013,ROA,2.01,VALID,PAT / Total Assets * 100,profitandloss + balancesheet,WEAK,1.0,2026-07-19 11:42:19
ICICIPRULI,Mar 2014,NPM,7.13,VALID,Net Profit / Sales * 100,profitandloss,AVERAGE,1.0,2026-07-19 11:42:19
ICICIPRULI,Mar 2014,OPM,93.13,OPM_MISMATCH,Operating Profit / Sales * 100,profitandloss,EXCELLENT,1.0,2026-07-19 11:42:19
ICICIPRULI,Mar 2014,ROE,35.61,VALID,PAT / (Equity + Reserves) * 100,profitandloss + balancesheet,EXCELLENT,1.0,2026-07-19 11:42:19
ICICIPRULI,Mar 2014,ROCE,465.07,VALID,EBIT / Capital Employed * 100,profitandloss + balancesheet,EXCELLENT,1.0,2026-07-19 11:42:19
ICICIPRULI,Mar 2014,ROA,1.92,VALID,PAT / Total Assets * 100,profitandloss + balancesheet,WEAK,1.0,2026-07-19 11:42:19
ICICIPRULI,Mar 2015,NPM,4.76,VALID,Net Profit / Sales * 100,profitandloss,WEAK,1.0,2026-07-19 11:42:19
ICICIPRULI,Mar 2015,OPM,95.2,OPM_MISMATCH,Operating Profit / Sales * 100,profitandloss,EXCELLENT,1.0,2026-07-19 11:42:19
ICICIPRULI,Mar 2015,ROE,31.15,VALID,PAT / (Equity + Reserves) * 100,profitandloss + balancesheet,EXCELLENT,1.0,2026-07-19 11:42:19
ICICIPRULI,Mar 2015,ROCE,622.94,VALID,EBIT / Capital Employed * 100,profitandloss + balancesheet,EXCELLENT,1.0,2026-07-19 11:42:19
ICICIPRULI,Mar 2015,ROA,1.62,VALID,PAT / Total Assets * 100,profitandloss + balancesheet,WEAK,1.0,2026-07-19 11:42:19
ICICIPRULI,Mar 2016,NPM,7.91,VALID,Net Profit / Sales * 100,profitandloss,AVERAGE,1.0,2026-07-19 11:42:19
ICICIPRULI,Mar 2016,OPM,91.17,OPM_MISMATCH,Operating Profit / Sales * 100,profitandloss,EXCELLENT,1.0,2026-07-19 11:42:19
ICICIPRULI,Mar 2016,ROE,31.0,VALID,PAT / (Equity + Reserves) * 100,profitandloss + balancesheet,EXCELLENT,1.0,2026-07-19 11:42:19
ICICIPRULI,Mar 2016,ROCE,299.24,VALID,EBIT / Capital Employed * 100,profitandloss + balancesheet,EXCELLENT,1.0,2026-07-19 11:42:19
ICICIPRULI,Mar 2016,ROA,1.57,VALID,PAT / Total Assets * 100,profitandloss + balancesheet,WEAK,1.0,2026-07-19 11:42:19
ICICIPRULI,Mar 2017,NPM,4.45,VALID,Net Profit / Sales * 100,profitandloss,WEAK,1.0,2026-07-19 11:42:19
ICICIPRULI,Mar 2017,OPM,95.22,OPM_MISMATCH,Operating Profit / Sales * 100,profitandloss,EXCELLENT,1.0,2026-07-19 11:42:19
ICICIPRULI,Mar 2017,ROE,26.26,VALID,PAT / (Equity + Reserves) * 100,profitandloss + balancesheet,EXCELLENT,1.0,2026-07-19 11:42:19
ICICIPRULI,Mar 2017,ROCE,562.13,VALID,EBIT / Capital Employed * 100,profitandloss + balancesheet,EXCELLENT,1.0,2026-07-19 11:42:19
ICICIPRULI,Mar 2017,ROA,1.35,VALID,PAT / Total Assets * 100,profitandloss + balancesheet,WEAK,1.0,2026-07-19 11:42:19
ICICIPRULI,Mar 2018,NPM,4.17,VALID,Net Profit / Sales * 100,profitandloss,WEAK,1.0,2026-07-19 11:42:19
ICICIPRULI,Mar 2018,OPM,95.44,OPM_MISMATCH,Operating Profit / Sales * 100,profitandloss,EXCELLENT,1.0,2026-07-19 11:42:19
ICICIPRULI,Mar 2018,ROE,24.63,VALID,PAT / (Equity + Reserves) * 100,profitandloss + balancesheet,EXCELLENT,1.0,2026-07-19 11:42:19
ICICIPRULI,Mar 2018,ROCE,563.77,VALID,EBIT / Capital Employed * 100,profitandloss + balancesheet,EXCELLENT,1.0,2026-07-19 11:42:19
ICICIPRULI,Mar 2018,ROA,1.14,VALID,PAT / Total Assets * 100,profitandloss + balancesheet,WEAK,1.0,2026-07-19 11:42:19
ICICIPRULI,Mar 2019,NPM,2.75,VALID,Net Profit / Sales * 100,profitandloss,WEAK,1.0,2026-07-19 11:42:19
ICICIPRULI,Mar 2019,OPM,98.7,OPM_MISMATCH,Operating Profit / Sales * 100,profitandloss,EXCELLENT,1.0,2026-07-19 11:42:19
ICICIPRULI,Mar 2019,ROE,16.58,VALID,PAT / (Equity + Reserves) * 100,profitandloss + balancesheet,GOOD,1.0,2026-07-19 11:42:19
ICICIPRULI,Mar 2019,ROCE,595.58,VALID,EBIT / Capital Employed * 100,profitandloss + balancesheet,EXCELLENT,1.0,2026-07-19 11:42:19
ICICIPRULI,Mar 2019,ROA,0.7,VALID,PAT / Total Assets * 100,profitandloss + balancesheet,WEAK,1.0,2026-07-19 11:42:19
ICICIPRULI,Mar 2020,NPM,5.07,VALID,Net Profit / Sales * 100,profitandloss,AVERAGE,1.0,2026-07-19 11:42:19
ICICIPRULI,Mar 2020,OPM,101.52,OPM_MISMATCH,Operating Profit / Sales * 100,profitandloss,EXCELLENT,1.0,2026-07-19 11:42:19
ICICIPRULI,Mar 2020,ROE,14.79,VALID,PAT / (Equity + Reserves) * 100,profitandloss + balancesheet,AVERAGE,1.0,2026-07-19 11:42:19
ICICIPRULI,Mar 2020,ROCE,295.91,VALID,EBIT / Capital Employed * 100,profitandloss + balancesheet,EXCELLENT,1.0,2026-07-19 11:42:19
ICICIPRULI,Mar 2020,ROA,0.68,VALID,PAT / Total Assets * 100,profitandloss + balancesheet,WEAK,1.0,2026-07-19 11:42:19
ICICIPRULI,Mar 2021,NPM,1.15,VALID,Net Profit / Sales * 100,profitandloss,WEAK,1.0,2026-07-19 11:42:19
ICICIPRULI,Mar 2021,OPM,100.47,OPM_MISMATCH,Operating Profit / Sales * 100,profitandloss,EXCELLENT,1.0,2026-07-19 11:42:19
ICICIPRULI,Mar 2021,ROE,10.5,VALID,PAT / (Equity + Reserves) * 100,profitandloss + balancesheet,AVERAGE,1.0,2026-07-19 11:42:19
ICICIPRULI,Mar 2021,ROCE,810.67,VALID,EBIT / Capital Employed * 100,profitandloss + balancesheet,EXCELLENT,1.0,2026-07-19 11:42:19
ICICIPRULI,Mar 2021,ROA,0.44,VALID,PAT / Total Assets * 100,profitandloss + balancesheet,WEAK,1.0,2026-07-19 11:42:19
ICICIPRULI,Mar 2022,NPM,1.19,VALID,Net Profit / Sales * 100,profitandloss,WEAK,1.0,2026-07-19 11:42:19
ICICIPRULI,Mar 2022,OPM,103.4,OPM_MISMATCH,Operating Profit / Sales * 100,profitandloss,EXCELLENT,1.0,2026-07-19 11:42:19
ICICIPRULI,Mar 2022,ROE,8.29,VALID,PAT / (Equity + Reserves) * 100,profitandloss + balancesheet,WEAK,1.0,2026-07-19 11:42:19
ICICIPRULI,Mar 2022,ROCE,634.56,VALID,EBIT / Capital Employed * 100,profitandloss + balancesheet,EXCELLENT,1.0,2026-07-19 11:42:19
ICICIPRULI,Mar 2022,ROA,0.31,VALID,PAT / Total Assets * 100,profitandloss + balancesheet,WEAK,1.0,2026-07-19 11:42:19
ICICIPRULI,Mar 2023,NPM,1.61,VALID,Net Profit / Sales * 100,profitandloss,WEAK,1.0,2026-07-19 11:42:19
ICICIPRULI,Mar 2023,OPM,103.48,OPM_MISMATCH,Operating Profit / Sales * 100,profitandloss,EXCELLENT,1.0,2026-07-19 11:42:19
ICICIPRULI,Mar 2023,ROE,8.06,VALID,PAT / (Equity + Reserves) * 100,profitandloss + balancesheet,WEAK,1.0,2026-07-19 11:42:19
ICICIPRULI,Mar 2023,ROCE,462.67,VALID,EBIT / Capital Employed * 100,profitandloss + balancesheet,EXCELLENT,1.0,2026-07-19 11:42:19
ICICIPRULI,Mar 2023,ROA,0.32,VALID,PAT / Total Assets * 100,profitandloss + balancesheet,WEAK,1.0,2026-07-19 11:42:19
ICICIPRULI,Mar 2024,NPM,0.94,VALID,Net Profit / Sales * 100,profitandloss,WEAK,1.0,2026-07-19 11:42:19
ICICIPRULI,Mar 2024,OPM,102.03,OPM_MISMATCH,Operating Profit / Sales * 100,profitandloss,EXCELLENT,1.0,2026-07-19 11:42:19
ICICIPRULI,Mar 2024,ROE,7.73,VALID,PAT / (Equity + Reserves) * 100,profitandloss + balancesheet,WEAK,1.0,2026-07-19 11:42:19
ICICIPRULI,Mar 2024,ROCE,754.9,VALID,EBIT / Capital Employed * 100,profitandloss + balancesheet,EXCELLENT,1.0,2026-07-19 11:42:19
ICICIPRULI,Mar 2024,ROA,0.28,VALID,PAT / Total Assets * 100,profitandloss + balancesheet,WEAK,1.0,2026-07-19 11:42:19
INDUSINDBK,Mar 2013,NPM,15.19,VALID,Net Profit / Sales * 100,profitandloss,EXCELLENT,1.0,2026-07-19 11:42:19
INDUSINDBK,Mar 2013,OPM,27.88,OPM_MISMATCH,Operating Profit / Sales * 100,profitandloss,EXCELLENT,1.0,2026-07-19 11:42:19
INDUSINDBK,Mar 2013,ROE,13.91,VALID,PAT / (Equity + Reserves) * 100,profitandloss + balancesheet,AVERAGE,1.0,2026-07-19 11:42:19
INDUSINDBK,Mar 2013,ROCE,2.73,VALID,EBIT / Capital Employed * 100,profitandloss + balancesheet,WEAK,1.0,2026-07-19 11:42:19
INDUSINDBK,Mar 2013,ROA,1.45,VALID,PAT / Total Assets * 100,profitandloss + balancesheet,WEAK,1.0,2026-07-19 11:42:19
INDUSINDBK,Mar 2014,NPM,17.06,VALID,Net Profit / Sales * 100,profitandloss,EXCELLENT,1.0,2026-07-19 11:42:19
INDUSINDBK,Mar 2014,OPM,30.95,OPM_MISMATCH,Operating Profit / Sales * 100,profitandloss,EXCELLENT,1.0,2026-07-19 11:42:19
INDUSINDBK,Mar 2014,ROE,15.57,VALID,PAT / (Equity + Reserves) * 100,profitandloss + balancesheet,GOOD,1.0,2026-07-19 11:42:19
INDUSINDBK,Mar 2014,ROCE,3.03,VALID,EBIT / Capital Employed * 100,profitandloss + balancesheet,WEAK,1.0,2026-07-19 11:42:19
INDUSINDBK,Mar 2014,ROA,1.62,VALID,PAT / Total Assets * 100,profitandloss + balancesheet,WEAK,1.0,2026-07-19 11:42:19
INDUSINDBK,Mar 2015,NPM,18.51,VALID,Net Profit / Sales * 100,profitandloss,EXCELLENT,1.0,2026-07-19 11:42:19
INDUSINDBK,Mar 2015,OPM,32.33,OPM_MISMATCH,Operating Profit / Sales * 100,profitandloss,EXCELLENT,1.0,2026-07-19 11:42:19
INDUSINDBK,Mar 2015,ROE,16.85,VALID,PAT / (Equity + Reserves) * 100,profitandloss + balancesheet,GOOD,1.0,2026-07-19 11:42:19
INDUSINDBK,Mar 2015,ROCE,2.97,VALID,EBIT / Capital Employed * 100,profitandloss + balancesheet,WEAK,1.0,2026-07-19 11:42:19
INDUSINDBK,Mar 2015,ROA,1.6,VALID,PAT / Total Assets * 100,profitandloss + balancesheet,WEAK,1.0,2026-07-19 11:42:19
INDUSINDBK,Mar 2016,NPM,19.26,VALID,Net Profit / Sales * 100,profitandloss,EXCELLENT,1.0,2026-07-19 11:42:19
INDUSINDBK,Mar 2016,OPM,35.28,OPM_MISMATCH,Operating Profit / Sales * 100,profitandloss,EXCELLENT,1.0,2026-07-19 11:42:19
INDUSINDBK,Mar 2016,ROE,12.92,VALID,PAT / (Equity + Reserves) * 100,profitandloss + balancesheet,AVERAGE,1.0,2026-07-19 11:42:19
INDUSINDBK,Mar 2016,ROCE,3.09,VALID,EBIT / Capital Employed * 100,profitandloss + balancesheet,WEAK,1.0,2026-07-19 11:42:19
INDUSINDBK,Mar 2016,ROA,1.6,VALID,PAT / Total Assets * 100,profitandloss + balancesheet,WEAK,1.0,2026-07-19 11:42:19
INDUSINDBK,Mar 2017,NPM,19.91,VALID,Net Profit / Sales * 100,profitandloss,EXCELLENT,1.0,2026-07-19 11:42:19
INDUSINDBK,Mar 2017,OPM,39.46,OPM_MISMATCH,Operating Profit / Sales * 100,profitandloss,EXCELLENT,1.0,2026-07-19 11:42:19
INDUSINDBK,Mar 2017,ROE,13.89,VALID,PAT / (Equity + Reserves) * 100,profitandloss + balancesheet,AVERAGE,1.0,2026-07-19 11:42:19
INDUSINDBK,Mar 2017,ROCE,3.35,VALID,EBIT / Capital Employed * 100,profitandloss + balancesheet,WEAK,1.0,2026-07-19 11:42:19
INDUSINDBK,Mar 2017,ROA,1.61,VALID,PAT / Total Assets * 100,profitandloss + balancesheet,WEAK,1.0,2026-07-19 11:42:19
INDUSINDBK,Mar 2018,NPM,20.87,VALID,Net Profit / Sales * 100,profitandloss,EXCELLENT,1.0,2026-07-19 11:42:19
INDUSINDBK,Mar 2018,OPM,37.93,OPM_MISMATCH,Operating Profit / Sales * 100,profitandloss,EXCELLENT,1.0,2026-07-19 11:42:19
INDUSINDBK,Mar 2018,ROE,15.13,VALID,PAT / (Equity + Reserves) * 100,profitandloss + balancesheet,GOOD,1.0,2026-07-19 11:42:19
INDUSINDBK,Mar 2018,ROCE,3.07,VALID,EBIT / Capital Employed * 100,profitandloss + balancesheet,WEAK,1.0,2026-07-19 11:42:19
INDUSINDBK,Mar 2018,ROA,1.63,VALID,PAT / Total Assets * 100,profitandloss + balancesheet,WEAK,1.0,2026-07-19 11:42:19
INDUSINDBK,Mar 2019,NPM,14.83,VALID,Net Profit / Sales * 100,profitandloss,GOOD,1.0,2026-07-19 11:42:19
INDUSINDBK,Mar 2019,OPM,41.7,OPM_MISMATCH,Operating Profit / Sales * 100,profitandloss,EXCELLENT,1.0,2026-07-19 11:42:19
INDUSINDBK,Mar 2019,ROE,12.37,VALID,PAT / (Equity + Reserves) * 100,profitandloss + balancesheet,AVERAGE,1.0,2026-07-19 11:42:19
INDUSINDBK,Mar 2019,ROCE,3.45,VALID,EBIT / Capital Employed * 100,profitandloss + balancesheet,WEAK,1.0,2026-07-19 11:42:19
INDUSINDBK,Mar 2019,ROA,1.19,VALID,PAT / Total Assets * 100,profitandloss + balancesheet,WEAK,1.0,2026-07-19 11:42:19
INDUSINDBK,Mar 2020,NPM,15.35,VALID,Net Profit / Sales * 100,profitandloss,EXCELLENT,1.0,2026-07-19 11:42:19
INDUSINDBK,Mar 2020,OPM,43.81,OPM_MISMATCH,Operating Profit / Sales * 100,profitandloss,EXCELLENT,1.0,2026-07-19 11:42:19
INDUSINDBK,Mar 2020,ROE,12.73,VALID,PAT / (Equity + Reserves) * 100,profitandloss + balancesheet,AVERAGE,1.0,2026-07-19 11:42:19
INDUSINDBK,Mar 2020,ROCE,4.24,VALID,EBIT / Capital Employed * 100,profitandloss + balancesheet,WEAK,1.0,2026-07-19 11:42:19
INDUSINDBK,Mar 2020,ROA,1.44,VALID,PAT / Total Assets * 100,profitandloss + balancesheet,WEAK,1.0,2026-07-19 11:42:19
INDUSINDBK,Mar 2021,NPM,9.78,VALID,Net Profit / Sales * 100,profitandloss,AVERAGE,1.0,2026-07-19 11:42:19
INDUSINDBK,Mar 2021,OPM,55.16,OPM_MISMATCH,Operating Profit / Sales * 100,profitandloss,EXCELLENT,1.0,2026-07-19 11:42:19
INDUSINDBK,Mar 2021,ROE,6.54,VALID,PAT / (Equity + Reserves) * 100,profitandloss + balancesheet,WEAK,1.0,2026-07-19 11:42:19
INDUSINDBK,Mar 2021,ROCE,4.56,VALID,EBIT / Capital Employed * 100,profitandloss + balancesheet,WEAK,1.0,2026-07-19 11:42:19
INDUSINDBK,Mar 2021,ROA,0.78,VALID,PAT / Total Assets * 100,profitandloss + balancesheet,WEAK,1.0,2026-07-19 11:42:19
INDUSINDBK,Mar 2022,NPM,14.96,VALID,Net Profit / Sales * 100,profitandloss,GOOD,1.0,2026-07-19 11:42:19
INDUSINDBK,Mar 2022,OPM,51.39,OPM_MISMATCH,Operating Profit / Sales * 100,profitandloss,EXCELLENT,1.0,2026-07-19 11:42:19
INDUSINDBK,Mar 2022,ROE,9.67,VALID,PAT / (Equity + Reserves) * 100,profitandloss + balancesheet,WEAK,1.0,2026-07-19 11:42:19
INDUSINDBK,Mar 2022,ROCE,4.08,VALID,EBIT / Capital Employed * 100,profitandloss + balancesheet,WEAK,1.0,2026-07-19 11:42:19
INDUSINDBK,Mar 2022,ROA,1.15,VALID,PAT / Total Assets * 100,profitandloss + balancesheet,WEAK,1.0,2026-07-19 11:42:19
INDUSINDBK,Mar 2023,NPM,20.32,VALID,Net Profit / Sales * 100,profitandloss,EXCELLENT,1.0,2026-07-19 11:42:19
INDUSINDBK,Mar 2023,OPM,42.69,OPM_MISMATCH,Operating Profit / Sales * 100,profitandloss,EXCELLENT,1.0,2026-07-19 11:42:19
INDUSINDBK,Mar 2023,ROE,13.53,VALID,PAT / (Equity + Reserves) * 100,profitandloss + balancesheet,AVERAGE,1.0,2026-07-19 11:42:19
INDUSINDBK,Mar 2023,ROCE,3.53,VALID,EBIT / Capital Employed * 100,profitandloss + balancesheet,WEAK,1.0,2026-07-19 11:42:19
INDUSINDBK,Mar 2023,ROA,1.61,VALID,PAT / Total Assets * 100,profitandloss + balancesheet,WEAK,1.0,2026-07-19 11:42:19
INDUSINDBK,Mar 2024,NPM,19.56,VALID,Net Profit / Sales * 100,profitandloss,EXCELLENT,1.0,2026-07-19 11:42:19
INDUSINDBK,Mar 2024,OPM,38.55,OPM_MISMATCH,Operating Profit / Sales * 100,profitandloss,EXCELLENT,1.0,2026-07-19 11:42:19
INDUSINDBK,Mar 2024,ROE,14.25,VALID,PAT / (Equity + Reserves) * 100,profitandloss + balancesheet,AVERAGE,1.0,2026-07-19 11:42:19
INDUSINDBK,Mar 2024,ROCE,3.56,VALID,EBIT / Capital Employed * 100,profitandloss + balancesheet,WEAK,1.0,2026-07-19 11:42:19
INDUSINDBK,Mar 2024,ROA,1.74,VALID,PAT / Total Assets * 100,profitandloss + balancesheet,WEAK,1.0,2026-07-19 11:42:19
INFY,Mar 2013,NPM,23.37,VALID,Net Profit / Sales * 100,profitandloss,EXCELLENT,1.0,2026-07-19 11:42:19
INFY,Mar 2013,OPM,28.59,VALID,Operating Profit / Sales * 100,profitandloss,EXCELLENT,1.0,2026-07-19 11:42:19
INFY,Mar 2013,ROE,24.82,VALID,PAT / (Equity + Reserves) * 100,profitandloss + balancesheet,EXCELLENT,1.0,2026-07-19 11:42:19
INFY,Mar 2013,ROCE,30.37,VALID,EBIT / Capital Employed * 100,profitandloss + balancesheet,EXCELLENT,1.0,2026-07-19 11:42:19
INFY,Mar 2013,ROA,20.38,VALID,PAT / Total Assets * 100,profitandloss + balancesheet,EXCELLENT,1.0,2026-07-19 11:42:19
INFY,Mar 2014,NPM,21.26,VALID,Net Profit / Sales * 100,profitandloss,EXCELLENT,1.0,2026-07-19 11:42:19
INFY,Mar 2014,OPM,26.71,VALID,Operating Profit / Sales * 100,profitandloss,EXCELLENT,1.0,2026-07-19 11:42:19
INFY,Mar 2014,ROE,23.93,VALID,PAT / (Equity + Reserves) * 100,profitandloss + balancesheet,EXCELLENT,1.0,2026-07-19 11:42:19
INFY,Mar 2014,ROCE,30.07,VALID,EBIT / Capital Employed * 100,profitandloss + balancesheet,EXCELLENT,1.0,2026-07-19 11:42:19
INFY,Mar 2014,ROA,18.71,VALID,PAT / Total Assets * 100,profitandloss + balancesheet,EXCELLENT,1.0,2026-07-19 11:42:19
INFY,Mar 2015,NPM,23.2,VALID,Net Profit / Sales * 100,profitandloss,EXCELLENT,1.0,2026-07-19 11:42:19
INFY,Mar 2015,OPM,27.91,VALID,Operating Profit / Sales * 100,profitandloss,EXCELLENT,1.0,2026-07-19 11:42:19
INFY,Mar 2015,ROE,24.39,VALID,PAT / (Equity + Reserves) * 100,profitandloss + balancesheet,EXCELLENT,1.0,2026-07-19 11:42:19
INFY,Mar 2015,ROCE,29.33,VALID,EBIT / Capital Employed * 100,profitandloss + balancesheet,EXCELLENT,1.0,2026-07-19 11:42:19
INFY,Mar 2015,ROA,18.66,VALID,PAT / Total Assets * 100,profitandloss + balancesheet,EXCELLENT,1.0,2026-07-19 11:42:19
INFY,Mar 2016,NPM,21.6,VALID,Net Profit / Sales * 100,profitandloss,EXCELLENT,1.0,2026-07-19 11:42:19
INFY,Mar 2016,OPM,27.35,VALID,Operating Profit / Sales * 100,profitandloss,EXCELLENT,1.0,2026-07-19 11:42:19
INFY,Mar 2016,ROE,21.85,VALID,PAT / (Equity + Reserves) * 100,profitandloss + balancesheet,EXCELLENT,1.0,2026-07-19 11:42:19
INFY,Mar 2016,ROCE,27.66,VALID,EBIT / Capital Employed * 100,profitandloss + balancesheet,EXCELLENT,1.0,2026-07-19 11:42:19
INFY,Mar 2016,ROA,17.96,VALID,PAT / Total Assets * 100,profitandloss + balancesheet,EXCELLENT,1.0,2026-07-19 11:42:19
INFY,Mar 2017,NPM,20.96,VALID,Net Profit / Sales * 100,profitandloss,EXCELLENT,1.0,2026-07-19 11:42:19
INFY,Mar 2017,OPM,27.17,VALID,Operating Profit / Sales * 100,profitandloss,EXCELLENT,1.0,2026-07-19 11:42:19
INFY,Mar 2017,ROE,20.81,VALID,PAT / (Equity + Reserves) * 100,profitandloss + balancesheet,EXCELLENT,1.0,2026-07-19 11:42:19
INFY,Mar 2017,ROCE,26.97,VALID,EBIT / Capital Employed * 100,profitandloss + balancesheet,EXCELLENT,1.0,2026-07-19 11:42:19
INFY,Mar 2017,ROA,17.26,VALID,PAT / Total Assets * 100,profitandloss + balancesheet,EXCELLENT,1.0,2026-07-19 11:42:19
INFY,Mar 2018,NPM,22.73,VALID,Net Profit / Sales * 100,profitandloss,EXCELLENT,1.0,2026-07-19 11:42:19
INFY,Mar 2018,OPM,26.69,VALID,Operating Profit / Sales * 100,profitandloss,EXCELLENT,1.0,2026-07-19 11:42:19
INFY,Mar 2018,ROE,24.69,VALID,PAT / (Equity + Reserves) * 100,profitandloss + balancesheet,EXCELLENT,1.0,2026-07-19 11:42:19
INFY,Mar 2018,ROCE,28.99,VALID,EBIT / Capital Employed * 100,profitandloss + balancesheet,EXCELLENT,1.0,2026-07-19 11:42:19
INFY,Mar 2018,ROA,20.2,VALID,PAT / Total Assets * 100,profitandloss + balancesheet,EXCELLENT,1.0,2026-07-19 11:42:19
INFY,Mar 2019,NPM,18.64,VALID,Net Profit / Sales * 100,profitandloss,EXCELLENT,1.0,2026-07-19 11:42:19
INFY,Mar 2019,OPM,24.4,VALID,Operating Profit / Sales * 100,profitandloss,GOOD,1.0,2026-07-19 11:42:19
INFY,Mar 2019,ROE,23.73,VALID,PAT / (Equity + Reserves) * 100,profitandloss + balancesheet,EXCELLENT,1.0,2026-07-19 11:42:19
INFY,Mar 2019,ROCE,31.06,VALID,EBIT / Capital Employed * 100,profitandloss + balancesheet,EXCELLENT,1.0,2026-07-19 11:42:19
INFY,Mar 2019,ROA,18.33,VALID,PAT / Total Assets * 100,profitandloss + balancesheet,EXCELLENT,1.0,2026-07-19 11:42:19
INFY,Mar 2020,NPM,18.33,VALID,Net Profit / Sales * 100,profitandloss,EXCELLENT,1.0,2026-07-19 11:42:19
INFY,Mar 2020,OPM,24.53,VALID,Operating Profit / Sales * 100,profitandloss,GOOD,1.0,2026-07-19 11:42:19
INFY,Mar 2020,ROE,25.42,VALID,PAT / (Equity + Reserves) * 100,profitandloss + balancesheet,EXCELLENT,1.0,2026-07-19 11:42:19
INFY,Mar 2020,ROCE,31.77,VALID,EBIT / Capital Employed * 100,profitandloss + balancesheet,EXCELLENT,1.0,2026-07-19 11:42:19
INFY,Mar 2020,ROA,18.13,VALID,PAT / Total Assets * 100,profitandloss + balancesheet,EXCELLENT,1.0,2026-07-19 11:42:19
INFY,Mar 2021,NPM,19.33,VALID,Net Profit / Sales * 100,profitandloss,EXCELLENT,1.0,2026-07-19 11:42:19
INFY,Mar 2021,OPM,27.76,VALID,Operating Profit / Sales * 100,profitandloss,EXCELLENT,1.0,2026-07-19 11:42:19
INFY,Mar 2021,ROE,25.44,VALID,PAT / (Equity + Reserves) * 100,profitandloss + balancesheet,EXCELLENT,1.0,2026-07-19 11:42:19
INFY,Mar 2021,ROCE,34.15,VALID,EBIT / Capital Employed * 100,profitandloss + balancesheet,EXCELLENT,1.0,2026-07-19 11:42:19
INFY,Mar 2021,ROA,18.07,VALID,PAT / Total Assets * 100,profitandloss + balancesheet,EXCELLENT,1.0,2026-07-19 11:42:19
INFY,Mar 2022,NPM,18.21,VALID,Net Profit / Sales * 100,profitandloss,EXCELLENT,1.0,2026-07-19 11:42:19
INFY,Mar 2022,OPM,25.89,VALID,Operating Profit / Sales * 100,profitandloss,EXCELLENT,1.0,2026-07-19 11:42:19
INFY,Mar 2022,ROE,29.39,VALID,PAT / (Equity + Reserves) * 100,profitandloss + balancesheet,EXCELLENT,1.0,2026-07-19 11:42:19
INFY,Mar 2022,ROCE,38.96,VALID,EBIT / Capital Employed * 100,profitandloss + balancesheet,EXCELLENT,1.0,2026-07-19 11:42:19
INFY,Mar 2022,ROA,18.97,VALID,PAT / Total Assets * 100,profitandloss + balancesheet,EXCELLENT,1.0,2026-07-19 11:42:19
INFY,Mar 2023,NPM,16.43,VALID,Net Profit / Sales * 100,profitandloss,EXCELLENT,1.0,2026-07-19 11:42:19
INFY,Mar 2023,OPM,23.94,VALID,Operating Profit / Sales * 100,profitandloss,GOOD,1.0,2026-07-19 11:42:19
INFY,Mar 2023,ROE,31.97,VALID,PAT / (Equity + Reserves) * 100,profitandloss + balancesheet,EXCELLENT,1.0,2026-07-19 11:42:19
INFY,Mar 2023,ROCE,41.97,VALID,EBIT / Capital Employed * 100,profitandloss + balancesheet,EXCELLENT,1.0,2026-07-19 11:42:19
INFY,Mar 2023,ROA,19.35,VALID,PAT / Total Assets * 100,profitandloss + balancesheet,EXCELLENT,1.0,2026-07-19 11:42:19
INFY,Mar 2024,NPM,17.08,VALID,Net Profit / Sales * 100,profitandloss,EXCELLENT,1.0,2026-07-19 11:42:19
INFY,Mar 2024,OPM,23.7,VALID,Operating Profit / Sales * 100,profitandloss,GOOD,1.0,2026-07-19 11:42:19
INFY,Mar 2024,ROE,29.79,VALID,PAT / (Equity + Reserves) * 100,profitandloss + balancesheet,EXCELLENT,1.0,2026-07-19 11:42:19
INFY,Mar 2024,ROCE,37.76,VALID,EBIT / Capital Employed * 100,profitandloss + balancesheet,EXCELLENT,1.0,2026-07-19 11:42:19
INFY,Mar 2024,ROA,19.3,VALID,PAT / Total Assets * 100,profitandloss + balancesheet,EXCELLENT,1.0,2026-07-19 11:42:19
IOC,Mar 2013,NPM,0.79,VALID,Net Profit / Sales * 100,profitandloss,WEAK,1.0,2026-07-19 11:42:19
IOC,Mar 2013,OPM,3.0,VALID,Operating Profit / Sales * 100,profitandloss,WEAK,1.0,2026-07-19 11:42:19
IOC,Mar 2013,ROE,5.75,VALID,PAT / (Equity + Reserves) * 100,profitandloss + balancesheet,WEAK,1.0,2026-07-19 11:42:19
IOC,Mar 2013,ROCE,9.08,VALID,EBIT / Capital Employed * 100,profitandloss + balancesheet,WEAK,1.0,2026-07-19 11:42:19
IOC,Mar 2013,ROA,1.5,VALID,PAT / Total Assets * 100,profitandloss + balancesheet,WEAK,1.0,2026-07-19 11:42:19
IOC,Mar 2014,NPM,1.43,VALID,Net Profit / Sales * 100,profitandloss,WEAK,1.0,2026-07-19 11:42:19
IOC,Mar 2014,OPM,3.53,VALID,Operating Profit / Sales * 100,profitandloss,WEAK,1.0,2026-07-19 11:42:19
IOC,Mar 2014,ROE,10.26,VALID,PAT / (Equity + Reserves) * 100,profitandloss + balancesheet,AVERAGE,1.0,2026-07-19 11:42:19
IOC,Mar 2014,ROCE,10.58,VALID,EBIT / Capital Employed * 100,profitandloss + balancesheet,AVERAGE,1.0,2026-07-19 11:42:19
IOC,Mar 2014,ROA,2.62,VALID,PAT / Total Assets * 100,profitandloss + balancesheet,WEAK,1.0,2026-07-19 11:42:19
IOC,Mar 2015,NPM,1.08,VALID,Net Profit / Sales * 100,profitandloss,WEAK,1.0,2026-07-19 11:42:19
IOC,Mar 2015,OPM,2.35,VALID,Operating Profit / Sales * 100,profitandloss,WEAK,1.0,2026-07-19 11:42:19
IOC,Mar 2015,ROE,7.08,VALID,PAT / (Equity + Reserves) * 100,profitandloss + balancesheet,WEAK,1.0,2026-07-19 11:42:19
IOC,Mar 2015,ROCE,7.91,VALID,EBIT / Capital Employed * 100,profitandloss + balancesheet,WEAK,1.0,2026-07-19 11:42:19
IOC,Mar 2015,ROA,2.08,VALID,PAT / Total Assets * 100,profitandloss + balancesheet,WEAK,1.0,2026-07-19 11:42:19
IOC,Mar 2016,NPM,3.59,VALID,Net Profit / Sales * 100,profitandloss,WEAK,1.0,2026-07-19 11:42:19
IOC,Mar 2016,OPM,6.37,VALID,Operating Profit / Sales * 100,profitandloss,WEAK,1.0,2026-07-19 11:42:19
IOC,Mar 2016,ROE,13.8,VALID,PAT / (Equity + Reserves) * 100,profitandloss + balancesheet,AVERAGE,1.0,2026-07-19 11:42:19
IOC,Mar 2016,ROCE,14.84,VALID,EBIT / Capital Employed * 100,profitandloss + balancesheet,AVERAGE,1.0,2026-07-19 11:42:19
IOC,Mar 2016,ROA,5.36,VALID,PAT / Total Assets * 100,profitandloss + balancesheet,AVERAGE,1.0,2026-07-19 11:42:19
IOC,Mar 2017,NPM,5.74,VALID,Net Profit / Sales * 100,profitandloss,AVERAGE,1.0,2026-07-19 11:42:19
IOC,Mar 2017,OPM,9.61,VALID,Operating Profit / Sales * 100,profitandloss,WEAK,1.0,2026-07-19 11:42:19
IOC,Mar 2017,ROE,19.97,VALID,PAT / (Equity + Reserves) * 100,profitandloss + balancesheet,GOOD,1.0,2026-07-19 11:42:19
IOC,Mar 2017,ROCE,20.65,VALID,EBIT / Capital Employed * 100,profitandloss + balancesheet,EXCELLENT,1.0,2026-07-19 11:42:19
IOC,Mar 2017,ROA,7.45,VALID,PAT / Total Assets * 100,profitandloss + balancesheet,AVERAGE,1.0,2026-07-19 11:42:19
IOC,Mar 2018,NPM,5.37,VALID,Net Profit / Sales * 100,profitandloss,AVERAGE,1.0,2026-07-19 11:42:19
IOC,Mar 2018,OPM,9.88,VALID,Operating Profit / Sales * 100,profitandloss,WEAK,1.0,2026-07-19 11:42:19
IOC,Mar 2018,ROE,19.87,VALID,PAT / (Equity + Reserves) * 100,profitandloss + balancesheet,GOOD,1.0,2026-07-19 11:42:19
IOC,Mar 2018,ROCE,23.2,VALID,EBIT / Capital Employed * 100,profitandloss + balancesheet,EXCELLENT,1.0,2026-07-19 11:42:19
IOC,Mar 2018,ROA,7.65,VALID,PAT / Total Assets * 100,profitandloss + balancesheet,AVERAGE,1.0,2026-07-19 11:42:19
IOC,Mar 2019,NPM,3.27,VALID,Net Profit / Sales * 100,profitandloss,WEAK,1.0,2026-07-19 11:42:19
IOC,Mar 2019,OPM,6.68,VALID,Operating Profit / Sales * 100,profitandloss,WEAK,1.0,2026-07-19 11:42:19
IOC,Mar 2019,ROE,15.36,VALID,PAT / (Equity + Reserves) * 100,profitandloss + balancesheet,GOOD,1.0,2026-07-19 11:42:19
IOC,Mar 2019,ROCE,16.85,VALID,EBIT / Capital Employed * 100,profitandloss + balancesheet,GOOD,1.0,2026-07-19 11:42:19
IOC,Mar 2019,ROA,5.15,VALID,PAT / Total Assets * 100,profitandloss + balancesheet,AVERAGE,1.0,2026-07-19 11:42:19
IOC,Mar 2020,NPM,-0.39,VALID,Net Profit / Sales * 100,profitandloss,WEAK,1.0,2026-07-19 11:42:19
IOC,Mar 2020,OPM,3.32,VALID,Operating Profit / Sales * 100,profitandloss,WEAK,1.0,2026-07-19 11:42:19
IOC,Mar 2020,ROE,-1.97,VALID,PAT / (Equity + Reserves) * 100,profitandloss + balancesheet,WEAK,1.0,2026-07-19 11:42:19
IOC,Mar 2020,ROCE,7.13,VALID,EBIT / Capital Employed * 100,profitandloss + balancesheet,WEAK,1.0,2026-07-19 11:42:19
IOC,Mar 2020,ROA,-0.57,VALID,PAT / Total Assets * 100,profitandloss + balancesheet,WEAK,1.0,2026-07-19 11:42:19
IOC,Mar 2021,NPM,5.98,VALID,Net Profit / Sales * 100,profitandloss,AVERAGE,1.0,2026-07-19 11:42:19
IOC,Mar 2021,OPM,10.97,VALID,Operating Profit / Sales * 100,profitandloss,AVERAGE,1.0,2026-07-19 11:42:19
IOC,Mar 2021,ROE,19.46,VALID,PAT / (Equity + Reserves) * 100,profitandloss + balancesheet,GOOD,1.0,2026-07-19 11:42:19
IOC,Mar 2021,ROCE,17.48,VALID,EBIT / Capital Employed * 100,profitandloss + balancesheet,GOOD,1.0,2026-07-19 11:42:19
IOC,Mar 2021,ROA,6.13,VALID,PAT / Total Assets * 100,profitandloss + balancesheet,AVERAGE,1.0,2026-07-19 11:42:19
IOC,Mar 2022,NPM,4.37,VALID,Net Profit / Sales * 100,profitandloss,WEAK,1.0,2026-07-19 11:42:19
IOC,Mar 2022,OPM,8.1,VALID,Operating Profit / Sales * 100,profitandloss,WEAK,1.0,2026-07-19 11:42:19
IOC,Mar 2022,ROE,19.27,VALID,PAT / (Equity + Reserves) * 100,profitandloss + balancesheet,GOOD,1.0,2026-07-19 11:42:19
IOC,Mar 2022,ROCE,17.98,VALID,EBIT / Capital Employed * 100,profitandloss + balancesheet,GOOD,1.0,2026-07-19 11:42:19
IOC,Mar 2022,ROA,6.26,VALID,PAT / Total Assets * 100,profitandloss + balancesheet,AVERAGE,1.0,2026-07-19 11:42:19
IOC,Mar 2023,NPM,1.39,VALID,Net Profit / Sales * 100,profitandloss,WEAK,1.0,2026-07-19 11:42:19
IOC,Mar 2023,OPM,3.65,VALID,Operating Profit / Sales * 100,profitandloss,WEAK,1.0,2026-07-19 11:42:19
IOC,Mar 2023,ROE,8.38,VALID,PAT / (Equity + Reserves) * 100,profitandloss + balancesheet,WEAK,1.0,2026-07-19 11:42:19
IOC,Mar 2023,ROCE,10.63,VALID,EBIT / Capital Employed * 100,profitandloss + balancesheet,AVERAGE,1.0,2026-07-19 11:42:19
IOC,Mar 2023,ROA,2.65,VALID,PAT / Total Assets * 100,profitandloss + balancesheet,WEAK,1.0,2026-07-19 11:42:19
IOC,Mar 2024,NPM,5.56,VALID,Net Profit / Sales * 100,profitandloss,AVERAGE,1.0,2026-07-19 11:42:19
IOC,Mar 2024,OPM,9.74,VALID,Operating Profit / Sales * 100,profitandloss,WEAK,1.0,2026-07-19 11:42:19
IOC,Mar 2024,ROE,23.53,VALID,PAT / (Equity + Reserves) * 100,profitandloss + balancesheet,EXCELLENT,1.0,2026-07-19 11:42:19
IOC,Mar 2024,ROCE,23.94,VALID,EBIT / Capital Employed * 100,profitandloss + balancesheet,EXCELLENT,1.0,2026-07-19 11:42:19
IOC,Mar 2024,ROA,8.94,VALID,PAT / Total Assets * 100,profitandloss + balancesheet,AVERAGE,1.0,2026-07-19 11:42:19
IRCTC,Mar 2015,NPM,12.37,VALID,Net Profit / Sales * 100,profitandloss,GOOD,1.0,2026-07-19 11:42:19
IRCTC,Mar 2015,OPM,14.35,VALID,Operating Profit / Sales * 100,profitandloss,AVERAGE,1.0,2026-07-19 11:42:19
IRCTC,Mar 2015,ROE,29.5,VALID,PAT / (Equity + Reserves) * 100,profitandloss + balancesheet,EXCELLENT,1.0,2026-07-19 11:42:19
IRCTC,Mar 2015,ROCE,34.23,VALID,EBIT / Capital Employed * 100,profitandloss + balancesheet,EXCELLENT,1.0,2026-07-19 11:42:19
IRCTC,Mar 2015,ROA,11.27,VALID,PAT / Total Assets * 100,profitandloss + balancesheet,GOOD,1.0,2026-07-19 11:42:19
IRCTC,Mar 2016,NPM,13.83,VALID,Net Profit / Sales * 100,profitandloss,GOOD,1.0,2026-07-19 11:42:19
IRCTC,Mar 2016,OPM,13.9,VALID,Operating Profit / Sales * 100,profitandloss,AVERAGE,1.0,2026-07-19 11:42:19
IRCTC,Mar 2016,ROE,34.87,VALID,PAT / (Equity + Reserves) * 100,profitandloss + balancesheet,EXCELLENT,1.0,2026-07-19 11:42:19
IRCTC,Mar 2016,ROCE,35.06,VALID,EBIT / Capital Employed * 100,profitandloss + balancesheet,EXCELLENT,1.0,2026-07-19 11:42:19
IRCTC,Mar 2016,ROA,13.15,VALID,PAT / Total Assets * 100,profitandloss + balancesheet,GOOD,1.0,2026-07-19 11:42:19
IRCTC,Mar 2017,NPM,15.07,VALID,Net Profit / Sales * 100,profitandloss,EXCELLENT,1.0,2026-07-19 11:42:19
IRCTC,Mar 2017,OPM,20.66,VALID,Operating Profit / Sales * 100,profitandloss,GOOD,1.0,2026-07-19 11:42:19
IRCTC,Mar 2017,ROE,29.1,VALID,PAT / (Equity + Reserves) * 100,profitandloss + balancesheet,EXCELLENT,1.0,2026-07-19 11:42:19
IRCTC,Mar 2017,ROCE,39.9,VALID,EBIT / Capital Employed * 100,profitandloss + balancesheet,EXCELLENT,1.0,2026-07-19 11:42:19
IRCTC,Mar 2017,ROA,12.54,VALID,PAT / Total Assets * 100,profitandloss + balancesheet,GOOD,1.0,2026-07-19 11:42:19
IRCTC,Mar 2018,NPM,15.08,VALID,Net Profit / Sales * 100,profitandloss,EXCELLENT,1.0,2026-07-19 11:42:19
IRCTC,Mar 2018,OPM,18.69,VALID,Operating Profit / Sales * 100,profitandloss,GOOD,1.0,2026-07-19 11:42:19
IRCTC,Mar 2018,ROE,23.14,VALID,PAT / (Equity + Reserves) * 100,profitandloss + balancesheet,EXCELLENT,1.0,2026-07-19 11:42:19
IRCTC,Mar 2018,ROCE,28.69,VALID,EBIT / Capital Employed * 100,profitandloss + balancesheet,EXCELLENT,1.0,2026-07-19 11:42:19
IRCTC,Mar 2018,ROA,9.53,VALID,PAT / Total Assets * 100,profitandloss + balancesheet,AVERAGE,1.0,2026-07-19 11:42:19
IRCTC,Mar 2019,NPM,16.52,VALID,Net Profit / Sales * 100,profitandloss,EXCELLENT,1.0,2026-07-19 11:42:19
IRCTC,Mar 2019,OPM,20.48,VALID,Operating Profit / Sales * 100,profitandloss,GOOD,1.0,2026-07-19 11:42:19
IRCTC,Mar 2019,ROE,28.85,VALID,PAT / (Equity + Reserves) * 100,profitandloss + balancesheet,EXCELLENT,1.0,2026-07-19 11:42:19
IRCTC,Mar 2019,ROCE,35.76,VALID,EBIT / Capital Employed * 100,profitandloss + balancesheet,EXCELLENT,1.0,2026-07-19 11:42:19
IRCTC,Mar 2019,ROA,11.91,VALID,PAT / Total Assets * 100,profitandloss + balancesheet,GOOD,1.0,2026-07-19 11:42:19
IRCTC,Mar 2020,NPM,22.66,VALID,Net Profit / Sales * 100,profitandloss,EXCELLENT,1.0,2026-07-19 11:42:19
IRCTC,Mar 2020,OPM,31.05,VALID,Operating Profit / Sales * 100,profitandloss,EXCELLENT,1.0,2026-07-19 11:42:19
IRCTC,Mar 2020,ROE,39.04,VALID,PAT / (Equity + Reserves) * 100,profitandloss + balancesheet,EXCELLENT,1.0,2026-07-19 11:42:19
IRCTC,Mar 2020,ROCE,53.5,VALID,EBIT / Capital Employed * 100,profitandloss + balancesheet,EXCELLENT,1.0,2026-07-19 11:42:19
IRCTC,Mar 2020,ROA,15.83,VALID,PAT / Total Assets * 100,profitandloss + balancesheet,EXCELLENT,1.0,2026-07-19 11:42:19
IRCTC,Mar 2021,NPM,24.07,VALID,Net Profit / Sales * 100,profitandloss,EXCELLENT,1.0,2026-07-19 11:42:19
IRCTC,Mar 2021,OPM,24.2,VALID,Operating Profit / Sales * 100,profitandloss,GOOD,1.0,2026-07-19 11:42:19
IRCTC,Mar 2021,ROE,12.84,VALID,PAT / (Equity + Reserves) * 100,profitandloss + balancesheet,AVERAGE,1.0,2026-07-19 11:42:19
IRCTC,Mar 2021,ROCE,12.25,VALID,EBIT / Capital Employed * 100,profitandloss + balancesheet,AVERAGE,1.0,2026-07-19 11:42:19
IRCTC,Mar 2021,ROA,5.93,VALID,PAT / Total Assets * 100,profitandloss + balancesheet,AVERAGE,1.0,2026-07-19 11:42:19
IRCTC,Mar 2022,NPM,35.13,VALID,Net Profit / Sales * 100,profitandloss,EXCELLENT,1.0,2026-07-19 11:42:19
IRCTC,Mar 2022,OPM,46.51,VALID,Operating Profit / Sales * 100,profitandloss,EXCELLENT,1.0,2026-07-19 11:42:19
IRCTC,Mar 2022,ROE,35.29,VALID,PAT / (Equity + Reserves) * 100,profitandloss + balancesheet,EXCELLENT,1.0,2026-07-19 11:42:19
IRCTC,Mar 2022,ROCE,44.25,VALID,EBIT / Capital Employed * 100,profitandloss + balancesheet,EXCELLENT,1.0,2026-07-19 11:42:19
IRCTC,Mar 2022,ROA,16.99,VALID,PAT / Total Assets * 100,profitandloss + balancesheet,EXCELLENT,1.0,2026-07-19 11:42:19
IRCTC,Mar 2023,NPM,28.41,VALID,Net Profit / Sales * 100,profitandloss,EXCELLENT,1.0,2026-07-19 11:42:19
IRCTC,Mar 2023,OPM,36.04,VALID,Operating Profit / Sales * 100,profitandloss,EXCELLENT,1.0,2026-07-19 11:42:19
IRCTC,Mar 2023,ROE,40.6,VALID,PAT / (Equity + Reserves) * 100,profitandloss + balancesheet,EXCELLENT,1.0,2026-07-19 11:42:19
IRCTC,Mar 2023,ROCE,49.8,VALID,EBIT / Capital Employed * 100,profitandloss + balancesheet,EXCELLENT,1.0,2026-07-19 11:42:19
IRCTC,Mar 2023,ROA,19.77,VALID,PAT / Total Assets * 100,profitandloss + balancesheet,EXCELLENT,1.0,2026-07-19 11:42:19
IRCTC,Mar 2024,NPM,26.02,VALID,Net Profit / Sales * 100,profitandloss,EXCELLENT,1.0,2026-07-19 11:42:19
IRCTC,Mar 2024,OPM,34.33,VALID,Operating Profit / Sales * 100,profitandloss,EXCELLENT,1.0,2026-07-19 11:42:19
IRCTC,Mar 2024,ROE,34.4,VALID,PAT / (Equity + Reserves) * 100,profitandloss + balancesheet,EXCELLENT,1.0,2026-07-19 11:42:19
IRCTC,Mar 2024,ROCE,44.56,VALID,EBIT / Capital Employed * 100,profitandloss + balancesheet,EXCELLENT,1.0,2026-07-19 11:42:19
IRCTC,Mar 2024,ROA,18.24,VALID,PAT / Total Assets * 100,profitandloss + balancesheet,EXCELLENT,1.0,2026-07-19 11:42:19
IRFC,Mar 2013,NPM,9.41,VALID,Net Profit / Sales * 100,profitandloss,AVERAGE,1.0,2026-07-19 11:42:19
IRFC,Mar 2013,OPM,99.6,VALID,Operating Profit / Sales * 100,profitandloss,EXCELLENT,1.0,2026-07-19 11:42:19
IRFC,Mar 2013,ROE,8.16,VALID,PAT / (Equity + Reserves) * 100,profitandloss + balancesheet,WEAK,1.0,2026-07-19 11:42:19
IRFC,Mar 2013,ROCE,8.49,VALID,EBIT / Capital Employed * 100,profitandloss + balancesheet,WEAK,1.0,2026-07-19 11:42:19
IRFC,Mar 2013,ROA,0.74,VALID,PAT / Total Assets * 100,profitandloss + balancesheet,WEAK,1.0,2026-07-19 11:42:19
IRFC,Mar 2014,NPM,11.31,VALID,Net Profit / Sales * 100,profitandloss,GOOD,1.0,2026-07-19 11:42:19
IRFC,Mar 2014,OPM,99.69,VALID,Operating Profit / Sales * 100,profitandloss,EXCELLENT,1.0,2026-07-19 11:42:19
IRFC,Mar 2014,ROE,9.27,VALID,PAT / (Equity + Reserves) * 100,profitandloss + balancesheet,WEAK,1.0,2026-07-19 11:42:19
IRFC,Mar 2014,ROCE,7.97,VALID,EBIT / Capital Employed * 100,profitandloss + balancesheet,WEAK,1.0,2026-07-19 11:42:19
IRFC,Mar 2014,ROA,0.84,VALID,PAT / Total Assets * 100,profitandloss + balancesheet,WEAK,1.0,2026-07-19 11:42:19
IRFC,Mar 2015,NPM,10.92,VALID,Net Profit / Sales * 100,profitandloss,GOOD,1.0,2026-07-19 11:42:19
IRFC,Mar 2015,OPM,99.51,VALID,Operating Profit / Sales * 100,profitandloss,EXCELLENT,1.0,2026-07-19 11:42:19
IRFC,Mar 2015,ROE,8.73,VALID,PAT / (Equity + Reserves) * 100,profitandloss + balancesheet,WEAK,1.0,2026-07-19 11:42:19
IRFC,Mar 2015,ROCE,8.64,VALID,EBIT / Capital Employed * 100,profitandloss + balancesheet,WEAK,1.0,2026-07-19 11:42:19
IRFC,Mar 2015,ROA,0.86,VALID,PAT / Total Assets * 100,profitandloss + balancesheet,WEAK,1.0,2026-07-19 11:42:19
IRFC,Mar 2016,NPM,11.31,VALID,Net Profit / Sales * 100,profitandloss,GOOD,1.0,2026-07-19 11:42:19
IRFC,Mar 2016,OPM,99.48,VALID,Operating Profit / Sales * 100,profitandloss,EXCELLENT,1.0,2026-07-19 11:42:19
IRFC,Mar 2016,ROE,7.37,VALID,PAT / (Equity + Reserves) * 100,profitandloss + balancesheet,WEAK,1.0,2026-07-19 11:42:19
IRFC,Mar 2016,ROCE,7.54,VALID,EBIT / Capital Employed * 100,profitandloss + balancesheet,WEAK,1.0,2026-07-19 11:42:19
IRFC,Mar 2016,ROA,0.78,VALID,PAT / Total Assets * 100,profitandloss + balancesheet,WEAK,1.0,2026-07-19 11:42:19
IRFC,Mar 2017,NPM,10.32,VALID,Net Profit / Sales * 100,profitandloss,GOOD,1.0,2026-07-19 11:42:19
IRFC,Mar 2017,OPM,99.71,VALID,Operating Profit / Sales * 100,profitandloss,EXCELLENT,1.0,2026-07-19 11:42:19
IRFC,Mar 2017,ROE,7.78,VALID,PAT / (Equity + Reserves) * 100,profitandloss + balancesheet,WEAK,1.0,2026-07-19 11:42:19
IRFC,Mar 2017,ROCE,7.62,VALID,EBIT / Capital Employed * 100,profitandloss + balancesheet,WEAK,1.0,2026-07-19 11:42:19
IRFC,Mar 2017,ROA,0.72,VALID,PAT / Total Assets * 100,profitandloss + balancesheet,WEAK,1.0,2026-07-19 11:42:19
IRFC,Mar 2018,NPM,22.18,VALID,Net Profit / Sales * 100,profitandloss,EXCELLENT,1.0,2026-07-19 11:42:19
IRFC,Mar 2018,OPM,99.59,VALID,Operating Profit / Sales * 100,profitandloss,EXCELLENT,1.0,2026-07-19 11:42:19
IRFC,Mar 2018,ROE,14.75,VALID,PAT / (Equity + Reserves) * 100,profitandloss + balancesheet,AVERAGE,1.0,2026-07-19 11:42:19
IRFC,Mar 2018,ROCE,6.24,VALID,EBIT / Capital Employed * 100,profitandloss + balancesheet,WEAK,1.0,2026-07-19 11:42:19
IRFC,Mar 2018,ROA,1.27,VALID,PAT / Total Assets * 100,profitandloss + balancesheet,WEAK,1.0,2026-07-19 11:42:19
IRFC,Mar 2019,NPM,20.25,VALID,Net Profit / Sales * 100,profitandloss,EXCELLENT,1.0,2026-07-19 11:42:19
IRFC,Mar 2019,OPM,99.56,VALID,Operating Profit / Sales * 100,profitandloss,EXCELLENT,1.0,2026-07-19 11:42:19
IRFC,Mar 2019,ROE,9.01,VALID,PAT / (Equity + Reserves) * 100,profitandloss + balancesheet,WEAK,1.0,2026-07-19 11:42:19
IRFC,Mar 2019,ROCE,5.57,VALID,EBIT / Capital Employed * 100,profitandloss + balancesheet,WEAK,1.0,2026-07-19 11:42:19
IRFC,Mar 2019,ROA,1.09,VALID,PAT / Total Assets * 100,profitandloss + balancesheet,WEAK,1.0,2026-07-19 11:42:19
IRFC,Mar 2020,NPM,23.78,VALID,Net Profit / Sales * 100,profitandloss,EXCELLENT,1.0,2026-07-19 11:42:19
IRFC,Mar 2020,OPM,99.51,VALID,Operating Profit / Sales * 100,profitandloss,EXCELLENT,1.0,2026-07-19 11:42:19
IRFC,Mar 2020,ROE,10.54,VALID,PAT / (Equity + Reserves) * 100,profitandloss + balancesheet,AVERAGE,1.0,2026-07-19 11:42:19
IRFC,Mar 2020,ROCE,5.05,VALID,EBIT / Capital Employed * 100,profitandloss + balancesheet,WEAK,1.0,2026-07-19 11:42:19
IRFC,Mar 2020,ROA,1.16,VALID,PAT / Total Assets * 100,profitandloss + balancesheet,WEAK,1.0,2026-07-19 11:42:19
IRFC,Mar 2021,NPM,28.0,VALID,Net Profit / Sales * 100,profitandloss,EXCELLENT,1.0,2026-07-19 11:42:19
IRFC,Mar 2021,OPM,99.28,VALID,Operating Profit / Sales * 100,profitandloss,EXCELLENT,1.0,2026-07-19 11:42:19
IRFC,Mar 2021,ROE,12.3,VALID,PAT / (Equity + Reserves) * 100,profitandloss + balancesheet,AVERAGE,1.0,2026-07-19 11:42:19
IRFC,Mar 2021,ROCE,4.36,VALID,EBIT / Capital Employed * 100,profitandloss + balancesheet,WEAK,1.0,2026-07-19 11:42:19
IRFC,Mar 2021,ROA,1.16,VALID,PAT / Total Assets * 100,profitandloss + balancesheet,WEAK,1.0,2026-07-19 11:42:19
IRFC,Mar 2022,NPM,30.0,VALID,Net Profit / Sales * 100,profitandloss,EXCELLENT,1.0,2026-07-19 11:42:19
IRFC,Mar 2022,OPM,99.4,VALID,Operating Profit / Sales * 100,profitandloss,EXCELLENT,1.0,2026-07-19 11:42:19
IRFC,Mar 2022,ROE,14.85,VALID,PAT / (Equity + Reserves) * 100,profitandloss + balancesheet,AVERAGE,1.0,2026-07-19 11:42:19
IRFC,Mar 2022,ROCE,4.7,VALID,EBIT / Capital Employed * 100,profitandloss + balancesheet,WEAK,1.0,2026-07-19 11:42:19
IRFC,Mar 2022,ROA,1.35,VALID,PAT / Total Assets * 100,profitandloss + balancesheet,WEAK,1.0,2026-07-19 11:42:19
IRFC,Mar 2023,NPM,26.0,VALID,Net Profit / Sales * 100,profitandloss,EXCELLENT,1.0,2026-07-19 11:42:19
IRFC,Mar 2023,OPM,99.44,VALID,Operating Profit / Sales * 100,profitandloss,EXCELLENT,1.0,2026-07-19 11:42:19
IRFC,Mar 2023,ROE,13.8,VALID,PAT / (Equity + Reserves) * 100,profitandloss + balancesheet,AVERAGE,1.0,2026-07-19 11:42:19
IRFC,Mar 2023,ROCE,5.09,VALID,EBIT / Capital Employed * 100,profitandloss + balancesheet,WEAK,1.0,2026-07-19 11:42:19
IRFC,Mar 2023,ROA,1.26,VALID,PAT / Total Assets * 100,profitandloss + balancesheet,WEAK,1.0,2026-07-19 11:42:19
IRFC,Mar 2024,NPM,24.06,VALID,Net Profit / Sales * 100,profitandloss,EXCELLENT,1.0,2026-07-19 11:42:19
IRFC,Mar 2024,OPM,99.5,VALID,Operating Profit / Sales * 100,profitandloss,EXCELLENT,1.0,2026-07-19 11:42:19
IRFC,Mar 2024,ROE,13.04,VALID,PAT / (Equity + Reserves) * 100,profitandloss + balancesheet,AVERAGE,1.0,2026-07-19 11:42:19
IRFC,Mar 2024,ROCE,5.75,VALID,EBIT / Capital Employed * 100,profitandloss + balancesheet,WEAK,1.0,2026-07-19 11:42:19
IRFC,Mar 2024,ROA,1.32,VALID,PAT / Total Assets * 100,profitandloss + balancesheet,WEAK,1.0,2026-07-19 11:42:19
ITC,Mar 2013,NPM,24.37,VALID,Net Profit / Sales * 100,profitandloss,EXCELLENT,1.0,2026-07-19 11:42:19
ITC,Mar 2013,OPM,35.49,VALID,Operating Profit / Sales * 100,profitandloss,EXCELLENT,1.0,2026-07-19 11:42:19
ITC,Mar 2013,ROE,33.27,VALID,PAT / (Equity + Reserves) * 100,profitandloss + balancesheet,EXCELLENT,1.0,2026-07-19 11:42:19
ITC,Mar 2013,ROCE,48.24,VALID,EBIT / Capital Employed * 100,profitandloss + balancesheet,EXCELLENT,1.0,2026-07-19 11:42:19
ITC,Mar 2013,ROA,21.81,VALID,PAT / Total Assets * 100,profitandloss + balancesheet,EXCELLENT,1.0,2026-07-19 11:42:19
ITC,Mar 2014,NPM,25.49,VALID,Net Profit / Sales * 100,profitandloss,EXCELLENT,1.0,2026-07-19 11:42:19
ITC,Mar 2014,OPM,37.05,VALID,Operating Profit / Sales * 100,profitandloss,EXCELLENT,1.0,2026-07-19 11:42:19
ITC,Mar 2014,ROE,33.05,VALID,PAT / (Equity + Reserves) * 100,profitandloss + balancesheet,EXCELLENT,1.0,2026-07-19 11:42:19
ITC,Mar 2014,ROCE,47.6,VALID,EBIT / Capital Employed * 100,profitandloss + balancesheet,EXCELLENT,1.0,2026-07-19 11:42:19
ITC,Mar 2014,ROA,22.04,VALID,PAT / Total Assets * 100,profitandloss + balancesheet,EXCELLENT,1.0,2026-07-19 11:42:19
ITC,Mar 2015,NPM,25.19,VALID,Net Profit / Sales * 100,profitandloss,EXCELLENT,1.0,2026-07-19 11:42:19
ITC,Mar 2015,OPM,36.72,VALID,Operating Profit / Sales * 100,profitandloss,EXCELLENT,1.0,2026-07-19 11:42:19
ITC,Mar 2015,ROE,30.81,VALID,PAT / (Equity + Reserves) * 100,profitandloss + balancesheet,EXCELLENT,1.0,2026-07-19 11:42:19
ITC,Mar 2015,ROCE,44.53,VALID,EBIT / Capital Employed * 100,profitandloss + balancesheet,EXCELLENT,1.0,2026-07-19 11:42:19
ITC,Mar 2015,ROA,21.28,VALID,PAT / Total Assets * 100,profitandloss + balancesheet,EXCELLENT,1.0,2026-07-19 11:42:19
ITC,Mar 2016,NPM,24.24,VALID,Net Profit / Sales * 100,profitandloss,EXCELLENT,1.0,2026-07-19 11:42:19
ITC,Mar 2016,OPM,37.08,VALID,Operating Profit / Sales * 100,profitandloss,EXCELLENT,1.0,2026-07-19 11:42:19
ITC,Mar 2016,ROE,22.26,VALID,PAT / (Equity + Reserves) * 100,profitandloss + balancesheet,EXCELLENT,1.0,2026-07-19 11:42:19
ITC,Mar 2016,ROCE,33.98,VALID,EBIT / Capital Employed * 100,profitandloss + balancesheet,EXCELLENT,1.0,2026-07-19 11:42:19
ITC,Mar 2016,ROA,18.39,VALID,PAT / Total Assets * 100,profitandloss + balancesheet,EXCELLENT,1.0,2026-07-19 11:42:19
ITC,Mar 2017,NPM,24.5,VALID,Net Profit / Sales * 100,profitandloss,EXCELLENT,1.0,2026-07-19 11:42:19
ITC,Mar 2017,OPM,36.17,VALID,Operating Profit / Sales * 100,profitandloss,EXCELLENT,1.0,2026-07-19 11:42:19
ITC,Mar 2017,ROE,22.57,VALID,PAT / (Equity + Reserves) * 100,profitandloss + balancesheet,EXCELLENT,1.0,2026-07-19 11:42:19
ITC,Mar 2017,ROCE,33.3,VALID,EBIT / Capital Employed * 100,profitandloss + balancesheet,EXCELLENT,1.0,2026-07-19 11:42:19
ITC,Mar 2017,ROA,18.74,VALID,PAT / Total Assets * 100,profitandloss + balancesheet,EXCELLENT,1.0,2026-07-19 11:42:19
ITC,Mar 2018,NPM,26.45,VALID,Net Profit / Sales * 100,profitandloss,EXCELLENT,1.0,2026-07-19 11:42:19
ITC,Mar 2018,OPM,38.02,VALID,Operating Profit / Sales * 100,profitandloss,EXCELLENT,1.0,2026-07-19 11:42:19
ITC,Mar 2018,ROE,21.89,VALID,PAT / (Equity + Reserves) * 100,profitandloss + balancesheet,EXCELLENT,1.0,2026-07-19 11:42:19
ITC,Mar 2018,ROCE,31.44,VALID,EBIT / Capital Employed * 100,profitandloss + balancesheet,EXCELLENT,1.0,2026-07-19 11:42:19
ITC,Mar 2018,ROA,17.89,VALID,PAT / Total Assets * 100,profitandloss + balancesheet,EXCELLENT,1.0,2026-07-19 11:42:19
ITC,Mar 2019,NPM,26.55,VALID,Net Profit / Sales * 100,profitandloss,EXCELLENT,1.0,2026-07-19 11:42:19
ITC,Mar 2019,OPM,38.35,VALID,Operating Profit / Sales * 100,profitandloss,EXCELLENT,1.0,2026-07-19 11:42:19
ITC,Mar 2019,ROE,21.7,VALID,PAT / (Equity + Reserves) * 100,profitandloss + balancesheet,EXCELLENT,1.0,2026-07-19 11:42:19
ITC,Mar 2019,ROCE,31.34,VALID,EBIT / Capital Employed * 100,profitandloss + balancesheet,EXCELLENT,1.0,2026-07-19 11:42:19
ITC,Mar 2019,ROA,17.89,VALID,PAT / Total Assets * 100,profitandloss + balancesheet,EXCELLENT,1.0,2026-07-19 11:42:19
ITC,Mar 2020,NPM,31.57,VALID,Net Profit / Sales * 100,profitandloss,EXCELLENT,1.0,2026-07-19 11:42:19
ITC,Mar 2020,OPM,39.17,VALID,Operating Profit / Sales * 100,profitandloss,EXCELLENT,1.0,2026-07-19 11:42:19
ITC,Mar 2020,ROE,23.89,VALID,PAT / (Equity + Reserves) * 100,profitandloss + balancesheet,EXCELLENT,1.0,2026-07-19 11:42:19
ITC,Mar 2020,ROCE,29.51,VALID,EBIT / Capital Employed * 100,profitandloss + balancesheet,EXCELLENT,1.0,2026-07-19 11:42:19
ITC,Mar 2020,ROA,20.17,VALID,PAT / Total Assets * 100,profitandloss + balancesheet,EXCELLENT,1.0,2026-07-19 11:42:19
ITC,Mar 2021,NPM,27.17,VALID,Net Profit / Sales * 100,profitandloss,EXCELLENT,1.0,2026-07-19 11:42:19
ITC,Mar 2021,OPM,34.64,VALID,Operating Profit / Sales * 100,profitandloss,EXCELLENT,1.0,2026-07-19 11:42:19
ITC,Mar 2021,ROE,22.18,VALID,PAT / (Equity + Reserves) * 100,profitandloss + balancesheet,EXCELLENT,1.0,2026-07-19 11:42:19
ITC,Mar 2021,ROCE,28.15,VALID,EBIT / Capital Employed * 100,profitandloss + balancesheet,EXCELLENT,1.0,2026-07-19 11:42:19
ITC,Mar 2021,ROA,18.14,VALID,PAT / Total Assets * 100,profitandloss + balancesheet,EXCELLENT,1.0,2026-07-19 11:42:19
ITC,Mar 2022,NPM,25.56,VALID,Net Profit / Sales * 100,profitandloss,EXCELLENT,1.0,2026-07-19 11:42:19
ITC,Mar 2022,OPM,34.01,VALID,Operating Profit / Sales * 100,profitandloss,EXCELLENT,1.0,2026-07-19 11:42:19
ITC,Mar 2022,ROE,24.82,VALID,PAT / (Equity + Reserves) * 100,profitandloss + balancesheet,EXCELLENT,1.0,2026-07-19 11:42:19
ITC,Mar 2022,ROCE,32.89,VALID,EBIT / Capital Employed * 100,profitandloss + balancesheet,EXCELLENT,1.0,2026-07-19 11:42:19
ITC,Mar 2022,ROA,20.08,VALID,PAT / Total Assets * 100,profitandloss + balancesheet,EXCELLENT,1.0,2026-07-19 11:42:19
ITC,Mar 2023,NPM,27.46,VALID,Net Profit / Sales * 100,profitandloss,EXCELLENT,1.0,2026-07-19 11:42:19
ITC,Mar 2023,OPM,36.24,VALID,Operating Profit / Sales * 100,profitandloss,EXCELLENT,1.0,2026-07-19 11:42:19
ITC,Mar 2023,ROE,28.16,VALID,PAT / (Equity + Reserves) * 100,profitandloss + balancesheet,EXCELLENT,1.0,2026-07-19 11:42:19
ITC,Mar 2023,ROCE,37.0,VALID,EBIT / Capital Employed * 100,profitandloss + balancesheet,EXCELLENT,1.0,2026-07-19 11:42:19
ITC,Mar 2023,ROA,22.69,VALID,PAT / Total Assets * 100,profitandloss + balancesheet,EXCELLENT,1.0,2026-07-19 11:42:19
ITC,Mar 2024,NPM,29.28,VALID,Net Profit / Sales * 100,profitandloss,EXCELLENT,1.0,2026-07-19 11:42:19
ITC,Mar 2024,OPM,37.02,VALID,Operating Profit / Sales * 100,profitandloss,EXCELLENT,1.0,2026-07-19 11:42:19
ITC,Mar 2024,ROE,27.85,VALID,PAT / (Equity + Reserves) * 100,profitandloss + balancesheet,EXCELLENT,1.0,2026-07-19 11:42:19
ITC,Mar 2024,ROCE,35.07,VALID,EBIT / Capital Employed * 100,profitandloss + balancesheet,EXCELLENT,1.0,2026-07-19 11:42:19
ITC,Mar 2024,ROA,22.62,VALID,PAT / Total Assets * 100,profitandloss + balancesheet,EXCELLENT,1.0,2026-07-19 11:42:19
JINDALSTEL,Mar 2013,NPM,14.9,VALID,Net Profit / Sales * 100,profitandloss,GOOD,1.0,2026-07-19 11:42:19
JINDALSTEL,Mar 2013,OPM,30.83,VALID,Operating Profit / Sales * 100,profitandloss,EXCELLENT,1.0,2026-07-19 11:42:19
JINDALSTEL,Mar 2013,ROE,13.89,VALID,PAT / (Equity + Reserves) * 100,profitandloss + balancesheet,AVERAGE,1.0,2026-07-19 11:42:19
JINDALSTEL,Mar 2013,ROCE,13.31,VALID,EBIT / Capital Employed * 100,profitandloss + balancesheet,AVERAGE,1.0,2026-07-19 11:42:19
JINDALSTEL,Mar 2013,ROA,5.17,VALID,PAT / Total Assets * 100,profitandloss + balancesheet,AVERAGE,1.0,2026-07-19 11:42:19
JINDALSTEL,Mar 2014,NPM,9.83,VALID,Net Profit / Sales * 100,profitandloss,AVERAGE,1.0,2026-07-19 11:42:19
JINDALSTEL,Mar 2014,OPM,30.07,VALID,Operating Profit / Sales * 100,profitandloss,EXCELLENT,1.0,2026-07-19 11:42:19
JINDALSTEL,Mar 2014,ROE,8.39,VALID,PAT / (Equity + Reserves) * 100,profitandloss + balancesheet,WEAK,1.0,2026-07-19 11:42:19
JINDALSTEL,Mar 2014,ROCE,9.83,VALID,EBIT / Capital Employed * 100,profitandloss + balancesheet,WEAK,1.0,2026-07-19 11:42:19
JINDALSTEL,Mar 2014,ROA,2.75,VALID,PAT / Total Assets * 100,profitandloss + balancesheet,WEAK,1.0,2026-07-19 11:42:19
JINDALSTEL,Mar 2015,NPM,-7.48,VALID,Net Profit / Sales * 100,profitandloss,WEAK,1.0,2026-07-19 11:42:19
JINDALSTEL,Mar 2015,OPM,28.16,VALID,Operating Profit / Sales * 100,profitandloss,EXCELLENT,1.0,2026-07-19 11:42:19
JINDALSTEL,Mar 2015,ROE,-6.9,VALID,PAT / (Equity + Reserves) * 100,profitandloss + balancesheet,WEAK,1.0,2026-07-19 11:42:19
JINDALSTEL,Mar 2015,ROCE,8.21,VALID,EBIT / Capital Employed * 100,profitandloss + balancesheet,WEAK,1.0,2026-07-19 11:42:19
JINDALSTEL,Mar 2015,ROA,-1.92,VALID,PAT / Total Assets * 100,profitandloss + balancesheet,WEAK,1.0,2026-07-19 11:42:19
JINDALSTEL,Mar 2016,NPM,-15.86,VALID,Net Profit / Sales * 100,profitandloss,WEAK,1.0,2026-07-19 11:42:19
JINDALSTEL,Mar 2016,OPM,17.65,VALID,Operating Profit / Sales * 100,profitandloss,GOOD,1.0,2026-07-19 11:42:19
JINDALSTEL,Mar 2016,ROE,-9.52,VALID,PAT / (Equity + Reserves) * 100,profitandloss + balancesheet,WEAK,1.0,2026-07-19 11:42:19
JINDALSTEL,Mar 2016,ROCE,4.34,VALID,EBIT / Capital Employed * 100,profitandloss + balancesheet,WEAK,1.0,2026-07-19 11:42:19
JINDALSTEL,Mar 2016,ROA,-3.34,VALID,PAT / Total Assets * 100,profitandloss + balancesheet,WEAK,1.0,2026-07-19 11:42:19
JINDALSTEL,Mar 2017,NPM,-11.75,VALID,Net Profit / Sales * 100,profitandloss,WEAK,1.0,2026-07-19 11:42:19
JINDALSTEL,Mar 2017,OPM,21.8,VALID,Operating Profit / Sales * 100,profitandloss,GOOD,1.0,2026-07-19 11:42:19
JINDALSTEL,Mar 2017,ROE,-8.45,VALID,PAT / (Equity + Reserves) * 100,profitandloss + balancesheet,WEAK,1.0,2026-07-19 11:42:19
JINDALSTEL,Mar 2017,ROCE,6.2,VALID,EBIT / Capital Employed * 100,profitandloss + balancesheet,WEAK,1.0,2026-07-19 11:42:19
JINDALSTEL,Mar 2017,ROA,-2.8,VALID,PAT / Total Assets * 100,profitandloss + balancesheet,WEAK,1.0,2026-07-19 11:42:19
JINDALSTEL,Mar 2018,NPM,-4.85,VALID,Net Profit / Sales * 100,profitandloss,WEAK,1.0,2026-07-19 11:42:19
JINDALSTEL,Mar 2018,OPM,19.43,VALID,Operating Profit / Sales * 100,profitandloss,GOOD,1.0,2026-07-19 11:42:19
JINDALSTEL,Mar 2018,ROE,-5.32,VALID,PAT / (Equity + Reserves) * 100,profitandloss + balancesheet,WEAK,1.0,2026-07-19 11:42:19
JINDALSTEL,Mar 2018,ROCE,8.82,VALID,EBIT / Capital Employed * 100,profitandloss + balancesheet,WEAK,1.0,2026-07-19 11:42:19
JINDALSTEL,Mar 2018,ROA,-1.81,VALID,PAT / Total Assets * 100,profitandloss + balancesheet,WEAK,1.0,2026-07-19 11:42:19
JINDALSTEL,Mar 2019,NPM,-5.14,VALID,Net Profit / Sales * 100,profitandloss,WEAK,1.0,2026-07-19 11:42:19
JINDALSTEL,Mar 2019,OPM,17.91,VALID,Operating Profit / Sales * 100,profitandloss,GOOD,1.0,2026-07-19 11:42:19
JINDALSTEL,Mar 2019,ROE,-7.52,VALID,PAT / (Equity + Reserves) * 100,profitandloss + balancesheet,WEAK,1.0,2026-07-19 11:42:19
JINDALSTEL,Mar 2019,ROCE,11.74,VALID,EBIT / Capital Employed * 100,profitandloss + balancesheet,AVERAGE,1.0,2026-07-19 11:42:19
JINDALSTEL,Mar 2019,ROA,-2.71,VALID,PAT / Total Assets * 100,profitandloss + balancesheet,WEAK,1.0,2026-07-19 11:42:19
JINDALSTEL,Mar 2020,NPM,-1.05,VALID,Net Profit / Sales * 100,profitandloss,WEAK,1.0,2026-07-19 11:42:19
JINDALSTEL,Mar 2020,OPM,18.01,VALID,Operating Profit / Sales * 100,profitandloss,GOOD,1.0,2026-07-19 11:42:19
JINDALSTEL,Mar 2020,ROE,-1.24,VALID,PAT / (Equity + Reserves) * 100,profitandloss + balancesheet,WEAK,1.0,2026-07-19 11:42:19
JINDALSTEL,Mar 2020,ROCE,9.91,VALID,EBIT / Capital Employed * 100,profitandloss + balancesheet,WEAK,1.0,2026-07-19 11:42:19
JINDALSTEL,Mar 2020,ROA,-0.45,VALID,PAT / Total Assets * 100,profitandloss + balancesheet,WEAK,1.0,2026-07-19 11:42:19
JINDALSTEL,Mar 2021,NPM,12.34,VALID,Net Profit / Sales * 100,profitandloss,GOOD,1.0,2026-07-19 11:42:19
JINDALSTEL,Mar 2021,OPM,31.62,VALID,Operating Profit / Sales * 100,profitandloss,EXCELLENT,1.0,2026-07-19 11:42:19
JINDALSTEL,Mar 2021,ROE,13.41,VALID,PAT / (Equity + Reserves) * 100,profitandloss + balancesheet,AVERAGE,1.0,2026-07-19 11:42:19
JINDALSTEL,Mar 2021,ROCE,17.71,VALID,EBIT / Capital Employed * 100,profitandloss + balancesheet,GOOD,1.0,2026-07-19 11:42:19
JINDALSTEL,Mar 2021,ROA,5.48,VALID,PAT / Total Assets * 100,profitandloss + balancesheet,AVERAGE,1.0,2026-07-19 11:42:19
JINDALSTEL,Mar 2022,NPM,13.22,VALID,Net Profit / Sales * 100,profitandloss,GOOD,1.0,2026-07-19 11:42:19
JINDALSTEL,Mar 2022,OPM,30.32,VALID,Operating Profit / Sales * 100,profitandloss,EXCELLENT,1.0,2026-07-19 11:42:19
JINDALSTEL,Mar 2022,ROE,18.99,VALID,PAT / (Equity + Reserves) * 100,profitandloss + balancesheet,GOOD,1.0,2026-07-19 11:42:19
JINDALSTEL,Mar 2022,ROCE,31.58,VALID,EBIT / Capital Employed * 100,profitandloss + balancesheet,EXCELLENT,1.0,2026-07-19 11:42:19
JINDALSTEL,Mar 2022,ROA,8.83,VALID,PAT / Total Assets * 100,profitandloss + balancesheet,AVERAGE,1.0,2026-07-19 11:42:19
JINDALSTEL,Mar 2023,NPM,7.47,VALID,Net Profit / Sales * 100,profitandloss,AVERAGE,1.0,2026-07-19 11:42:19
JINDALSTEL,Mar 2023,OPM,18.68,VALID,Operating Profit / Sales * 100,profitandloss,GOOD,1.0,2026-07-19 11:42:19
JINDALSTEL,Mar 2023,ROE,10.27,VALID,PAT / (Equity + Reserves) * 100,profitandloss + balancesheet,AVERAGE,1.0,2026-07-19 11:42:19
JINDALSTEL,Mar 2023,ROCE,19.21,VALID,EBIT / Capital Employed * 100,profitandloss + balancesheet,GOOD,1.0,2026-07-19 11:42:19
JINDALSTEL,Mar 2023,ROA,5.72,VALID,PAT / Total Assets * 100,profitandloss + balancesheet,AVERAGE,1.0,2026-07-19 11:42:19
JINDALSTEL,Mar 2024,NPM,11.8,VALID,Net Profit / Sales * 100,profitandloss,GOOD,1.0,2026-07-19 11:42:19
JINDALSTEL,Mar 2024,OPM,20.26,VALID,Operating Profit / Sales * 100,profitandloss,GOOD,1.0,2026-07-19 11:42:19
JINDALSTEL,Mar 2024,ROE,13.41,VALID,PAT / (Equity + Reserves) * 100,profitandloss + balancesheet,AVERAGE,1.0,2026-07-19 11:42:19
JINDALSTEL,Mar 2024,ROCE,16.78,VALID,EBIT / Capital Employed * 100,profitandloss + balancesheet,GOOD,1.0,2026-07-19 11:42:19
JINDALSTEL,Mar 2024,ROA,7.55,VALID,PAT / Total Assets * 100,profitandloss + balancesheet,AVERAGE,1.0,2026-07-19 11:42:19
JIOFIN,Mar 2023,NPM,68.89,VALID,Net Profit / Sales * 100,profitandloss,EXCELLENT,1.0,2026-07-19 11:42:19
JIOFIN,Mar 2023,OPM,86.67,OPM_MISMATCH,Operating Profit / Sales * 100,profitandloss,EXCELLENT,1.0,2026-07-19 11:42:19
JIOFIN,Mar 2023,ROE,0.03,VALID,PAT / (Equity + Reserves) * 100,profitandloss + balancesheet,WEAK,1.0,2026-07-19 11:42:19
JIOFIN,Mar 2023,ROCE,0.03,VALID,EBIT / Capital Employed * 100,profitandloss + balancesheet,WEAK,1.0,2026-07-19 11:42:19
JIOFIN,Mar 2023,ROA,0.03,VALID,PAT / Total Assets * 100,profitandloss + balancesheet,WEAK,1.0,2026-07-19 11:42:19
JIOFIN,Mar 2024,NPM,86.52,VALID,Net Profit / Sales * 100,profitandloss,EXCELLENT,1.0,2026-07-19 11:42:19
JIOFIN,Mar 2024,OPM,84.04,VALID,Operating Profit / Sales * 100,profitandloss,EXCELLENT,1.0,2026-07-19 11:42:19
JIOFIN,Mar 2024,ROE,1.15,VALID,PAT / (Equity + Reserves) * 100,profitandloss + balancesheet,WEAK,1.0,2026-07-19 11:42:19
JIOFIN,Mar 2024,ROCE,1.12,VALID,EBIT / Capital Employed * 100,profitandloss + balancesheet,WEAK,1.0,2026-07-19 11:42:19
JIOFIN,Mar 2024,ROA,1.11,VALID,PAT / Total Assets * 100,profitandloss + balancesheet,WEAK,1.0,2026-07-19 11:42:19
JSWENERGY,Mar 2013,NPM,10.16,VALID,Net Profit / Sales * 100,profitandloss,GOOD,1.0,2026-07-19 11:42:19
JSWENERGY,Mar 2013,OPM,31.58,VALID,Operating Profit / Sales * 100,profitandloss,EXCELLENT,1.0,2026-07-19 11:42:19
JSWENERGY,Mar 2013,ROE,14.52,VALID,PAT / (Equity + Reserves) * 100,profitandloss + balancesheet,AVERAGE,1.0,2026-07-19 11:42:19
JSWENERGY,Mar 2013,ROCE,16.89,VALID,EBIT / Capital Employed * 100,profitandloss + balancesheet,GOOD,1.0,2026-07-19 11:42:19
JSWENERGY,Mar 2013,ROA,4.42,VALID,PAT / Total Assets * 100,profitandloss + balancesheet,WEAK,1.0,2026-07-19 11:42:19
JSWENERGY,Mar 2014,NPM,8.79,VALID,Net Profit / Sales * 100,profitandloss,AVERAGE,1.0,2026-07-19 11:42:19
JSWENERGY,Mar 2014,OPM,37.64,VALID,Operating Profit / Sales * 100,profitandloss,EXCELLENT,1.0,2026-07-19 11:42:19
JSWENERGY,Mar 2014,ROE,11.57,VALID,PAT / (Equity + Reserves) * 100,profitandloss + balancesheet,AVERAGE,1.0,2026-07-19 11:42:19
JSWENERGY,Mar 2014,ROCE,19.52,VALID,EBIT / Capital Employed * 100,profitandloss + balancesheet,GOOD,1.0,2026-07-19 11:42:19
JSWENERGY,Mar 2014,ROA,3.95,VALID,PAT / Total Assets * 100,profitandloss + balancesheet,WEAK,1.0,2026-07-19 11:42:19
JSWENERGY,Mar 2015,NPM,14.53,VALID,Net Profit / Sales * 100,profitandloss,GOOD,1.0,2026-07-19 11:42:19
JSWENERGY,Mar 2015,OPM,38.77,VALID,Operating Profit / Sales * 100,profitandloss,EXCELLENT,1.0,2026-07-19 11:42:19
JSWENERGY,Mar 2015,ROE,18.06,VALID,PAT / (Equity + Reserves) * 100,profitandloss + balancesheet,GOOD,1.0,2026-07-19 11:42:19
JSWENERGY,Mar 2015,ROCE,21.56,VALID,EBIT / Capital Employed * 100,profitandloss + balancesheet,EXCELLENT,1.0,2026-07-19 11:42:19
JSWENERGY,Mar 2015,ROA,6.99,VALID,PAT / Total Assets * 100,profitandloss + balancesheet,AVERAGE,1.0,2026-07-19 11:42:19
JSWENERGY,Mar 2016,NPM,14.86,VALID,Net Profit / Sales * 100,profitandloss,GOOD,1.0,2026-07-19 11:42:19
JSWENERGY,Mar 2016,OPM,41.01,VALID,Operating Profit / Sales * 100,profitandloss,EXCELLENT,1.0,2026-07-19 11:42:19
JSWENERGY,Mar 2016,ROE,15.05,VALID,PAT / (Equity + Reserves) * 100,profitandloss + balancesheet,GOOD,1.0,2026-07-19 11:42:19
JSWENERGY,Mar 2016,ROCE,16.4,VALID,EBIT / Capital Employed * 100,profitandloss + balancesheet,GOOD,1.0,2026-07-19 11:42:19
JSWENERGY,Mar 2016,ROA,5.12,VALID,PAT / Total Assets * 100,profitandloss + balancesheet,AVERAGE,1.0,2026-07-19 11:42:19
JSWENERGY,Mar 2017,NPM,7.54,VALID,Net Profit / Sales * 100,profitandloss,AVERAGE,1.0,2026-07-19 11:42:19
JSWENERGY,Mar 2017,OPM,40.23,VALID,Operating Profit / Sales * 100,profitandloss,EXCELLENT,1.0,2026-07-19 11:42:19
JSWENERGY,Mar 2017,ROE,6.01,VALID,PAT / (Equity + Reserves) * 100,profitandloss + balancesheet,WEAK,1.0,2026-07-19 11:42:19
JSWENERGY,Mar 2017,ROCE,13.45,VALID,EBIT / Capital Employed * 100,profitandloss + balancesheet,AVERAGE,1.0,2026-07-19 11:42:19
JSWENERGY,Mar 2017,ROA,2.19,VALID,PAT / Total Assets * 100,profitandloss + balancesheet,WEAK,1.0,2026-07-19 11:42:19
JSWENERGY,Mar 2018,NPM,1.06,VALID,Net Profit / Sales * 100,profitandloss,WEAK,1.0,2026-07-19 11:42:19
JSWENERGY,Mar 2018,OPM,33.71,VALID,Operating Profit / Sales * 100,profitandloss,EXCELLENT,1.0,2026-07-19 11:42:19
JSWENERGY,Mar 2018,ROE,0.77,VALID,PAT / (Equity + Reserves) * 100,profitandloss + balancesheet,WEAK,1.0,2026-07-19 11:42:19
JSWENERGY,Mar 2018,ROCE,11.8,VALID,EBIT / Capital Employed * 100,profitandloss + balancesheet,AVERAGE,1.0,2026-07-19 11:42:19
JSWENERGY,Mar 2018,ROA,0.32,VALID,PAT / Total Assets * 100,profitandloss + balancesheet,WEAK,1.0,2026-07-19 11:42:19
JSWENERGY,Mar 2019,NPM,7.49,VALID,Net Profit / Sales * 100,profitandloss,AVERAGE,1.0,2026-07-19 11:42:19
JSWENERGY,Mar 2019,OPM,31.24,VALID,Operating Profit / Sales * 100,profitandloss,EXCELLENT,1.0,2026-07-19 11:42:19
JSWENERGY,Mar 2019,ROE,5.79,VALID,PAT / (Equity + Reserves) * 100,profitandloss + balancesheet,WEAK,1.0,2026-07-19 11:42:19
JSWENERGY,Mar 2019,ROCE,12.76,VALID,EBIT / Capital Employed * 100,profitandloss + balancesheet,AVERAGE,1.0,2026-07-19 11:42:19
JSWENERGY,Mar 2019,ROA,2.64,VALID,PAT / Total Assets * 100,profitandloss + balancesheet,WEAK,1.0,2026-07-19 11:42:19
JSWENERGY,Mar 2020,NPM,13.07,VALID,Net Profit / Sales * 100,profitandloss,GOOD,1.0,2026-07-19 11:42:19
JSWENERGY,Mar 2020,OPM,35.74,VALID,Operating Profit / Sales * 100,profitandloss,EXCELLENT,1.0,2026-07-19 11:42:19
JSWENERGY,Mar 2020,ROE,9.28,VALID,PAT / (Equity + Reserves) * 100,profitandloss + balancesheet,WEAK,1.0,2026-07-19 11:42:19
JSWENERGY,Mar 2020,ROCE,13.76,VALID,EBIT / Capital Employed * 100,profitandloss + balancesheet,AVERAGE,1.0,2026-07-19 11:42:19
JSWENERGY,Mar 2020,ROA,4.34,VALID,PAT / Total Assets * 100,profitandloss + balancesheet,WEAK,1.0,2026-07-19 11:42:19
JSWENERGY,Mar 2021,NPM,11.89,VALID,Net Profit / Sales * 100,profitandloss,GOOD,1.0,2026-07-19 11:42:19
JSWENERGY,Mar 2021,OPM,42.08,VALID,Operating Profit / Sales * 100,profitandloss,EXCELLENT,1.0,2026-07-19 11:42:19
JSWENERGY,Mar 2021,ROE,5.67,VALID,PAT / (Equity + Reserves) * 100,profitandloss + balancesheet,WEAK,1.0,2026-07-19 11:42:19
JSWENERGY,Mar 2021,ROCE,12.73,VALID,EBIT / Capital Employed * 100,profitandloss + balancesheet,AVERAGE,1.0,2026-07-19 11:42:19
JSWENERGY,Mar 2021,ROA,3.14,VALID,PAT / Total Assets * 100,profitandloss + balancesheet,WEAK,1.0,2026-07-19 11:42:19
JSWENERGY,Mar 2022,NPM,21.34,VALID,Net Profit / Sales * 100,profitandloss,EXCELLENT,1.0,2026-07-19 11:42:19
JSWENERGY,Mar 2022,OPM,43.74,VALID,Operating Profit / Sales * 100,profitandloss,EXCELLENT,1.0,2026-07-19 11:42:19
JSWENERGY,Mar 2022,ROE,10.01,VALID,PAT / (Equity + Reserves) * 100,profitandloss + balancesheet,AVERAGE,1.0,2026-07-19 11:42:19
JSWENERGY,Mar 2022,ROCE,13.55,VALID,EBIT / Capital Employed * 100,profitandloss + balancesheet,AVERAGE,1.0,2026-07-19 11:42:19
JSWENERGY,Mar 2022,ROA,5.71,VALID,PAT / Total Assets * 100,profitandloss + balancesheet,AVERAGE,1.0,2026-07-19 11:42:19
JSWENERGY,Mar 2023,NPM,14.32,VALID,Net Profit / Sales * 100,profitandloss,GOOD,1.0,2026-07-19 11:42:19
JSWENERGY,Mar 2023,OPM,31.77,VALID,Operating Profit / Sales * 100,profitandloss,EXCELLENT,1.0,2026-07-19 11:42:19
JSWENERGY,Mar 2023,ROE,7.94,VALID,PAT / (Equity + Reserves) * 100,profitandloss + balancesheet,WEAK,1.0,2026-07-19 11:42:19
JSWENERGY,Mar 2023,ROCE,7.51,VALID,EBIT / Capital Employed * 100,profitandloss + balancesheet,WEAK,1.0,2026-07-19 11:42:19
JSWENERGY,Mar 2023,ROA,3.06,VALID,PAT / Total Assets * 100,profitandloss + balancesheet,WEAK,1.0,2026-07-19 11:42:19
JSWENERGY,Mar 2024,NPM,15.02,VALID,Net Profit / Sales * 100,profitandloss,EXCELLENT,1.0,2026-07-19 11:42:19
JSWENERGY,Mar 2024,OPM,46.86,VALID,Operating Profit / Sales * 100,profitandloss,EXCELLENT,1.0,2026-07-19 11:42:19
JSWENERGY,Mar 2024,ROE,8.28,VALID,PAT / (Equity + Reserves) * 100,profitandloss + balancesheet,WEAK,1.0,2026-07-19 11:42:19
JSWENERGY,Mar 2024,ROCE,10.27,VALID,EBIT / Capital Employed * 100,profitandloss + balancesheet,AVERAGE,1.0,2026-07-19 11:42:19
JSWENERGY,Mar 2024,ROA,2.99,VALID,PAT / Total Assets * 100,profitandloss + balancesheet,WEAK,1.0,2026-07-19 11:42:19
JSWSTEEL,Mar 2013,NPM,2.43,VALID,Net Profit / Sales * 100,profitandloss,WEAK,1.0,2026-07-19 11:42:19
JSWSTEEL,Mar 2013,OPM,17.04,VALID,Operating Profit / Sales * 100,profitandloss,GOOD,1.0,2026-07-19 11:42:19
JSWSTEEL,Mar 2013,ROE,5.44,VALID,PAT / (Equity + Reserves) * 100,profitandloss + balancesheet,WEAK,1.0,2026-07-19 11:42:19
JSWSTEEL,Mar 2013,ROCE,16.83,VALID,EBIT / Capital Employed * 100,profitandloss + balancesheet,GOOD,1.0,2026-07-19 11:42:19
JSWSTEEL,Mar 2013,ROA,1.62,VALID,PAT / Total Assets * 100,profitandloss + balancesheet,WEAK,1.0,2026-07-19 11:42:19
JSWSTEEL,Mar 2014,NPM,0.78,VALID,Net Profit / Sales * 100,profitandloss,WEAK,1.0,2026-07-19 11:42:19
JSWSTEEL,Mar 2014,OPM,17.9,VALID,Operating Profit / Sales * 100,profitandloss,GOOD,1.0,2026-07-19 11:42:19
JSWSTEEL,Mar 2014,ROE,1.9,VALID,PAT / (Equity + Reserves) * 100,profitandloss + balancesheet,WEAK,1.0,2026-07-19 11:42:19
JSWSTEEL,Mar 2014,ROCE,16.17,VALID,EBIT / Capital Employed * 100,profitandloss + balancesheet,GOOD,1.0,2026-07-19 11:42:19
JSWSTEEL,Mar 2014,ROA,0.52,VALID,PAT / Total Assets * 100,profitandloss + balancesheet,WEAK,1.0,2026-07-19 11:42:19
JSWSTEEL,Mar 2015,NPM,3.25,VALID,Net Profit / Sales * 100,profitandloss,WEAK,1.0,2026-07-19 11:42:19
JSWSTEEL,Mar 2015,OPM,17.68,VALID,Operating Profit / Sales * 100,profitandloss,GOOD,1.0,2026-07-19 11:42:19
JSWSTEEL,Mar 2015,ROE,7.73,VALID,PAT / (Equity + Reserves) * 100,profitandloss + balancesheet,WEAK,1.0,2026-07-19 11:42:19
JSWSTEEL,Mar 2015,ROCE,15.34,VALID,EBIT / Capital Employed * 100,profitandloss + balancesheet,GOOD,1.0,2026-07-19 11:42:19
JSWSTEEL,Mar 2015,ROA,2.01,VALID,PAT / Total Assets * 100,profitandloss + balancesheet,WEAK,1.0,2026-07-19 11:42:19
JSWSTEEL,Mar 2016,NPM,-1.16,VALID,Net Profit / Sales * 100,profitandloss,WEAK,1.0,2026-07-19 11:42:19
JSWSTEEL,Mar 2016,OPM,15.46,VALID,Operating Profit / Sales * 100,profitandloss,GOOD,1.0,2026-07-19 11:42:19
JSWSTEEL,Mar 2016,ROE,-2.54,VALID,PAT / (Equity + Reserves) * 100,profitandloss + balancesheet,WEAK,1.0,2026-07-19 11:42:19
JSWSTEEL,Mar 2016,ROCE,10.5,VALID,EBIT / Capital Employed * 100,profitandloss + balancesheet,AVERAGE,1.0,2026-07-19 11:42:19
JSWSTEEL,Mar 2016,ROA,-0.59,VALID,PAT / Total Assets * 100,profitandloss + balancesheet,WEAK,1.0,2026-07-19 11:42:19
JSWSTEEL,Mar 2017,NPM,6.24,VALID,Net Profit / Sales * 100,profitandloss,AVERAGE,1.0,2026-07-19 11:42:19
JSWSTEEL,Mar 2017,OPM,22.14,VALID,Operating Profit / Sales * 100,profitandloss,GOOD,1.0,2026-07-19 11:42:19
JSWSTEEL,Mar 2017,ROE,15.31,VALID,PAT / (Equity + Reserves) * 100,profitandloss + balancesheet,GOOD,1.0,2026-07-19 11:42:19
JSWSTEEL,Mar 2017,ROCE,18.65,VALID,EBIT / Capital Employed * 100,profitandloss + balancesheet,GOOD,1.0,2026-07-19 11:42:19
JSWSTEEL,Mar 2017,ROA,3.94,VALID,PAT / Total Assets * 100,profitandloss + balancesheet,WEAK,1.0,2026-07-19 11:42:19
JSWSTEEL,Mar 2018,NPM,8.5,VALID,Net Profit / Sales * 100,profitandloss,AVERAGE,1.0,2026-07-19 11:42:19
JSWSTEEL,Mar 2018,OPM,20.74,VALID,Operating Profit / Sales * 100,profitandloss,GOOD,1.0,2026-07-19 11:42:19
JSWSTEEL,Mar 2018,ROE,21.83,VALID,PAT / (Equity + Reserves) * 100,profitandloss + balancesheet,EXCELLENT,1.0,2026-07-19 11:42:19
JSWSTEEL,Mar 2018,ROCE,22.13,VALID,EBIT / Capital Employed * 100,profitandloss + balancesheet,EXCELLENT,1.0,2026-07-19 11:42:19
JSWSTEEL,Mar 2018,ROA,6.65,VALID,PAT / Total Assets * 100,profitandloss + balancesheet,AVERAGE,1.0,2026-07-19 11:42:19
JSWSTEEL,Mar 2019,NPM,8.88,VALID,Net Profit / Sales * 100,profitandloss,AVERAGE,1.0,2026-07-19 11:42:19
JSWSTEEL,Mar 2019,OPM,22.33,VALID,Operating Profit / Sales * 100,profitandloss,GOOD,1.0,2026-07-19 11:42:19
JSWSTEEL,Mar 2019,ROE,21.62,VALID,PAT / (Equity + Reserves) * 100,profitandloss + balancesheet,EXCELLENT,1.0,2026-07-19 11:42:19
JSWSTEEL,Mar 2019,ROCE,23.03,VALID,EBIT / Capital Employed * 100,profitandloss + balancesheet,EXCELLENT,1.0,2026-07-19 11:42:19
JSWSTEEL,Mar 2019,ROA,6.55,VALID,PAT / Total Assets * 100,profitandloss + balancesheet,AVERAGE,1.0,2026-07-19 11:42:19
JSWSTEEL,Mar 2020,NPM,5.34,VALID,Net Profit / Sales * 100,profitandloss,AVERAGE,1.0,2026-07-19 11:42:19
JSWSTEEL,Mar 2020,OPM,16.11,VALID,Operating Profit / Sales * 100,profitandloss,GOOD,1.0,2026-07-19 11:42:19
JSWSTEEL,Mar 2020,ROE,10.71,VALID,PAT / (Equity + Reserves) * 100,profitandloss + balancesheet,AVERAGE,1.0,2026-07-19 11:42:19
JSWSTEEL,Mar 2020,ROCE,12.05,VALID,EBIT / Capital Employed * 100,profitandloss + balancesheet,AVERAGE,1.0,2026-07-19 11:42:19
JSWSTEEL,Mar 2020,ROA,2.97,VALID,PAT / Total Assets * 100,profitandloss + balancesheet,WEAK,1.0,2026-07-19 11:42:19
JSWSTEEL,Mar 2021,NPM,9.86,VALID,Net Profit / Sales * 100,profitandloss,AVERAGE,1.0,2026-07-19 11:42:19
JSWSTEEL,Mar 2021,OPM,25.27,VALID,Operating Profit / Sales * 100,profitandloss,EXCELLENT,1.0,2026-07-19 11:42:19
JSWSTEEL,Mar 2021,ROE,16.84,VALID,PAT / (Equity + Reserves) * 100,profitandloss + balancesheet,GOOD,1.0,2026-07-19 11:42:19
JSWSTEEL,Mar 2021,ROCE,18.49,VALID,EBIT / Capital Employed * 100,profitandloss + balancesheet,GOOD,1.0,2026-07-19 11:42:19
JSWSTEEL,Mar 2021,ROA,5.31,VALID,PAT / Total Assets * 100,profitandloss + balancesheet,AVERAGE,1.0,2026-07-19 11:42:19
JSWSTEEL,Mar 2022,NPM,14.3,VALID,Net Profit / Sales * 100,profitandloss,GOOD,1.0,2026-07-19 11:42:19
JSWSTEEL,Mar 2022,OPM,26.72,VALID,Operating Profit / Sales * 100,profitandloss,EXCELLENT,1.0,2026-07-19 11:42:19
JSWSTEEL,Mar 2022,ROE,31.11,VALID,PAT / (Equity + Reserves) * 100,profitandloss + balancesheet,EXCELLENT,1.0,2026-07-19 11:42:19
JSWSTEEL,Mar 2022,ROCE,28.03,VALID,EBIT / Capital Employed * 100,profitandloss + balancesheet,EXCELLENT,1.0,2026-07-19 11:42:19
JSWSTEEL,Mar 2022,ROA,10.66,VALID,PAT / Total Assets * 100,profitandloss + balancesheet,GOOD,1.0,2026-07-19 11:42:19
JSWSTEEL,Mar 2023,NPM,2.49,VALID,Net Profit / Sales * 100,profitandloss,WEAK,1.0,2026-07-19 11:42:19
JSWSTEEL,Mar 2023,OPM,11.13,VALID,Operating Profit / Sales * 100,profitandloss,AVERAGE,1.0,2026-07-19 11:42:19
JSWSTEEL,Mar 2023,ROE,6.3,VALID,PAT / (Equity + Reserves) * 100,profitandloss + balancesheet,WEAK,1.0,2026-07-19 11:42:19
JSWSTEEL,Mar 2023,ROCE,12.6,VALID,EBIT / Capital Employed * 100,profitandloss + balancesheet,AVERAGE,1.0,2026-07-19 11:42:19
JSWSTEEL,Mar 2023,ROA,1.97,VALID,PAT / Total Assets * 100,profitandloss + balancesheet,WEAK,1.0,2026-07-19 11:42:19
JSWSTEEL,Mar 2024,NPM,5.13,VALID,Net Profit / Sales * 100,profitandloss,AVERAGE,1.0,2026-07-19 11:42:19
JSWSTEEL,Mar 2024,OPM,16.09,VALID,Operating Profit / Sales * 100,profitandloss,GOOD,1.0,2026-07-19 11:42:19
JSWSTEEL,Mar 2024,ROE,11.55,VALID,PAT / (Equity + Reserves) * 100,profitandloss + balancesheet,AVERAGE,1.0,2026-07-19 11:42:19
JSWSTEEL,Mar 2024,ROCE,17.0,VALID,EBIT / Capital Employed * 100,profitandloss + balancesheet,GOOD,1.0,2026-07-19 11:42:19
JSWSTEEL,Mar 2024,ROA,3.94,VALID,PAT / Total Assets * 100,profitandloss + balancesheet,WEAK,1.0,2026-07-19 11:42:19
KOTAKBANK,Mar 2013,NPM,20.65,VALID,Net Profit / Sales * 100,profitandloss,EXCELLENT,1.0,2026-07-19 11:42:19
KOTAKBANK,Mar 2013,OPM,60.92,OPM_MISMATCH,Operating Profit / Sales * 100,profitandloss,EXCELLENT,1.0,2026-07-19 11:42:19
KOTAKBANK,Mar 2013,ROE,14.66,VALID,PAT / (Equity + Reserves) * 100,profitandloss + balancesheet,AVERAGE,1.0,2026-07-19 11:42:19
KOTAKBANK,Mar 2013,ROCE,6.55,VALID,EBIT / Capital Employed * 100,profitandloss + balancesheet,WEAK,1.0,2026-07-19 11:42:19
KOTAKBANK,Mar 2013,ROA,1.93,VALID,PAT / Total Assets * 100,profitandloss + balancesheet,WEAK,1.0,2026-07-19 11:42:19
KOTAKBANK,Mar 2014,NPM,21.08,VALID,Net Profit / Sales * 100,profitandloss,EXCELLENT,1.0,2026-07-19 11:42:19
KOTAKBANK,Mar 2014,OPM,58.84,OPM_MISMATCH,Operating Profit / Sales * 100,profitandloss,EXCELLENT,1.0,2026-07-19 11:42:19
KOTAKBANK,Mar 2014,ROE,13.24,VALID,PAT / (Equity + Reserves) * 100,profitandloss + balancesheet,AVERAGE,1.0,2026-07-19 11:42:19
KOTAKBANK,Mar 2014,ROCE,6.72,VALID,EBIT / Capital Employed * 100,profitandloss + balancesheet,WEAK,1.0,2026-07-19 11:42:19
KOTAKBANK,Mar 2014,ROA,2.07,VALID,PAT / Total Assets * 100,profitandloss + balancesheet,WEAK,1.0,2026-07-19 11:42:19
KOTAKBANK,Mar 2015,NPM,23.31,VALID,Net Profit / Sales * 100,profitandloss,EXCELLENT,1.0,2026-07-19 11:42:19
KOTAKBANK,Mar 2015,OPM,72.96,OPM_MISMATCH,Operating Profit / Sales * 100,profitandloss,EXCELLENT,1.0,2026-07-19 11:42:19
KOTAKBANK,Mar 2015,ROE,14.01,VALID,PAT / (Equity + Reserves) * 100,profitandloss + balancesheet,AVERAGE,1.0,2026-07-19 11:42:19
KOTAKBANK,Mar 2015,ROCE,7.69,VALID,EBIT / Capital Employed * 100,profitandloss + balancesheet,WEAK,1.0,2026-07-19 11:42:19
KOTAKBANK,Mar 2015,ROA,2.09,VALID,PAT / Total Assets * 100,profitandloss + balancesheet,WEAK,1.0,2026-07-19 11:42:19
KOTAKBANK,Mar 2016,NPM,17.27,VALID,Net Profit / Sales * 100,profitandloss,EXCELLENT,1.0,2026-07-19 11:42:19
KOTAKBANK,Mar 2016,OPM,56.57,OPM_MISMATCH,Operating Profit / Sales * 100,profitandloss,EXCELLENT,1.0,2026-07-19 11:42:19
KOTAKBANK,Mar 2016,ROE,10.56,VALID,PAT / (Equity + Reserves) * 100,profitandloss + balancesheet,AVERAGE,1.0,2026-07-19 11:42:19
KOTAKBANK,Mar 2016,ROCE,5.42,VALID,EBIT / Capital Employed * 100,profitandloss + balancesheet,WEAK,1.0,2026-07-19 11:42:19
KOTAKBANK,Mar 2016,ROA,1.46,VALID,PAT / Total Assets * 100,profitandloss + balancesheet,WEAK,1.0,2026-07-19 11:42:19
KOTAKBANK,Mar 2017,NPM,22.48,VALID,Net Profit / Sales * 100,profitandloss,EXCELLENT,1.0,2026-07-19 11:42:19
KOTAKBANK,Mar 2017,OPM,66.44,OPM_MISMATCH,Operating Profit / Sales * 100,profitandloss,EXCELLENT,1.0,2026-07-19 11:42:19
KOTAKBANK,Mar 2017,ROE,13.04,VALID,PAT / (Equity + Reserves) * 100,profitandloss + balancesheet,AVERAGE,1.0,2026-07-19 11:42:19
KOTAKBANK,Mar 2017,ROCE,6.09,VALID,EBIT / Capital Employed * 100,profitandloss + balancesheet,WEAK,1.0,2026-07-19 11:42:19
KOTAKBANK,Mar 2017,ROA,1.82,VALID,PAT / Total Assets * 100,profitandloss + balancesheet,WEAK,1.0,2026-07-19 11:42:19
KOTAKBANK,Mar 2018,NPM,24.9,VALID,Net Profit / Sales * 100,profitandloss,EXCELLENT,1.0,2026-07-19 11:42:19
KOTAKBANK,Mar 2018,OPM,66.87,OPM_MISMATCH,Operating Profit / Sales * 100,profitandloss,EXCELLENT,1.0,2026-07-19 11:42:19
KOTAKBANK,Mar 2018,ROE,12.4,VALID,PAT / (Equity + Reserves) * 100,profitandloss + balancesheet,AVERAGE,1.0,2026-07-19 11:42:19
KOTAKBANK,Mar 2018,ROCE,5.6,VALID,EBIT / Capital Employed * 100,profitandloss + balancesheet,WEAK,1.0,2026-07-19 11:42:19
KOTAKBANK,Mar 2018,ROA,1.85,VALID,PAT / Total Assets * 100,profitandloss + balancesheet,WEAK,1.0,2026-07-19 11:42:19
KOTAKBANK,Mar 2019,NPM,24.15,VALID,Net Profit / Sales * 100,profitandloss,EXCELLENT,1.0,2026-07-19 11:42:19
KOTAKBANK,Mar 2019,OPM,66.23,OPM_MISMATCH,Operating Profit / Sales * 100,profitandloss,EXCELLENT,1.0,2026-07-19 11:42:19
KOTAKBANK,Mar 2019,ROE,12.47,VALID,PAT / (Equity + Reserves) * 100,profitandloss + balancesheet,AVERAGE,1.0,2026-07-19 11:42:19
KOTAKBANK,Mar 2019,ROCE,5.65,VALID,EBIT / Capital Employed * 100,profitandloss + balancesheet,WEAK,1.0,2026-07-19 11:42:19
KOTAKBANK,Mar 2019,ROA,1.82,VALID,PAT / Total Assets * 100,profitandloss + balancesheet,WEAK,1.0,2026-07-19 11:42:19
KOTAKBANK,Mar 2020,NPM,25.67,VALID,Net Profit / Sales * 100,profitandloss,EXCELLENT,1.0,2026-07-19 11:42:19
KOTAKBANK,Mar 2020,OPM,67.45,OPM_MISMATCH,Operating Profit / Sales * 100,profitandloss,EXCELLENT,1.0,2026-07-19 11:42:19
KOTAKBANK,Mar 2020,ROE,12.9,VALID,PAT / (Equity + Reserves) * 100,profitandloss + balancesheet,AVERAGE,1.0,2026-07-19 11:42:19
KOTAKBANK,Mar 2020,ROCE,5.74,VALID,EBIT / Capital Employed * 100,profitandloss + balancesheet,WEAK,1.0,2026-07-19 11:42:19
KOTAKBANK,Mar 2020,ROA,1.94,VALID,PAT / Total Assets * 100,profitandloss + balancesheet,WEAK,1.0,2026-07-19 11:42:19
KOTAKBANK,Mar 2021,NPM,30.44,VALID,Net Profit / Sales * 100,profitandloss,EXCELLENT,1.0,2026-07-19 11:42:19
KOTAKBANK,Mar 2021,OPM,90.83,OPM_MISMATCH,Operating Profit / Sales * 100,profitandloss,EXCELLENT,1.0,2026-07-19 11:42:19
KOTAKBANK,Mar 2021,ROE,11.85,VALID,PAT / (Equity + Reserves) * 100,profitandloss + balancesheet,AVERAGE,1.0,2026-07-19 11:42:19
KOTAKBANK,Mar 2021,ROCE,7.25,VALID,EBIT / Capital Employed * 100,profitandloss + balancesheet,WEAK,1.0,2026-07-19 11:42:19
KOTAKBANK,Mar 2021,ROA,2.09,VALID,PAT / Total Assets * 100,profitandloss + balancesheet,WEAK,1.0,2026-07-19 11:42:19
KOTAKBANK,Mar 2022,NPM,35.83,VALID,Net Profit / Sales * 100,profitandloss,EXCELLENT,1.0,2026-07-19 11:42:19
KOTAKBANK,Mar 2022,OPM,90.98,OPM_MISMATCH,Operating Profit / Sales * 100,profitandloss,EXCELLENT,1.0,2026-07-19 11:42:19
KOTAKBANK,Mar 2022,ROE,12.51,VALID,PAT / (Equity + Reserves) * 100,profitandloss + balancesheet,AVERAGE,1.0,2026-07-19 11:42:19
KOTAKBANK,Mar 2022,ROCE,6.64,VALID,EBIT / Capital Employed * 100,profitandloss + balancesheet,WEAK,1.0,2026-07-19 11:42:19
KOTAKBANK,Mar 2022,ROA,2.21,VALID,PAT / Total Assets * 100,profitandloss + balancesheet,WEAK,1.0,2026-07-19 11:42:19
KOTAKBANK,Mar 2023,NPM,35.41,VALID,Net Profit / Sales * 100,profitandloss,EXCELLENT,1.0,2026-07-19 11:42:19
KOTAKBANK,Mar 2023,OPM,79.44,OPM_MISMATCH,Operating Profit / Sales * 100,profitandloss,EXCELLENT,1.0,2026-07-19 11:42:19
KOTAKBANK,Mar 2023,ROE,13.35,VALID,PAT / (Equity + Reserves) * 100,profitandloss + balancesheet,AVERAGE,1.0,2026-07-19 11:42:19
KOTAKBANK,Mar 2023,ROCE,6.31,VALID,EBIT / Capital Employed * 100,profitandloss + balancesheet,WEAK,1.0,2026-07-19 11:42:19
KOTAKBANK,Mar 2023,ROA,2.41,VALID,PAT / Total Assets * 100,profitandloss + balancesheet,WEAK,1.0,2026-07-19 11:42:19
KOTAKBANK,Mar 2024,NPM,32.39,VALID,Net Profit / Sales * 100,profitandloss,EXCELLENT,1.0,2026-07-19 11:42:19
KOTAKBANK,Mar 2024,OPM,83.67,OPM_MISMATCH,Operating Profit / Sales * 100,profitandloss,EXCELLENT,1.0,2026-07-19 11:42:19
KOTAKBANK,Mar 2024,ROE,14.01,VALID,PAT / (Equity + Reserves) * 100,profitandloss + balancesheet,AVERAGE,1.0,2026-07-19 11:42:19
KOTAKBANK,Mar 2024,ROCE,7.23,VALID,EBIT / Capital Employed * 100,profitandloss + balancesheet,WEAK,1.0,2026-07-19 11:42:19
KOTAKBANK,Mar 2024,ROA,2.37,VALID,PAT / Total Assets * 100,profitandloss + balancesheet,WEAK,1.0,2026-07-19 11:42:19
LICI,Mar 2019,NPM,0.46,VALID,Net Profit / Sales * 100,profitandloss,WEAK,1.0,2026-07-19 11:42:19
LICI,Mar 2019,OPM,1.04,VALID,Operating Profit / Sales * 100,profitandloss,WEAK,1.0,2026-07-19 11:42:19
LICI,Mar 2019,ROE,324.32,VALID,PAT / (Equity + Reserves) * 100,profitandloss + balancesheet,EXCELLENT,1.0,2026-07-19 11:42:19
LICI,Mar 2019,ROCE,2.19,VALID,EBIT / Capital Employed * 100,profitandloss + balancesheet,WEAK,1.0,2026-07-19 11:42:19
LICI,Mar 2019,ROA,0.08,VALID,PAT / Total Assets * 100,profitandloss + balancesheet,WEAK,1.0,2026-07-19 11:42:19
LICI,Mar 2020,NPM,0.43,VALID,Net Profit / Sales * 100,profitandloss,WEAK,1.0,2026-07-19 11:42:19
LICI,Mar 2020,OPM,-1.11,VALID,Operating Profit / Sales * 100,profitandloss,WEAK,1.0,2026-07-19 11:42:19
LICI,Mar 2020,ROE,270.46,VALID,PAT / (Equity + Reserves) * 100,profitandloss + balancesheet,EXCELLENT,1.0,2026-07-19 11:42:19
LICI,Mar 2020,ROCE,-2.73,VALID,EBIT / Capital Employed * 100,profitandloss + balancesheet,WEAK,1.0,2026-07-19 11:42:19
LICI,Mar 2020,ROA,0.08,VALID,PAT / Total Assets * 100,profitandloss + balancesheet,WEAK,1.0,2026-07-19 11:42:19
LICI,Mar 2021,NPM,0.43,VALID,Net Profit / Sales * 100,profitandloss,WEAK,1.0,2026-07-19 11:42:19
LICI,Mar 2021,OPM,-0.04,VALID,Operating Profit / Sales * 100,profitandloss,WEAK,1.0,2026-07-19 11:42:19
LICI,Mar 2021,ROE,43.2,VALID,PAT / (Equity + Reserves) * 100,profitandloss + balancesheet,EXCELLENT,1.0,2026-07-19 11:42:19
LICI,Mar 2021,ROCE,-3.66,VALID,EBIT / Capital Employed * 100,profitandloss + balancesheet,WEAK,1.0,2026-07-19 11:42:19
LICI,Mar 2021,ROA,0.08,VALID,PAT / Total Assets * 100,profitandloss + balancesheet,WEAK,1.0,2026-07-19 11:42:19
LICI,Mar 2022,NPM,0.57,VALID,Net Profit / Sales * 100,profitandloss,WEAK,1.0,2026-07-19 11:42:19
LICI,Mar 2022,OPM,0.46,VALID,Operating Profit / Sales * 100,profitandloss,WEAK,1.0,2026-07-19 11:42:19
LICI,Mar 2022,ROE,36.38,VALID,PAT / (Equity + Reserves) * 100,profitandloss + balancesheet,EXCELLENT,1.0,2026-07-19 11:42:19
LICI,Mar 2022,ROCE,29.33,VALID,EBIT / Capital Employed * 100,profitandloss + balancesheet,EXCELLENT,1.0,2026-07-19 11:42:19
LICI,Mar 2022,ROA,0.1,VALID,PAT / Total Assets * 100,profitandloss + balancesheet,WEAK,1.0,2026-07-19 11:42:19
LICI,Mar 2023,NPM,4.59,VALID,Net Profit / Sales * 100,profitandloss,WEAK,1.0,2026-07-19 11:42:19
LICI,Mar 2023,OPM,4.36,VALID,Operating Profit / Sales * 100,profitandloss,WEAK,1.0,2026-07-19 11:42:19
LICI,Mar 2023,ROE,77.86,VALID,PAT / (Equity + Reserves) * 100,profitandloss + balancesheet,EXCELLENT,1.0,2026-07-19 11:42:19
LICI,Mar 2023,ROCE,73.99,VALID,EBIT / Capital Employed * 100,profitandloss + balancesheet,EXCELLENT,1.0,2026-07-19 11:42:19
LICI,Mar 2023,ROA,0.79,VALID,PAT / Total Assets * 100,profitandloss + balancesheet,WEAK,1.0,2026-07-19 11:42:19
LICI,Mar 2024,NPM,4.84,VALID,Net Profit / Sales * 100,profitandloss,WEAK,1.0,2026-07-19 11:42:19
LICI,Mar 2024,OPM,3.87,VALID,Operating Profit / Sales * 100,profitandloss,WEAK,1.0,2026-07-19 11:42:19
LICI,Mar 2024,ROE,49.45,VALID,PAT / (Equity + Reserves) * 100,profitandloss + balancesheet,EXCELLENT,1.0,2026-07-19 11:42:19
LICI,Mar 2024,ROCE,39.61,VALID,EBIT / Capital Employed * 100,profitandloss + balancesheet,EXCELLENT,1.0,2026-07-19 11:42:19
LICI,Mar 2024,ROA,0.77,VALID,PAT / Total Assets * 100,profitandloss + balancesheet,WEAK,1.0,2026-07-19 11:42:19
LODHA,Mar 2011,NPM,12.15,VALID,Net Profit / Sales * 100,profitandloss,GOOD,1.0,2026-07-19 11:42:19
LODHA,Mar 2011,OPM,23.47,VALID,Operating Profit / Sales * 100,profitandloss,GOOD,1.0,2026-07-19 11:42:19
LODHA,Mar 2011,ROE,35.48,VALID,PAT / (Equity + Reserves) * 100,profitandloss + balancesheet,EXCELLENT,1.0,2026-07-19 11:42:19
LODHA,Mar 2011,ROCE,8.04,VALID,EBIT / Capital Employed * 100,profitandloss + balancesheet,WEAK,1.0,2026-07-19 11:42:19
LODHA,Mar 2011,ROA,2.79,VALID,PAT / Total Assets * 100,profitandloss + balancesheet,WEAK,1.0,2026-07-19 11:42:19
LODHA,Mar 2012,NPM,12.9,VALID,Net Profit / Sales * 100,profitandloss,GOOD,1.0,2026-07-19 11:42:19
LODHA,Mar 2012,OPM,24.51,VALID,Operating Profit / Sales * 100,profitandloss,GOOD,1.0,2026-07-19 11:42:19
LODHA,Mar 2012,ROE,33.84,VALID,PAT / (Equity + Reserves) * 100,profitandloss + balancesheet,EXCELLENT,1.0,2026-07-19 11:42:19
LODHA,Mar 2012,ROCE,13.44,VALID,EBIT / Capital Employed * 100,profitandloss + balancesheet,AVERAGE,1.0,2026-07-19 11:42:19
LODHA,Mar 2012,ROA,4.11,VALID,PAT / Total Assets * 100,profitandloss + balancesheet,WEAK,1.0,2026-07-19 11:42:19
LODHA,Mar 2015,NPM,12.8,VALID,Net Profit / Sales * 100,profitandloss,GOOD,1.0,2026-07-19 11:42:19
LODHA,Mar 2015,OPM,23.52,VALID,Operating Profit / Sales * 100,profitandloss,GOOD,1.0,2026-07-19 11:42:19
LODHA,Mar 2015,ROE,24.23,VALID,PAT / (Equity + Reserves) * 100,profitandloss + balancesheet,EXCELLENT,1.0,2026-07-19 11:42:19
LODHA,Mar 2015,ROCE,9.69,VALID,EBIT / Capital Employed * 100,profitandloss + balancesheet,WEAK,1.0,2026-07-19 11:42:19
LODHA,Mar 2015,ROA,2.85,VALID,PAT / Total Assets * 100,profitandloss + balancesheet,WEAK,1.0,2026-07-19 11:42:19
LODHA,Mar 2016,NPM,8.52,VALID,Net Profit / Sales * 100,profitandloss,AVERAGE,1.0,2026-07-19 11:42:19
LODHA,Mar 2016,OPM,25.77,VALID,Operating Profit / Sales * 100,profitandloss,EXCELLENT,1.0,2026-07-19 11:42:19
LODHA,Mar 2016,ROE,17.69,VALID,PAT / (Equity + Reserves) * 100,profitandloss + balancesheet,GOOD,1.0,2026-07-19 11:42:19
LODHA,Mar 2016,ROCE,11.94,VALID,EBIT / Capital Employed * 100,profitandloss + balancesheet,AVERAGE,1.0,2026-07-19 11:42:19
LODHA,Mar 2016,ROA,2.27,VALID,PAT / Total Assets * 100,profitandloss + balancesheet,WEAK,1.0,2026-07-19 11:42:19
LODHA,Mar 2017,NPM,7.37,VALID,Net Profit / Sales * 100,profitandloss,AVERAGE,1.0,2026-07-19 11:42:19
LODHA,Mar 2017,OPM,20.36,VALID,Operating Profit / Sales * 100,profitandloss,GOOD,1.0,2026-07-19 11:42:19
LODHA,Mar 2017,ROE,14.48,VALID,PAT / (Equity + Reserves) * 100,profitandloss + balancesheet,AVERAGE,1.0,2026-07-19 11:42:19
LODHA,Mar 2017,ROCE,7.98,VALID,EBIT / Capital Employed * 100,profitandloss + balancesheet,WEAK,1.0,2026-07-19 11:42:19
LODHA,Mar 2017,ROA,1.72,VALID,PAT / Total Assets * 100,profitandloss + balancesheet,WEAK,1.0,2026-07-19 11:42:19
LODHA,Mar 2018,NPM,8.21,VALID,Net Profit / Sales * 100,profitandloss,AVERAGE,1.0,2026-07-19 11:42:19
LODHA,Mar 2018,OPM,17.38,VALID,Operating Profit / Sales * 100,profitandloss,GOOD,1.0,2026-07-19 11:42:19
LODHA,Mar 2018,ROE,15.41,VALID,PAT / (Equity + Reserves) * 100,profitandloss + balancesheet,GOOD,1.0,2026-07-19 11:42:19
LODHA,Mar 2018,ROCE,6.06,VALID,EBIT / Capital Employed * 100,profitandloss + balancesheet,WEAK,1.0,2026-07-19 11:42:19
LODHA,Mar 2018,ROA,1.97,VALID,PAT / Total Assets * 100,profitandloss + balancesheet,WEAK,1.0,2026-07-19 11:42:19
LODHA,Mar 2019,NPM,13.81,VALID,Net Profit / Sales * 100,profitandloss,GOOD,1.0,2026-07-19 11:42:19
LODHA,Mar 2019,OPM,26.7,VALID,Operating Profit / Sales * 100,profitandloss,EXCELLENT,1.0,2026-07-19 11:42:19
LODHA,Mar 2019,ROE,42.8,VALID,PAT / (Equity + Reserves) * 100,profitandloss + balancesheet,EXCELLENT,1.0,2026-07-19 11:42:19
LODHA,Mar 2019,ROCE,10.78,VALID,EBIT / Capital Employed * 100,profitandloss + balancesheet,AVERAGE,1.0,2026-07-19 11:42:19
LODHA,Mar 2019,ROA,3.3,VALID,PAT / Total Assets * 100,profitandloss + balancesheet,WEAK,1.0,2026-07-19 11:42:19
LODHA,Mar 2020,NPM,5.96,VALID,Net Profit / Sales * 100,profitandloss,AVERAGE,1.0,2026-07-19 11:42:19
LODHA,Mar 2020,OPM,15.41,VALID,Operating Profit / Sales * 100,profitandloss,GOOD,1.0,2026-07-19 11:42:19
LODHA,Mar 2020,ROE,16.3,VALID,PAT / (Equity + Reserves) * 100,profitandloss + balancesheet,GOOD,1.0,2026-07-19 11:42:19
LODHA,Mar 2020,ROCE,8.34,VALID,EBIT / Capital Employed * 100,profitandloss + balancesheet,WEAK,1.0,2026-07-19 11:42:19
LODHA,Mar 2020,ROA,1.82,VALID,PAT / Total Assets * 100,profitandloss + balancesheet,WEAK,1.0,2026-07-19 11:42:19
LODHA,Mar 2021,NPM,0.88,VALID,Net Profit / Sales * 100,profitandloss,WEAK,1.0,2026-07-19 11:42:19
LODHA,Mar 2021,OPM,25.38,VALID,Operating Profit / Sales * 100,profitandloss,EXCELLENT,1.0,2026-07-19 11:42:19
LODHA,Mar 2021,ROE,1.04,VALID,PAT / (Equity + Reserves) * 100,profitandloss + balancesheet,WEAK,1.0,2026-07-19 11:42:19
LODHA,Mar 2021,ROCE,6.07,VALID,EBIT / Capital Employed * 100,profitandloss + balancesheet,WEAK,1.0,2026-07-19 11:42:19
LODHA,Mar 2021,ROA,0.12,VALID,PAT / Total Assets * 100,profitandloss + balancesheet,WEAK,1.0,2026-07-19 11:42:19
LODHA,Mar 2022,NPM,13.08,VALID,Net Profit / Sales * 100,profitandloss,GOOD,1.0,2026-07-19 11:42:19
LODHA,Mar 2022,OPM,23.68,VALID,Operating Profit / Sales * 100,profitandloss,GOOD,1.0,2026-07-19 11:42:19
LODHA,Mar 2022,ROE,9.98,VALID,PAT / (Equity + Reserves) * 100,profitandloss + balancesheet,WEAK,1.0,2026-07-19 11:42:19
LODHA,Mar 2022,ROCE,9.25,VALID,EBIT / Capital Employed * 100,profitandloss + balancesheet,WEAK,1.0,2026-07-19 11:42:19
LODHA,Mar 2022,ROA,3.15,VALID,PAT / Total Assets * 100,profitandloss + balancesheet,WEAK,1.0,2026-07-19 11:42:19
LODHA,Mar 2023,NPM,5.17,VALID,Net Profit / Sales * 100,profitandloss,AVERAGE,1.0,2026-07-19 11:42:19
LODHA,Mar 2023,OPM,21.8,VALID,Operating Profit / Sales * 100,profitandloss,GOOD,1.0,2026-07-19 11:42:19
LODHA,Mar 2023,ROE,3.87,VALID,PAT / (Equity + Reserves) * 100,profitandloss + balancesheet,WEAK,1.0,2026-07-19 11:42:19
LODHA,Mar 2023,ROCE,9.5,VALID,EBIT / Capital Employed * 100,profitandloss + balancesheet,WEAK,1.0,2026-07-19 11:42:19
LODHA,Mar 2023,ROA,1.25,VALID,PAT / Total Assets * 100,profitandloss + balancesheet,WEAK,1.0,2026-07-19 11:42:19
LODHA,Mar 2024,NPM,15.06,VALID,Net Profit / Sales * 100,profitandloss,EXCELLENT,1.0,2026-07-19 11:42:19
LODHA,Mar 2024,OPM,25.83,VALID,Operating Profit / Sales * 100,profitandloss,EXCELLENT,1.0,2026-07-19 11:42:19
LODHA,Mar 2024,ROE,8.9,VALID,PAT / (Equity + Reserves) * 100,profitandloss + balancesheet,WEAK,1.0,2026-07-19 11:42:19
LODHA,Mar 2024,ROCE,10.59,VALID,EBIT / Capital Employed * 100,profitandloss + balancesheet,AVERAGE,1.0,2026-07-19 11:42:19
LODHA,Mar 2024,ROA,3.29,VALID,PAT / Total Assets * 100,profitandloss + balancesheet,WEAK,1.0,2026-07-19 11:42:19
LT,Mar 2013,NPM,7.11,VALID,Net Profit / Sales * 100,profitandloss,AVERAGE,1.0,2026-07-19 11:42:19
LT,Mar 2013,OPM,15.31,VALID,Operating Profit / Sales * 100,profitandloss,GOOD,1.0,2026-07-19 11:42:19
LT,Mar 2013,ROE,395.15,VALID,PAT / (Equity + Reserves) * 100,profitandloss + balancesheet,EXCELLENT,1.0,2026-07-19 11:42:19
LT,Mar 2013,ROCE,724.35,VALID,EBIT / Capital Employed * 100,profitandloss + balancesheet,EXCELLENT,1.0,2026-07-19 11:42:19
LT,Mar 2013,ROA,227.28,VALID,PAT / Total Assets * 100,profitandloss + balancesheet,EXCELLENT,1.0,2026-07-19 11:42:19
LT,Mar 2014,NPM,5.74,VALID,Net Profit / Sales * 100,profitandloss,AVERAGE,1.0,2026-07-19 11:42:19
LT,Mar 2014,OPM,16.56,VALID,Operating Profit / Sales * 100,profitandloss,GOOD,1.0,2026-07-19 11:42:19
LT,Mar 2014,ROE,303.42,VALID,PAT / (Equity + Reserves) * 100,profitandloss + balancesheet,EXCELLENT,1.0,2026-07-19 11:42:19
LT,Mar 2014,ROCE,818.95,VALID,EBIT / Capital Employed * 100,profitandloss + balancesheet,EXCELLENT,1.0,2026-07-19 11:42:19
LT,Mar 2014,ROA,183.23,VALID,PAT / Total Assets * 100,profitandloss + balancesheet,EXCELLENT,1.0,2026-07-19 11:42:19
LT,Mar 2015,NPM,5.4,VALID,Net Profit / Sales * 100,profitandloss,AVERAGE,1.0,2026-07-19 11:42:19
LT,Mar 2015,OPM,17.06,VALID,Operating Profit / Sales * 100,profitandloss,GOOD,1.0,2026-07-19 11:42:19
LT,Mar 2015,ROE,245.11,VALID,PAT / (Equity + Reserves) * 100,profitandloss + balancesheet,EXCELLENT,1.0,2026-07-19 11:42:19
LT,Mar 2015,ROCE,698.93,VALID,EBIT / Capital Employed * 100,profitandloss + balancesheet,EXCELLENT,1.0,2026-07-19 11:42:19
LT,Mar 2015,ROA,166.76,VALID,PAT / Total Assets * 100,profitandloss + balancesheet,EXCELLENT,1.0,2026-07-19 11:42:19
LT,Mar 2016,NPM,4.54,VALID,Net Profit / Sales * 100,profitandloss,WEAK,1.0,2026-07-19 11:42:19
LT,Mar 2016,OPM,15.31,VALID,Operating Profit / Sales * 100,profitandloss,GOOD,1.0,2026-07-19 11:42:19
LT,Mar 2016,ROE,216.09,VALID,PAT / (Equity + Reserves) * 100,profitandloss + balancesheet,EXCELLENT,1.0,2026-07-19 11:42:19
LT,Mar 2016,ROCE,710.37,VALID,EBIT / Capital Employed * 100,profitandloss + balancesheet,EXCELLENT,1.0,2026-07-19 11:42:19
LT,Mar 2016,ROA,146.38,VALID,PAT / Total Assets * 100,profitandloss + balancesheet,EXCELLENT,1.0,2026-07-19 11:42:19
LT,Mar 2017,NPM,5.93,VALID,Net Profit / Sales * 100,profitandloss,AVERAGE,1.0,2026-07-19 11:42:19
LT,Mar 2017,OPM,15.2,VALID,Operating Profit / Sales * 100,profitandloss,GOOD,1.0,2026-07-19 11:42:19
LT,Mar 2017,ROE,206.3,VALID,PAT / (Equity + Reserves) * 100,profitandloss + balancesheet,EXCELLENT,1.0,2026-07-19 11:42:19
LT,Mar 2017,ROCE,528.63,VALID,EBIT / Capital Employed * 100,profitandloss + balancesheet,EXCELLENT,1.0,2026-07-19 11:42:19
LT,Mar 2017,ROA,146.84,VALID,PAT / Total Assets * 100,profitandloss + balancesheet,EXCELLENT,1.0,2026-07-19 11:42:19
LT,Mar 2018,NPM,6.69,VALID,Net Profit / Sales * 100,profitandloss,AVERAGE,1.0,2026-07-19 11:42:19
LT,Mar 2018,OPM,16.8,VALID,Operating Profit / Sales * 100,profitandloss,GOOD,1.0,2026-07-19 11:42:19
LT,Mar 2018,ROE,207.36,VALID,PAT / (Equity + Reserves) * 100,profitandloss + balancesheet,EXCELLENT,1.0,2026-07-19 11:42:19
LT,Mar 2018,ROCE,521.01,VALID,EBIT / Capital Employed * 100,profitandloss + balancesheet,EXCELLENT,1.0,2026-07-19 11:42:19
LT,Mar 2018,ROA,149.97,VALID,PAT / Total Assets * 100,profitandloss + balancesheet,EXCELLENT,1.0,2026-07-19 11:42:19
LT,Mar 2019,NPM,7.56,VALID,Net Profit / Sales * 100,profitandloss,AVERAGE,1.0,2026-07-19 11:42:19
LT,Mar 2019,OPM,16.91,VALID,Operating Profit / Sales * 100,profitandloss,GOOD,1.0,2026-07-19 11:42:19
LT,Mar 2019,ROE,208.81,VALID,PAT / (Equity + Reserves) * 100,profitandloss + balancesheet,EXCELLENT,1.0,2026-07-19 11:42:19
LT,Mar 2019,ROCE,467.32,VALID,EBIT / Capital Employed * 100,profitandloss + balancesheet,EXCELLENT,1.0,2026-07-19 11:42:19
LT,Mar 2019,ROA,153.32,VALID,PAT / Total Assets * 100,profitandloss + balancesheet,EXCELLENT,1.0,2026-07-19 11:42:19
LT,Mar 2020,NPM,7.49,VALID,Net Profit / Sales * 100,profitandloss,AVERAGE,1.0,2026-07-19 11:42:19
LT,Mar 2020,OPM,16.88,VALID,Operating Profit / Sales * 100,profitandloss,GOOD,1.0,2026-07-19 11:42:19
LT,Mar 2020,ROE,201.59,VALID,PAT / (Equity + Reserves) * 100,profitandloss + balancesheet,EXCELLENT,1.0,2026-07-19 11:42:19
LT,Mar 2020,ROCE,388.74,VALID,EBIT / Capital Employed * 100,profitandloss + balancesheet,EXCELLENT,1.0,2026-07-19 11:42:19
LT,Mar 2020,ROA,123.58,VALID,PAT / Total Assets * 100,profitandloss + balancesheet,EXCELLENT,1.0,2026-07-19 11:42:19
LT,Mar 2021,NPM,9.5,VALID,Net Profit / Sales * 100,profitandloss,AVERAGE,1.0,2026-07-19 11:42:19
LT,Mar 2021,OPM,17.25,VALID,Operating Profit / Sales * 100,profitandloss,GOOD,1.0,2026-07-19 11:42:19
LT,Mar 2021,ROE,176.9,VALID,PAT / (Equity + Reserves) * 100,profitandloss + balancesheet,EXCELLENT,1.0,2026-07-19 11:42:19
LT,Mar 2021,ROCE,289.56,VALID,EBIT / Capital Employed * 100,profitandloss + balancesheet,EXCELLENT,1.0,2026-07-19 11:42:19
LT,Mar 2021,ROA,120.69,VALID,PAT / Total Assets * 100,profitandloss + balancesheet,EXCELLENT,1.0,2026-07-19 11:42:19
LT,Mar 2022,NPM,6.66,VALID,Net Profit / Sales * 100,profitandloss,AVERAGE,1.0,2026-07-19 11:42:19
LT,Mar 2022,OPM,15.53,VALID,Operating Profit / Sales * 100,profitandloss,GOOD,1.0,2026-07-19 11:42:19
LT,Mar 2022,ROE,72.92,VALID,PAT / (Equity + Reserves) * 100,profitandloss + balancesheet,EXCELLENT,1.0,2026-07-19 11:42:19
LT,Mar 2022,ROCE,167.15,VALID,EBIT / Capital Employed * 100,profitandloss + balancesheet,EXCELLENT,1.0,2026-07-19 11:42:19
LT,Mar 2022,ROA,50.65,VALID,PAT / Total Assets * 100,profitandloss + balancesheet,EXCELLENT,1.0,2026-07-19 11:42:19
LT,Mar 2023,NPM,6.83,VALID,Net Profit / Sales * 100,profitandloss,AVERAGE,1.0,2026-07-19 11:42:19
LT,Mar 2023,OPM,14.82,VALID,Operating Profit / Sales * 100,profitandloss,AVERAGE,1.0,2026-07-19 11:42:19
LT,Mar 2023,ROE,75.52,VALID,PAT / (Equity + Reserves) * 100,profitandloss + balancesheet,EXCELLENT,1.0,2026-07-19 11:42:19
LT,Mar 2023,ROCE,149.82,VALID,EBIT / Capital Employed * 100,profitandloss + balancesheet,EXCELLENT,1.0,2026-07-19 11:42:19
LT,Mar 2023,ROA,53.37,VALID,PAT / Total Assets * 100,profitandloss + balancesheet,EXCELLENT,1.0,2026-07-19 11:42:19
LT,Mar 2024,NPM,7.03,VALID,Net Profit / Sales * 100,profitandloss,AVERAGE,1.0,2026-07-19 11:42:19
LT,Mar 2024,OPM,13.51,VALID,Operating Profit / Sales * 100,profitandloss,AVERAGE,1.0,2026-07-19 11:42:19
LT,Mar 2024,ROE,77.67,VALID,PAT / (Equity + Reserves) * 100,profitandloss + balancesheet,EXCELLENT,1.0,2026-07-19 11:42:19
LT,Mar 2024,ROCE,135.2,VALID,EBIT / Capital Employed * 100,profitandloss + balancesheet,EXCELLENT,1.0,2026-07-19 11:42:19
LT,Mar 2024,ROA,56.44,VALID,PAT / Total Assets * 100,profitandloss + balancesheet,EXCELLENT,1.0,2026-07-19 11:42:19
LTIM,Mar 2013,NPM,14.59,VALID,Net Profit / Sales * 100,profitandloss,GOOD,1.0,2026-07-19 11:42:19
LTIM,Mar 2013,OPM,22.59,VALID,Operating Profit / Sales * 100,profitandloss,GOOD,1.0,2026-07-19 11:42:19
LTIM,Mar 2013,ROE,41.97,VALID,PAT / (Equity + Reserves) * 100,profitandloss + balancesheet,EXCELLENT,1.0,2026-07-19 11:42:19
LTIM,Mar 2013,ROCE,55.31,VALID,EBIT / Capital Employed * 100,profitandloss + balancesheet,EXCELLENT,1.0,2026-07-19 11:42:19
LTIM,Mar 2013,ROA,24.14,VALID,PAT / Total Assets * 100,profitandloss + balancesheet,EXCELLENT,1.0,2026-07-19 11:42:19
LTIM,Mar 2014,NPM,20.24,VALID,Net Profit / Sales * 100,profitandloss,EXCELLENT,1.0,2026-07-19 11:42:19
LTIM,Mar 2014,OPM,23.31,VALID,Operating Profit / Sales * 100,profitandloss,GOOD,1.0,2026-07-19 11:42:19
LTIM,Mar 2014,ROE,61.86,VALID,PAT / (Equity + Reserves) * 100,profitandloss + balancesheet,EXCELLENT,1.0,2026-07-19 11:42:19
LTIM,Mar 2014,ROCE,66.69,VALID,EBIT / Capital Employed * 100,profitandloss + balancesheet,EXCELLENT,1.0,2026-07-19 11:42:19
LTIM,Mar 2014,ROA,37.36,VALID,PAT / Total Assets * 100,profitandloss + balancesheet,EXCELLENT,1.0,2026-07-19 11:42:19
LTIM,Mar 2015,NPM,15.45,VALID,Net Profit / Sales * 100,profitandloss,EXCELLENT,1.0,2026-07-19 11:42:19
LTIM,Mar 2015,OPM,20.19,VALID,Operating Profit / Sales * 100,profitandloss,GOOD,1.0,2026-07-19 11:42:19
LTIM,Mar 2015,ROE,37.96,VALID,PAT / (Equity + Reserves) * 100,profitandloss + balancesheet,EXCELLENT,1.0,2026-07-19 11:42:19
LTIM,Mar 2015,ROCE,44.79,VALID,EBIT / Capital Employed * 100,profitandloss + balancesheet,EXCELLENT,1.0,2026-07-19 11:42:19
LTIM,Mar 2015,ROA,25.82,VALID,PAT / Total Assets * 100,profitandloss + balancesheet,EXCELLENT,1.0,2026-07-19 11:42:19
LTIM,Mar 2016,NPM,14.3,VALID,Net Profit / Sales * 100,profitandloss,GOOD,1.0,2026-07-19 11:42:19
LTIM,Mar 2016,OPM,17.58,VALID,Operating Profit / Sales * 100,profitandloss,GOOD,1.0,2026-07-19 11:42:19
LTIM,Mar 2016,ROE,39.34,VALID,PAT / (Equity + Reserves) * 100,profitandloss + balancesheet,EXCELLENT,1.0,2026-07-19 11:42:19
LTIM,Mar 2016,ROCE,47.16,VALID,EBIT / Capital Employed * 100,profitandloss + balancesheet,EXCELLENT,1.0,2026-07-19 11:42:19
LTIM,Mar 2016,ROA,26.65,VALID,PAT / Total Assets * 100,profitandloss + balancesheet,EXCELLENT,1.0,2026-07-19 11:42:19
LTIM,Mar 2017,NPM,14.94,VALID,Net Profit / Sales * 100,profitandloss,GOOD,1.0,2026-07-19 11:42:19
LTIM,Mar 2017,OPM,18.92,VALID,Operating Profit / Sales * 100,profitandloss,GOOD,1.0,2026-07-19 11:42:19
LTIM,Mar 2017,ROE,30.88,VALID,PAT / (Equity + Reserves) * 100,profitandloss + balancesheet,EXCELLENT,1.0,2026-07-19 11:42:19
LTIM,Mar 2017,ROCE,39.12,VALID,EBIT / Capital Employed * 100,profitandloss + balancesheet,EXCELLENT,1.0,2026-07-19 11:42:19
LTIM,Mar 2017,ROA,21.98,VALID,PAT / Total Assets * 100,profitandloss + balancesheet,EXCELLENT,1.0,2026-07-19 11:42:19
LTIM,Mar 2018,NPM,15.22,VALID,Net Profit / Sales * 100,profitandloss,EXCELLENT,1.0,2026-07-19 11:42:19
LTIM,Mar 2018,OPM,16.25,VALID,Operating Profit / Sales * 100,profitandloss,GOOD,1.0,2026-07-19 11:42:19
LTIM,Mar 2018,ROE,28.81,VALID,PAT / (Equity + Reserves) * 100,profitandloss + balancesheet,EXCELLENT,1.0,2026-07-19 11:42:19
LTIM,Mar 2018,ROCE,30.75,VALID,EBIT / Capital Employed * 100,profitandloss + balancesheet,EXCELLENT,1.0,2026-07-19 11:42:19
LTIM,Mar 2018,ROA,20.84,VALID,PAT / Total Assets * 100,profitandloss + balancesheet,EXCELLENT,1.0,2026-07-19 11:42:19
LTIM,Mar 2019,NPM,16.05,VALID,Net Profit / Sales * 100,profitandloss,EXCELLENT,1.0,2026-07-19 11:42:19
LTIM,Mar 2019,OPM,19.93,VALID,Operating Profit / Sales * 100,profitandloss,GOOD,1.0,2026-07-19 11:42:19
LTIM,Mar 2019,ROE,30.98,VALID,PAT / (Equity + Reserves) * 100,profitandloss + balancesheet,EXCELLENT,1.0,2026-07-19 11:42:19
LTIM,Mar 2019,ROCE,38.48,VALID,EBIT / Capital Employed * 100,profitandloss + balancesheet,EXCELLENT,1.0,2026-07-19 11:42:19
LTIM,Mar 2019,ROA,22.75,VALID,PAT / Total Assets * 100,profitandloss + balancesheet,EXCELLENT,1.0,2026-07-19 11:42:19
LTIM,Mar 2020,NPM,13.97,VALID,Net Profit / Sales * 100,profitandloss,GOOD,1.0,2026-07-19 11:42:19
LTIM,Mar 2020,OPM,18.65,VALID,Operating Profit / Sales * 100,profitandloss,GOOD,1.0,2026-07-19 11:42:19
LTIM,Mar 2020,ROE,28.13,VALID,PAT / (Equity + Reserves) * 100,profitandloss + balancesheet,EXCELLENT,1.0,2026-07-19 11:42:19
LTIM,Mar 2020,ROCE,32.12,VALID,EBIT / Capital Employed * 100,profitandloss + balancesheet,EXCELLENT,1.0,2026-07-19 11:42:19
LTIM,Mar 2020,ROA,17.24,VALID,PAT / Total Assets * 100,profitandloss + balancesheet,EXCELLENT,1.0,2026-07-19 11:42:19
LTIM,Mar 2021,NPM,15.67,VALID,Net Profit / Sales * 100,profitandloss,EXCELLENT,1.0,2026-07-19 11:42:19
LTIM,Mar 2021,OPM,22.03,VALID,Operating Profit / Sales * 100,profitandloss,GOOD,1.0,2026-07-19 11:42:19
LTIM,Mar 2021,ROE,26.53,VALID,PAT / (Equity + Reserves) * 100,profitandloss + balancesheet,EXCELLENT,1.0,2026-07-19 11:42:19
LTIM,Mar 2021,ROCE,33.63,VALID,EBIT / Capital Employed * 100,profitandloss + balancesheet,EXCELLENT,1.0,2026-07-19 11:42:19
LTIM,Mar 2021,ROA,18.1,VALID,PAT / Total Assets * 100,profitandloss + balancesheet,EXCELLENT,1.0,2026-07-19 11:42:19
LTIM,Mar 2022,NPM,15.13,VALID,Net Profit / Sales * 100,profitandloss,EXCELLENT,1.0,2026-07-19 11:42:19
LTIM,Mar 2022,OPM,20.1,VALID,Operating Profit / Sales * 100,profitandloss,GOOD,1.0,2026-07-19 11:42:19
LTIM,Mar 2022,ROE,27.65,VALID,PAT / (Equity + Reserves) * 100,profitandloss + balancesheet,EXCELLENT,1.0,2026-07-19 11:42:19
LTIM,Mar 2022,ROCE,36.09,VALID,EBIT / Capital Employed * 100,profitandloss + balancesheet,EXCELLENT,1.0,2026-07-19 11:42:19
LTIM,Mar 2022,ROA,19.2,VALID,PAT / Total Assets * 100,profitandloss + balancesheet,EXCELLENT,1.0,2026-07-19 11:42:19
LTIM,Mar 2023,NPM,13.29,VALID,Net Profit / Sales * 100,profitandloss,GOOD,1.0,2026-07-19 11:42:19
LTIM,Mar 2023,OPM,18.41,VALID,Operating Profit / Sales * 100,profitandloss,GOOD,1.0,2026-07-19 11:42:19
LTIM,Mar 2023,ROE,26.58,VALID,PAT / (Equity + Reserves) * 100,profitandloss + balancesheet,EXCELLENT,1.0,2026-07-19 11:42:19
LTIM,Mar 2023,ROCE,33.68,VALID,EBIT / Capital Employed * 100,profitandloss + balancesheet,EXCELLENT,1.0,2026-07-19 11:42:19
LTIM,Mar 2023,ROA,18.78,VALID,PAT / Total Assets * 100,profitandloss + balancesheet,EXCELLENT,1.0,2026-07-19 11:42:19
LTIM,Mar 2024,NPM,12.91,VALID,Net Profit / Sales * 100,profitandloss,GOOD,1.0,2026-07-19 11:42:19
LTIM,Mar 2024,OPM,17.98,VALID,Operating Profit / Sales * 100,profitandloss,GOOD,1.0,2026-07-19 11:42:19
LTIM,Mar 2024,ROE,22.9,VALID,PAT / (Equity + Reserves) * 100,profitandloss + balancesheet,EXCELLENT,1.0,2026-07-19 11:42:19
LTIM,Mar 2024,ROCE,28.91,VALID,EBIT / Capital Employed * 100,profitandloss + balancesheet,EXCELLENT,1.0,2026-07-19 11:42:19
LTIM,Mar 2024,ROA,16.65,VALID,PAT / Total Assets * 100,profitandloss + balancesheet,EXCELLENT,1.0,2026-07-19 11:42:19
M&M,Mar 2013,NPM,6.01,VALID,Net Profit / Sales * 100,profitandloss,AVERAGE,1.0,2026-07-19 11:42:19
M&M,Mar 2013,OPM,13.27,VALID,Operating Profit / Sales * 100,profitandloss,AVERAGE,1.0,2026-07-19 11:42:19
M&M,Mar 2013,ROE,20.69,VALID,PAT / (Equity + Reserves) * 100,profitandloss + balancesheet,EXCELLENT,1.0,2026-07-19 11:42:19
M&M,Mar 2013,ROCE,18.73,VALID,EBIT / Capital Employed * 100,profitandloss + balancesheet,GOOD,1.0,2026-07-19 11:42:19
M&M,Mar 2013,ROA,5.42,VALID,PAT / Total Assets * 100,profitandloss + balancesheet,AVERAGE,1.0,2026-07-19 11:42:19
M&M,Mar 2014,NPM,6.96,VALID,Net Profit / Sales * 100,profitandloss,AVERAGE,1.0,2026-07-19 11:42:19
M&M,Mar 2014,OPM,13.74,VALID,Operating Profit / Sales * 100,profitandloss,AVERAGE,1.0,2026-07-19 11:42:19
M&M,Mar 2014,ROE,22.11,VALID,PAT / (Equity + Reserves) * 100,profitandloss + balancesheet,EXCELLENT,1.0,2026-07-19 11:42:19
M&M,Mar 2014,ROCE,17.39,VALID,EBIT / Capital Employed * 100,profitandloss + balancesheet,GOOD,1.0,2026-07-19 11:42:19
M&M,Mar 2014,ROA,5.86,VALID,PAT / Total Assets * 100,profitandloss + balancesheet,AVERAGE,1.0,2026-07-19 11:42:19
M&M,Mar 2015,NPM,4.73,VALID,Net Profit / Sales * 100,profitandloss,WEAK,1.0,2026-07-19 11:42:19
M&M,Mar 2015,OPM,12.31,VALID,Operating Profit / Sales * 100,profitandloss,AVERAGE,1.0,2026-07-19 11:42:19
M&M,Mar 2015,ROE,13.08,VALID,PAT / (Equity + Reserves) * 100,profitandloss + balancesheet,AVERAGE,1.0,2026-07-19 11:42:19
M&M,Mar 2015,ROCE,13.79,VALID,EBIT / Capital Employed * 100,profitandloss + balancesheet,AVERAGE,1.0,2026-07-19 11:42:19
M&M,Mar 2015,ROA,3.58,VALID,PAT / Total Assets * 100,profitandloss + balancesheet,WEAK,1.0,2026-07-19 11:42:19
M&M,Mar 2016,NPM,4.69,VALID,Net Profit / Sales * 100,profitandloss,WEAK,1.0,2026-07-19 11:42:19
M&M,Mar 2016,OPM,13.29,VALID,Operating Profit / Sales * 100,profitandloss,AVERAGE,1.0,2026-07-19 11:42:19
M&M,Mar 2016,ROE,13.42,VALID,PAT / (Equity + Reserves) * 100,profitandloss + balancesheet,AVERAGE,1.0,2026-07-19 11:42:19
M&M,Mar 2016,ROCE,14.82,VALID,EBIT / Capital Employed * 100,profitandloss + balancesheet,AVERAGE,1.0,2026-07-19 11:42:19
M&M,Mar 2016,ROA,3.56,VALID,PAT / Total Assets * 100,profitandloss + balancesheet,WEAK,1.0,2026-07-19 11:42:19
M&M,Mar 2017,NPM,4.84,VALID,Net Profit / Sales * 100,profitandloss,WEAK,1.0,2026-07-19 11:42:19
M&M,Mar 2017,OPM,12.81,VALID,Operating Profit / Sales * 100,profitandloss,AVERAGE,1.0,2026-07-19 11:42:19
M&M,Mar 2017,ROE,13.6,VALID,PAT / (Equity + Reserves) * 100,profitandloss + balancesheet,AVERAGE,1.0,2026-07-19 11:42:19
M&M,Mar 2017,ROCE,13.67,VALID,EBIT / Capital Employed * 100,profitandloss + balancesheet,AVERAGE,1.0,2026-07-19 11:42:19
M&M,Mar 2017,ROA,3.56,VALID,PAT / Total Assets * 100,profitandloss + balancesheet,WEAK,1.0,2026-07-19 11:42:19
M&M,Mar 2018,NPM,8.64,VALID,Net Profit / Sales * 100,profitandloss,AVERAGE,1.0,2026-07-19 11:42:19
M&M,Mar 2018,OPM,14.36,VALID,Operating Profit / Sales * 100,profitandloss,AVERAGE,1.0,2026-07-19 11:42:19
M&M,Mar 2018,ROE,21.64,VALID,PAT / (Equity + Reserves) * 100,profitandloss + balancesheet,EXCELLENT,1.0,2026-07-19 11:42:19
M&M,Mar 2018,ROCE,14.27,VALID,EBIT / Capital Employed * 100,profitandloss + balancesheet,AVERAGE,1.0,2026-07-19 11:42:19
M&M,Mar 2018,ROA,5.84,VALID,PAT / Total Assets * 100,profitandloss + balancesheet,AVERAGE,1.0,2026-07-19 11:42:19
M&M,Mar 2019,NPM,5.75,VALID,Net Profit / Sales * 100,profitandloss,AVERAGE,1.0,2026-07-19 11:42:19
M&M,Mar 2019,OPM,14.52,VALID,Operating Profit / Sales * 100,profitandloss,AVERAGE,1.0,2026-07-19 11:42:19
M&M,Mar 2019,ROE,15.05,VALID,PAT / (Equity + Reserves) * 100,profitandloss + balancesheet,GOOD,1.0,2026-07-19 11:42:19
M&M,Mar 2019,ROCE,13.72,VALID,EBIT / Capital Employed * 100,profitandloss + balancesheet,AVERAGE,1.0,2026-07-19 11:42:19
M&M,Mar 2019,ROA,3.72,VALID,PAT / Total Assets * 100,profitandloss + balancesheet,WEAK,1.0,2026-07-19 11:42:19
M&M,Mar 2020,NPM,-0.43,VALID,Net Profit / Sales * 100,profitandloss,WEAK,1.0,2026-07-19 11:42:19
M&M,Mar 2020,OPM,13.48,VALID,Operating Profit / Sales * 100,profitandloss,AVERAGE,1.0,2026-07-19 11:42:19
M&M,Mar 2020,ROE,-0.8,VALID,PAT / (Equity + Reserves) * 100,profitandloss + balancesheet,WEAK,1.0,2026-07-19 11:42:19
M&M,Mar 2020,ROCE,8.32,VALID,EBIT / Capital Employed * 100,profitandloss + balancesheet,WEAK,1.0,2026-07-19 11:42:19
M&M,Mar 2020,ROA,-0.19,VALID,PAT / Total Assets * 100,profitandloss + balancesheet,WEAK,1.0,2026-07-19 11:42:19
M&M,Mar 2021,NPM,2.04,VALID,Net Profit / Sales * 100,profitandloss,WEAK,1.0,2026-07-19 11:42:19
M&M,Mar 2021,OPM,15.46,VALID,Operating Profit / Sales * 100,profitandloss,GOOD,1.0,2026-07-19 11:42:19
M&M,Mar 2021,ROE,3.64,VALID,PAT / (Equity + Reserves) * 100,profitandloss + balancesheet,WEAK,1.0,2026-07-19 11:42:19
M&M,Mar 2021,ROCE,9.4,VALID,EBIT / Capital Employed * 100,profitandloss + balancesheet,WEAK,1.0,2026-07-19 11:42:19
M&M,Mar 2021,ROA,0.92,VALID,PAT / Total Assets * 100,profitandloss + balancesheet,WEAK,1.0,2026-07-19 11:42:19
M&M,Mar 2022,NPM,8.04,VALID,Net Profit / Sales * 100,profitandloss,AVERAGE,1.0,2026-07-19 11:42:19
M&M,Mar 2022,OPM,16.28,VALID,Operating Profit / Sales * 100,profitandloss,GOOD,1.0,2026-07-19 11:42:19
M&M,Mar 2022,ROE,15.39,VALID,PAT / (Equity + Reserves) * 100,profitandloss + balancesheet,GOOD,1.0,2026-07-19 11:42:19
M&M,Mar 2022,ROCE,11.77,VALID,EBIT / Capital Employed * 100,profitandloss + balancesheet,AVERAGE,1.0,2026-07-19 11:42:19
M&M,Mar 2022,ROA,4.21,VALID,PAT / Total Assets * 100,profitandloss + balancesheet,WEAK,1.0,2026-07-19 11:42:19
M&M,Mar 2023,NPM,9.38,VALID,Net Profit / Sales * 100,profitandloss,AVERAGE,1.0,2026-07-19 11:42:19
M&M,Mar 2023,OPM,16.73,VALID,Operating Profit / Sales * 100,profitandloss,GOOD,1.0,2026-07-19 11:42:19
M&M,Mar 2023,ROE,20.18,VALID,PAT / (Equity + Reserves) * 100,profitandloss + balancesheet,EXCELLENT,1.0,2026-07-19 11:42:19
M&M,Mar 2023,ROCE,13.65,VALID,EBIT / Capital Employed * 100,profitandloss + balancesheet,AVERAGE,1.0,2026-07-19 11:42:19
M&M,Mar 2023,ROA,5.57,VALID,PAT / Total Assets * 100,profitandloss + balancesheet,AVERAGE,1.0,2026-07-19 11:42:19
M&M,Mar 2024,NPM,8.82,VALID,Net Profit / Sales * 100,profitandloss,AVERAGE,1.0,2026-07-19 11:42:19
M&M,Mar 2024,OPM,17.9,VALID,Operating Profit / Sales * 100,profitandloss,GOOD,1.0,2026-07-19 11:42:19
M&M,Mar 2024,ROE,18.54,VALID,PAT / (Equity + Reserves) * 100,profitandloss + balancesheet,GOOD,1.0,2026-07-19 11:42:19
M&M,Mar 2024,ROCE,14.24,VALID,EBIT / Capital Employed * 100,profitandloss + balancesheet,AVERAGE,1.0,2026-07-19 11:42:19
M&M,Mar 2024,ROA,5.23,VALID,PAT / Total Assets * 100,profitandloss + balancesheet,AVERAGE,1.0,2026-07-19 11:42:19
MARUTI,Mar 2013,NPM,5.58,VALID,Net Profit / Sales * 100,profitandloss,AVERAGE,1.0,2026-07-19 11:42:19
MARUTI,Mar 2013,OPM,9.84,VALID,Operating Profit / Sales * 100,profitandloss,WEAK,1.0,2026-07-19 11:42:19
MARUTI,Mar 2013,ROE,12.98,VALID,PAT / (Equity + Reserves) * 100,profitandloss + balancesheet,AVERAGE,1.0,2026-07-19 11:42:19
MARUTI,Mar 2013,ROCE,21.17,VALID,EBIT / Capital Employed * 100,profitandloss + balancesheet,EXCELLENT,1.0,2026-07-19 11:42:19
MARUTI,Mar 2013,ROA,8.98,VALID,PAT / Total Assets * 100,profitandloss + balancesheet,AVERAGE,1.0,2026-07-19 11:42:19
MARUTI,Mar 2014,NPM,6.41,VALID,Net Profit / Sales * 100,profitandloss,AVERAGE,1.0,2026-07-19 11:42:19
MARUTI,Mar 2014,OPM,11.92,VALID,Operating Profit / Sales * 100,profitandloss,AVERAGE,1.0,2026-07-19 11:42:19
MARUTI,Mar 2014,ROE,13.28,VALID,PAT / (Equity + Reserves) * 100,profitandloss + balancesheet,AVERAGE,1.0,2026-07-19 11:42:19
MARUTI,Mar 2014,ROCE,22.6,VALID,EBIT / Capital Employed * 100,profitandloss + balancesheet,EXCELLENT,1.0,2026-07-19 11:42:19
MARUTI,Mar 2014,ROA,9.07,VALID,PAT / Total Assets * 100,profitandloss + balancesheet,AVERAGE,1.0,2026-07-19 11:42:19
MARUTI,Mar 2015,NPM,7.5,VALID,Net Profit / Sales * 100,profitandloss,AVERAGE,1.0,2026-07-19 11:42:19
MARUTI,Mar 2015,OPM,13.57,VALID,Operating Profit / Sales * 100,profitandloss,AVERAGE,1.0,2026-07-19 11:42:19
MARUTI,Mar 2015,ROE,15.66,VALID,PAT / (Equity + Reserves) * 100,profitandloss + balancesheet,GOOD,1.0,2026-07-19 11:42:19
MARUTI,Mar 2015,ROCE,27.59,VALID,EBIT / Capital Employed * 100,profitandloss + balancesheet,EXCELLENT,1.0,2026-07-19 11:42:19
MARUTI,Mar 2015,ROA,11.05,VALID,PAT / Total Assets * 100,profitandloss + balancesheet,GOOD,1.0,2026-07-19 11:42:19
MARUTI,Mar 2016,NPM,9.55,VALID,Net Profit / Sales * 100,profitandloss,AVERAGE,1.0,2026-07-19 11:42:19
MARUTI,Mar 2016,OPM,15.67,VALID,Operating Profit / Sales * 100,profitandloss,GOOD,1.0,2026-07-19 11:42:19
MARUTI,Mar 2016,ROE,17.95,VALID,PAT / (Equity + Reserves) * 100,profitandloss + balancesheet,GOOD,1.0,2026-07-19 11:42:19
MARUTI,Mar 2016,ROCE,29.25,VALID,EBIT / Capital Employed * 100,profitandloss + balancesheet,EXCELLENT,1.0,2026-07-19 11:42:19
MARUTI,Mar 2016,ROA,12.87,VALID,PAT / Total Assets * 100,profitandloss + balancesheet,GOOD,1.0,2026-07-19 11:42:19
MARUTI,Mar 2017,NPM,11.03,VALID,Net Profit / Sales * 100,profitandloss,GOOD,1.0,2026-07-19 11:42:19
MARUTI,Mar 2017,OPM,15.31,VALID,Operating Profit / Sales * 100,profitandloss,GOOD,1.0,2026-07-19 11:42:19
MARUTI,Mar 2017,ROE,20.26,VALID,PAT / (Equity + Reserves) * 100,profitandloss + balancesheet,EXCELLENT,1.0,2026-07-19 11:42:19
MARUTI,Mar 2017,ROCE,27.75,VALID,EBIT / Capital Employed * 100,profitandloss + balancesheet,EXCELLENT,1.0,2026-07-19 11:42:19
MARUTI,Mar 2017,ROA,14.46,VALID,PAT / Total Assets * 100,profitandloss + balancesheet,GOOD,1.0,2026-07-19 11:42:19
MARUTI,Mar 2018,NPM,9.87,VALID,Net Profit / Sales * 100,profitandloss,AVERAGE,1.0,2026-07-19 11:42:19
MARUTI,Mar 2018,OPM,15.18,VALID,Operating Profit / Sales * 100,profitandloss,GOOD,1.0,2026-07-19 11:42:19
MARUTI,Mar 2018,ROE,18.52,VALID,PAT / (Equity + Reserves) * 100,profitandloss + balancesheet,GOOD,1.0,2026-07-19 11:42:19
MARUTI,Mar 2018,ROCE,28.39,VALID,EBIT / Capital Employed * 100,profitandloss + balancesheet,EXCELLENT,1.0,2026-07-19 11:42:19
MARUTI,Mar 2018,ROA,13.08,VALID,PAT / Total Assets * 100,profitandloss + balancesheet,GOOD,1.0,2026-07-19 11:42:19
MARUTI,Mar 2019,NPM,8.89,VALID,Net Profit / Sales * 100,profitandloss,AVERAGE,1.0,2026-07-19 11:42:19
MARUTI,Mar 2019,OPM,12.85,VALID,Operating Profit / Sales * 100,profitandloss,AVERAGE,1.0,2026-07-19 11:42:19
MARUTI,Mar 2019,ROE,16.25,VALID,PAT / (Equity + Reserves) * 100,profitandloss + balancesheet,GOOD,1.0,2026-07-19 11:42:19
MARUTI,Mar 2019,ROCE,23.4,VALID,EBIT / Capital Employed * 100,profitandloss + balancesheet,EXCELLENT,1.0,2026-07-19 11:42:19
MARUTI,Mar 2019,ROA,11.96,VALID,PAT / Total Assets * 100,profitandloss + balancesheet,GOOD,1.0,2026-07-19 11:42:19
MARUTI,Mar 2020,NPM,7.5,VALID,Net Profit / Sales * 100,profitandloss,AVERAGE,1.0,2026-07-19 11:42:19
MARUTI,Mar 2020,OPM,9.72,VALID,Operating Profit / Sales * 100,profitandloss,WEAK,1.0,2026-07-19 11:42:19
MARUTI,Mar 2020,ROE,11.49,VALID,PAT / (Equity + Reserves) * 100,profitandloss + balancesheet,AVERAGE,1.0,2026-07-19 11:42:19
MARUTI,Mar 2020,ROCE,14.83,VALID,EBIT / Capital Employed * 100,profitandloss + balancesheet,AVERAGE,1.0,2026-07-19 11:42:19
MARUTI,Mar 2020,ROA,8.92,VALID,PAT / Total Assets * 100,profitandloss + balancesheet,AVERAGE,1.0,2026-07-19 11:42:19
MARUTI,Mar 2021,NPM,6.24,VALID,Net Profit / Sales * 100,profitandloss,AVERAGE,1.0,2026-07-19 11:42:19
MARUTI,Mar 2021,OPM,7.69,VALID,Operating Profit / Sales * 100,profitandloss,WEAK,1.0,2026-07-19 11:42:19
MARUTI,Mar 2021,ROE,8.36,VALID,PAT / (Equity + Reserves) * 100,profitandloss + balancesheet,WEAK,1.0,2026-07-19 11:42:19
MARUTI,Mar 2021,ROCE,10.2,VALID,EBIT / Capital Employed * 100,profitandloss + balancesheet,AVERAGE,1.0,2026-07-19 11:42:19
MARUTI,Mar 2021,ROA,6.15,VALID,PAT / Total Assets * 100,profitandloss + balancesheet,AVERAGE,1.0,2026-07-19 11:42:19
MARUTI,Mar 2022,NPM,4.39,VALID,Net Profit / Sales * 100,profitandloss,WEAK,1.0,2026-07-19 11:42:19
MARUTI,Mar 2022,OPM,6.51,VALID,Operating Profit / Sales * 100,profitandloss,WEAK,1.0,2026-07-19 11:42:19
MARUTI,Mar 2022,ROE,7.01,VALID,PAT / (Equity + Reserves) * 100,profitandloss + balancesheet,WEAK,1.0,2026-07-19 11:42:19
MARUTI,Mar 2022,ROCE,10.32,VALID,EBIT / Capital Employed * 100,profitandloss + balancesheet,AVERAGE,1.0,2026-07-19 11:42:19
MARUTI,Mar 2022,ROA,5.2,VALID,PAT / Total Assets * 100,profitandloss + balancesheet,AVERAGE,1.0,2026-07-19 11:42:19
MARUTI,Mar 2023,NPM,6.98,VALID,Net Profit / Sales * 100,profitandloss,AVERAGE,1.0,2026-07-19 11:42:19
MARUTI,Mar 2023,OPM,11.08,VALID,Operating Profit / Sales * 100,profitandloss,AVERAGE,1.0,2026-07-19 11:42:19
MARUTI,Mar 2023,ROE,11.08,VALID,PAT / (Equity + Reserves) * 100,profitandloss + balancesheet,AVERAGE,1.0,2026-07-19 11:42:19
MARUTI,Mar 2023,ROCE,17.3,VALID,EBIT / Capital Employed * 100,profitandloss + balancesheet,GOOD,1.0,2026-07-19 11:42:19
MARUTI,Mar 2023,ROA,8.26,VALID,PAT / Total Assets * 100,profitandloss + balancesheet,AVERAGE,1.0,2026-07-19 11:42:19
MARUTI,Mar 2024,NPM,9.51,VALID,Net Profit / Sales * 100,profitandloss,AVERAGE,1.0,2026-07-19 11:42:19
MARUTI,Mar 2024,OPM,13.13,VALID,Operating Profit / Sales * 100,profitandloss,AVERAGE,1.0,2026-07-19 11:42:19
MARUTI,Mar 2024,ROE,15.75,VALID,PAT / (Equity + Reserves) * 100,profitandloss + balancesheet,GOOD,1.0,2026-07-19 11:42:19
MARUTI,Mar 2024,ROCE,21.72,VALID,EBIT / Capital Employed * 100,profitandloss + balancesheet,EXCELLENT,1.0,2026-07-19 11:42:19
MARUTI,Mar 2024,ROA,11.7,VALID,PAT / Total Assets * 100,profitandloss + balancesheet,GOOD,1.0,2026-07-19 11:42:19
MOTHERSON,Mar 2013,NPM,1.79,VALID,Net Profit / Sales * 100,profitandloss,WEAK,1.0,2026-07-19 11:42:19
MOTHERSON,Mar 2013,OPM,5.85,VALID,Operating Profit / Sales * 100,profitandloss,WEAK,1.0,2026-07-19 11:42:19
MOTHERSON,Mar 2013,ROE,19.75,VALID,PAT / (Equity + Reserves) * 100,profitandloss + balancesheet,GOOD,1.0,2026-07-19 11:42:19
MOTHERSON,Mar 2013,ROCE,20.58,VALID,EBIT / Capital Employed * 100,profitandloss + balancesheet,EXCELLENT,1.0,2026-07-19 11:42:19
MOTHERSON,Mar 2013,ROA,3.55,VALID,PAT / Total Assets * 100,profitandloss + balancesheet,WEAK,1.0,2026-07-19 11:42:19
MOTHERSON,Mar 2014,NPM,3.61,VALID,Net Profit / Sales * 100,profitandloss,WEAK,1.0,2026-07-19 11:42:19
MOTHERSON,Mar 2014,OPM,7.88,VALID,Operating Profit / Sales * 100,profitandloss,WEAK,1.0,2026-07-19 11:42:19
MOTHERSON,Mar 2014,ROE,37.07,VALID,PAT / (Equity + Reserves) * 100,profitandloss + balancesheet,EXCELLENT,1.0,2026-07-19 11:42:19
MOTHERSON,Mar 2014,ROCE,30.73,VALID,EBIT / Capital Employed * 100,profitandloss + balancesheet,EXCELLENT,1.0,2026-07-19 11:42:19
MOTHERSON,Mar 2014,ROA,7.2,VALID,PAT / Total Assets * 100,profitandloss + balancesheet,AVERAGE,1.0,2026-07-19 11:42:19
MOTHERSON,Mar 2015,NPM,3.73,VALID,Net Profit / Sales * 100,profitandloss,WEAK,1.0,2026-07-19 11:42:19
MOTHERSON,Mar 2015,OPM,8.21,VALID,Operating Profit / Sales * 100,profitandloss,WEAK,1.0,2026-07-19 11:42:19
MOTHERSON,Mar 2015,ROE,38.87,VALID,PAT / (Equity + Reserves) * 100,profitandloss + balancesheet,EXCELLENT,1.0,2026-07-19 11:42:19
MOTHERSON,Mar 2015,ROCE,33.64,VALID,EBIT / Capital Employed * 100,profitandloss + balancesheet,EXCELLENT,1.0,2026-07-19 11:42:19
MOTHERSON,Mar 2015,ROA,7.41,VALID,PAT / Total Assets * 100,profitandloss + balancesheet,AVERAGE,1.0,2026-07-19 11:42:19
MOTHERSON,Mar 2016,NPM,4.77,VALID,Net Profit / Sales * 100,profitandloss,WEAK,1.0,2026-07-19 11:42:19
MOTHERSON,Mar 2016,OPM,9.53,VALID,Operating Profit / Sales * 100,profitandloss,WEAK,1.0,2026-07-19 11:42:19
MOTHERSON,Mar 2016,ROE,40.35,VALID,PAT / (Equity + Reserves) * 100,profitandloss + balancesheet,EXCELLENT,1.0,2026-07-19 11:42:19
MOTHERSON,Mar 2016,ROCE,33.9,VALID,EBIT / Capital Employed * 100,profitandloss + balancesheet,EXCELLENT,1.0,2026-07-19 11:42:19
MOTHERSON,Mar 2016,ROA,9.02,VALID,PAT / Total Assets * 100,profitandloss + balancesheet,AVERAGE,1.0,2026-07-19 11:42:19
MOTHERSON,Mar 2017,NPM,5.13,VALID,Net Profit / Sales * 100,profitandloss,AVERAGE,1.0,2026-07-19 11:42:19
MOTHERSON,Mar 2017,OPM,9.84,VALID,Operating Profit / Sales * 100,profitandloss,WEAK,1.0,2026-07-19 11:42:19
MOTHERSON,Mar 2017,ROE,26.26,VALID,PAT / (Equity + Reserves) * 100,profitandloss + balancesheet,EXCELLENT,1.0,2026-07-19 11:42:19
MOTHERSON,Mar 2017,ROCE,22.4,VALID,EBIT / Capital Employed * 100,profitandloss + balancesheet,EXCELLENT,1.0,2026-07-19 11:42:19
MOTHERSON,Mar 2017,ROA,6.8,VALID,PAT / Total Assets * 100,profitandloss + balancesheet,AVERAGE,1.0,2026-07-19 11:42:19
MOTHERSON,Mar 2018,NPM,4.01,VALID,Net Profit / Sales * 100,profitandloss,WEAK,1.0,2026-07-19 11:42:19
MOTHERSON,Mar 2018,OPM,9.11,VALID,Operating Profit / Sales * 100,profitandloss,WEAK,1.0,2026-07-19 11:42:19
MOTHERSON,Mar 2018,ROE,22.87,VALID,PAT / (Equity + Reserves) * 100,profitandloss + balancesheet,EXCELLENT,1.0,2026-07-19 11:42:19
MOTHERSON,Mar 2018,ROCE,25.31,VALID,EBIT / Capital Employed * 100,profitandloss + balancesheet,EXCELLENT,1.0,2026-07-19 11:42:19
MOTHERSON,Mar 2018,ROA,6.11,VALID,PAT / Total Assets * 100,profitandloss + balancesheet,AVERAGE,1.0,2026-07-19 11:42:19
MOTHERSON,Mar 2019,NPM,3.3,VALID,Net Profit / Sales * 100,profitandloss,WEAK,1.0,2026-07-19 11:42:19
MOTHERSON,Mar 2019,OPM,8.42,VALID,Operating Profit / Sales * 100,profitandloss,WEAK,1.0,2026-07-19 11:42:19
MOTHERSON,Mar 2019,ROE,19.14,VALID,PAT / (Equity + Reserves) * 100,profitandloss + balancesheet,GOOD,1.0,2026-07-19 11:42:19
MOTHERSON,Mar 2019,ROCE,23.77,VALID,EBIT / Capital Employed * 100,profitandloss + balancesheet,EXCELLENT,1.0,2026-07-19 11:42:19
MOTHERSON,Mar 2019,ROA,4.91,VALID,PAT / Total Assets * 100,profitandloss + balancesheet,WEAK,1.0,2026-07-19 11:42:19
MOTHERSON,Mar 2020,NPM,2.13,VALID,Net Profit / Sales * 100,profitandloss,WEAK,1.0,2026-07-19 11:42:19
MOTHERSON,Mar 2020,OPM,7.66,VALID,Operating Profit / Sales * 100,profitandloss,WEAK,1.0,2026-07-19 11:42:19
MOTHERSON,Mar 2020,ROE,11.49,VALID,PAT / (Equity + Reserves) * 100,profitandloss + balancesheet,AVERAGE,1.0,2026-07-19 11:42:19
MOTHERSON,Mar 2020,ROCE,19.08,VALID,EBIT / Capital Employed * 100,profitandloss + balancesheet,GOOD,1.0,2026-07-19 11:42:19
MOTHERSON,Mar 2020,ROA,2.87,VALID,PAT / Total Assets * 100,profitandloss + balancesheet,WEAK,1.0,2026-07-19 11:42:19
MOTHERSON,Mar 2021,NPM,2.73,VALID,Net Profit / Sales * 100,profitandloss,WEAK,1.0,2026-07-19 11:42:19
MOTHERSON,Mar 2021,OPM,7.62,VALID,Operating Profit / Sales * 100,profitandloss,WEAK,1.0,2026-07-19 11:42:19
MOTHERSON,Mar 2021,ROE,12.49,VALID,PAT / (Equity + Reserves) * 100,profitandloss + balancesheet,AVERAGE,1.0,2026-07-19 11:42:19
MOTHERSON,Mar 2021,ROCE,17.84,VALID,EBIT / Capital Employed * 100,profitandloss + balancesheet,GOOD,1.0,2026-07-19 11:42:19
MOTHERSON,Mar 2021,ROA,3.29,VALID,PAT / Total Assets * 100,profitandloss + balancesheet,WEAK,1.0,2026-07-19 11:42:19
MOTHERSON,Mar 2022,NPM,1.85,VALID,Net Profit / Sales * 100,profitandloss,WEAK,1.0,2026-07-19 11:42:19
MOTHERSON,Mar 2022,OPM,7.39,VALID,Operating Profit / Sales * 100,profitandloss,WEAK,1.0,2026-07-19 11:42:19
MOTHERSON,Mar 2022,ROE,5.74,VALID,PAT / (Equity + Reserves) * 100,profitandloss + balancesheet,WEAK,1.0,2026-07-19 11:42:19
MOTHERSON,Mar 2022,ROCE,13.58,VALID,EBIT / Capital Employed * 100,profitandloss + balancesheet,AVERAGE,1.0,2026-07-19 11:42:19
MOTHERSON,Mar 2022,ROA,2.12,VALID,PAT / Total Assets * 100,profitandloss + balancesheet,WEAK,1.0,2026-07-19 11:42:19
MOTHERSON,Mar 2023,NPM,2.12,VALID,Net Profit / Sales * 100,profitandloss,WEAK,1.0,2026-07-19 11:42:19
MOTHERSON,Mar 2023,OPM,7.93,VALID,Operating Profit / Sales * 100,profitandloss,WEAK,1.0,2026-07-19 11:42:19
MOTHERSON,Mar 2023,ROE,7.44,VALID,PAT / (Equity + Reserves) * 100,profitandloss + balancesheet,WEAK,1.0,2026-07-19 11:42:19
MOTHERSON,Mar 2023,ROCE,17.25,VALID,EBIT / Capital Employed * 100,profitandloss + balancesheet,GOOD,1.0,2026-07-19 11:42:19
MOTHERSON,Mar 2023,ROA,2.72,VALID,PAT / Total Assets * 100,profitandloss + balancesheet,WEAK,1.0,2026-07-19 11:42:19
MOTHERSON,Mar 2024,NPM,3.06,VALID,Net Profit / Sales * 100,profitandloss,WEAK,1.0,2026-07-19 11:42:19
MOTHERSON,Mar 2024,OPM,9.45,VALID,Operating Profit / Sales * 100,profitandloss,WEAK,1.0,2026-07-19 11:42:19
MOTHERSON,Mar 2024,ROE,11.55,VALID,PAT / (Equity + Reserves) * 100,profitandloss + balancesheet,AVERAGE,1.0,2026-07-19 11:42:19
MOTHERSON,Mar 2024,ROCE,20.23,VALID,EBIT / Capital Employed * 100,profitandloss + balancesheet,EXCELLENT,1.0,2026-07-19 11:42:19
MOTHERSON,Mar 2024,ROA,3.59,VALID,PAT / Total Assets * 100,profitandloss + balancesheet,WEAK,1.0,2026-07-19 11:42:19
NAUKRI,Mar 2013,NPM,16.1,VALID,Net Profit / Sales * 100,profitandloss,EXCELLENT,1.0,2026-07-19 11:42:19
NAUKRI,Mar 2013,OPM,25.64,VALID,Operating Profit / Sales * 100,profitandloss,EXCELLENT,1.0,2026-07-19 11:42:19
NAUKRI,Mar 2013,ROE,12.5,VALID,PAT / (Equity + Reserves) * 100,profitandloss + balancesheet,AVERAGE,1.0,2026-07-19 11:42:19
NAUKRI,Mar 2013,ROCE,19.87,VALID,EBIT / Capital Employed * 100,profitandloss + balancesheet,GOOD,1.0,2026-07-19 11:42:19
NAUKRI,Mar 2013,ROA,9.21,VALID,PAT / Total Assets * 100,profitandloss + balancesheet,AVERAGE,1.0,2026-07-19 11:42:19
NAUKRI,Mar 2014,NPM,10.58,VALID,Net Profit / Sales * 100,profitandloss,GOOD,1.0,2026-07-19 11:42:19
NAUKRI,Mar 2014,OPM,17.11,VALID,Operating Profit / Sales * 100,profitandloss,GOOD,1.0,2026-07-19 11:42:19
NAUKRI,Mar 2014,ROE,8.93,VALID,PAT / (Equity + Reserves) * 100,profitandloss + balancesheet,WEAK,1.0,2026-07-19 11:42:19
NAUKRI,Mar 2014,ROCE,14.41,VALID,EBIT / Capital Employed * 100,profitandloss + balancesheet,AVERAGE,1.0,2026-07-19 11:42:19
NAUKRI,Mar 2014,ROA,5.66,VALID,PAT / Total Assets * 100,profitandloss + balancesheet,AVERAGE,1.0,2026-07-19 11:42:19
NAUKRI,Mar 2015,NPM,-1.91,VALID,Net Profit / Sales * 100,profitandloss,WEAK,1.0,2026-07-19 11:42:19
NAUKRI,Mar 2015,OPM,2.87,VALID,Operating Profit / Sales * 100,profitandloss,WEAK,1.0,2026-07-19 11:42:19
NAUKRI,Mar 2015,ROE,-0.99,VALID,PAT / (Equity + Reserves) * 100,profitandloss + balancesheet,WEAK,1.0,2026-07-19 11:42:19
NAUKRI,Mar 2015,ROCE,1.48,VALID,EBIT / Capital Employed * 100,profitandloss + balancesheet,WEAK,1.0,2026-07-19 11:42:19
NAUKRI,Mar 2015,ROA,-0.63,VALID,PAT / Total Assets * 100,profitandloss + balancesheet,WEAK,1.0,2026-07-19 11:42:19
NAUKRI,Mar 2016,NPM,15.78,VALID,Net Profit / Sales * 100,profitandloss,EXCELLENT,1.0,2026-07-19 11:42:19
NAUKRI,Mar 2016,OPM,12.17,VALID,Operating Profit / Sales * 100,profitandloss,AVERAGE,1.0,2026-07-19 11:42:19
NAUKRI,Mar 2016,ROE,7.65,VALID,PAT / (Equity + Reserves) * 100,profitandloss + balancesheet,WEAK,1.0,2026-07-19 11:42:19
NAUKRI,Mar 2016,ROCE,5.89,VALID,EBIT / Capital Employed * 100,profitandloss + balancesheet,WEAK,1.0,2026-07-19 11:42:19
NAUKRI,Mar 2016,ROA,6.13,VALID,PAT / Total Assets * 100,profitandloss + balancesheet,AVERAGE,1.0,2026-07-19 11:42:19
NAUKRI,Mar 2017,NPM,-4.84,VALID,Net Profit / Sales * 100,profitandloss,WEAK,1.0,2026-07-19 11:42:19
NAUKRI,Mar 2017,OPM,-1.01,VALID,Operating Profit / Sales * 100,profitandloss,WEAK,1.0,2026-07-19 11:42:19
NAUKRI,Mar 2017,ROE,-2.7,VALID,PAT / (Equity + Reserves) * 100,profitandloss + balancesheet,WEAK,1.0,2026-07-19 11:42:19
NAUKRI,Mar 2017,ROCE,-0.56,VALID,EBIT / Capital Employed * 100,profitandloss + balancesheet,WEAK,1.0,2026-07-19 11:42:19
NAUKRI,Mar 2017,ROA,-2.09,VALID,PAT / Total Assets * 100,profitandloss + balancesheet,WEAK,1.0,2026-07-19 11:42:19
NAUKRI,Mar 2018,NPM,50.71,VALID,Net Profit / Sales * 100,profitandloss,EXCELLENT,1.0,2026-07-19 11:42:19
NAUKRI,Mar 2018,OPM,22.17,VALID,Operating Profit / Sales * 100,profitandloss,GOOD,1.0,2026-07-19 11:42:19
NAUKRI,Mar 2018,ROE,24.5,VALID,PAT / (Equity + Reserves) * 100,profitandloss + balancesheet,EXCELLENT,1.0,2026-07-19 11:42:19
NAUKRI,Mar 2018,ROCE,10.7,VALID,EBIT / Capital Employed * 100,profitandloss + balancesheet,AVERAGE,1.0,2026-07-19 11:42:19
NAUKRI,Mar 2018,ROA,19.3,VALID,PAT / Total Assets * 100,profitandloss + balancesheet,EXCELLENT,1.0,2026-07-19 11:42:19
NAUKRI,Mar 2019,NPM,51.43,VALID,Net Profit / Sales * 100,profitandloss,EXCELLENT,1.0,2026-07-19 11:42:19
NAUKRI,Mar 2019,OPM,0.78,VALID,Operating Profit / Sales * 100,profitandloss,WEAK,1.0,2026-07-19 11:42:19
NAUKRI,Mar 2019,ROE,23.28,VALID,PAT / (Equity + Reserves) * 100,profitandloss + balancesheet,EXCELLENT,1.0,2026-07-19 11:42:19
NAUKRI,Mar 2019,ROCE,0.35,VALID,EBIT / Capital Employed * 100,profitandloss + balancesheet,WEAK,1.0,2026-07-19 11:42:19
NAUKRI,Mar 2019,ROA,18.56,VALID,PAT / Total Assets * 100,profitandloss + balancesheet,EXCELLENT,1.0,2026-07-19 11:42:19
NAUKRI,Mar 2020,NPM,-18.75,VALID,Net Profit / Sales * 100,profitandloss,WEAK,1.0,2026-07-19 11:42:19
NAUKRI,Mar 2020,OPM,-26.68,VALID,Operating Profit / Sales * 100,profitandloss,WEAK,1.0,2026-07-19 11:42:19
NAUKRI,Mar 2020,ROE,-11.21,VALID,PAT / (Equity + Reserves) * 100,profitandloss + balancesheet,WEAK,1.0,2026-07-19 11:42:19
NAUKRI,Mar 2020,ROCE,-15.4,VALID,EBIT / Capital Employed * 100,profitandloss + balancesheet,WEAK,1.0,2026-07-19 11:42:19
NAUKRI,Mar 2020,ROA,-8.5,VALID,PAT / Total Assets * 100,profitandloss + balancesheet,WEAK,1.0,2026-07-19 11:42:19
NAUKRI,Mar 2021,NPM,125.71,VALID,Net Profit / Sales * 100,profitandloss,EXCELLENT,1.0,2026-07-19 11:42:19
NAUKRI,Mar 2021,OPM,6.56,VALID,Operating Profit / Sales * 100,profitandloss,WEAK,1.0,2026-07-19 11:42:19
NAUKRI,Mar 2021,ROE,26.28,VALID,PAT / (Equity + Reserves) * 100,profitandloss + balancesheet,EXCELLENT,1.0,2026-07-19 11:42:19
NAUKRI,Mar 2021,ROCE,1.36,VALID,EBIT / Capital Employed * 100,profitandloss + balancesheet,WEAK,1.0,2026-07-19 11:42:19
NAUKRI,Mar 2021,ROA,22.54,VALID,PAT / Total Assets * 100,profitandloss + balancesheet,EXCELLENT,1.0,2026-07-19 11:42:19
NAUKRI,Mar 2022,NPM,810.7,VALID,Net Profit / Sales * 100,profitandloss,EXCELLENT,1.0,2026-07-19 11:42:19
NAUKRI,Mar 2022,OPM,28.07,VALID,Operating Profit / Sales * 100,profitandloss,EXCELLENT,1.0,2026-07-19 11:42:19
NAUKRI,Mar 2022,ROE,74.71,VALID,PAT / (Equity + Reserves) * 100,profitandloss + balancesheet,EXCELLENT,1.0,2026-07-19 11:42:19
NAUKRI,Mar 2022,ROCE,2.58,VALID,EBIT / Capital Employed * 100,profitandloss + balancesheet,WEAK,1.0,2026-07-19 11:42:19
NAUKRI,Mar 2022,ROA,62.89,VALID,PAT / Total Assets * 100,profitandloss + balancesheet,EXCELLENT,1.0,2026-07-19 11:42:19
NAUKRI,Mar 2023,NPM,-2.98,VALID,Net Profit / Sales * 100,profitandloss,WEAK,1.0,2026-07-19 11:42:19
NAUKRI,Mar 2023,OPM,14.83,VALID,Operating Profit / Sales * 100,profitandloss,AVERAGE,1.0,2026-07-19 11:42:19
NAUKRI,Mar 2023,ROE,-0.52,VALID,PAT / (Equity + Reserves) * 100,profitandloss + balancesheet,WEAK,1.0,2026-07-19 11:42:19
NAUKRI,Mar 2023,ROCE,2.58,VALID,EBIT / Capital Employed * 100,profitandloss + balancesheet,WEAK,1.0,2026-07-19 11:42:19
NAUKRI,Mar 2023,ROA,-0.42,VALID,PAT / Total Assets * 100,profitandloss + balancesheet,WEAK,1.0,2026-07-19 11:42:19
NAUKRI,Mar 2024,NPM,23.46,VALID,Net Profit / Sales * 100,profitandloss,EXCELLENT,1.0,2026-07-19 11:42:19
NAUKRI,Mar 2024,OPM,28.04,VALID,Operating Profit / Sales * 100,profitandloss,EXCELLENT,1.0,2026-07-19 11:42:19
NAUKRI,Mar 2024,ROE,1.97,VALID,PAT / (Equity + Reserves) * 100,profitandloss + balancesheet,WEAK,1.0,2026-07-19 11:42:19
NAUKRI,Mar 2024,ROCE,2.33,VALID,EBIT / Capital Employed * 100,profitandloss + balancesheet,WEAK,1.0,2026-07-19 11:42:19
NAUKRI,Mar 2024,ROA,1.65,VALID,PAT / Total Assets * 100,profitandloss + balancesheet,WEAK,1.0,2026-07-19 11:42:19
NESTLEIND,Dec 2013,NPM,12.27,VALID,Net Profit / Sales * 100,profitandloss,GOOD,1.0,2026-07-19 11:42:19
NESTLEIND,Dec 2013,OPM,21.4,VALID,Operating Profit / Sales * 100,profitandloss,GOOD,1.0,2026-07-19 11:42:19
NESTLEIND,Dec 2013,ROE,47.17,VALID,PAT / (Equity + Reserves) * 100,profitandloss + balancesheet,EXCELLENT,1.0,2026-07-19 11:42:19
NESTLEIND,Dec 2013,ROCE,54.77,VALID,EBIT / Capital Employed * 100,profitandloss + balancesheet,EXCELLENT,1.0,2026-07-19 11:42:19
NESTLEIND,Dec 2013,ROA,17.69,VALID,PAT / Total Assets * 100,profitandloss + balancesheet,EXCELLENT,1.0,2026-07-19 11:42:19
NESTLEIND,Dec 2014,NPM,12.02,VALID,Net Profit / Sales * 100,profitandloss,GOOD,1.0,2026-07-19 11:42:19
NESTLEIND,Dec 2014,OPM,20.69,VALID,Operating Profit / Sales * 100,profitandloss,GOOD,1.0,2026-07-19 11:42:19
NESTLEIND,Dec 2014,ROE,41.77,VALID,PAT / (Equity + Reserves) * 100,profitandloss + balancesheet,EXCELLENT,1.0,2026-07-19 11:42:19
NESTLEIND,Dec 2014,ROCE,71.37,VALID,EBIT / Capital Employed * 100,profitandloss + balancesheet,EXCELLENT,1.0,2026-07-19 11:42:19
NESTLEIND,Dec 2014,ROA,20.36,VALID,PAT / Total Assets * 100,profitandloss + balancesheet,EXCELLENT,1.0,2026-07-19 11:42:19
NESTLEIND,Dec 2015,NPM,6.89,VALID,Net Profit / Sales * 100,profitandloss,AVERAGE,1.0,2026-07-19 11:42:19
NESTLEIND,Dec 2015,OPM,19.02,VALID,Operating Profit / Sales * 100,profitandloss,GOOD,1.0,2026-07-19 11:42:19
NESTLEIND,Dec 2015,ROE,19.99,VALID,PAT / (Equity + Reserves) * 100,profitandloss + balancesheet,GOOD,1.0,2026-07-19 11:42:19
NESTLEIND,Dec 2015,ROCE,54.85,VALID,EBIT / Capital Employed * 100,profitandloss + balancesheet,EXCELLENT,1.0,2026-07-19 11:42:19
NESTLEIND,Dec 2015,ROA,9.25,VALID,PAT / Total Assets * 100,profitandloss + balancesheet,AVERAGE,1.0,2026-07-19 11:42:19
NESTLEIND,Dec 2016,NPM,10.95,VALID,Net Profit / Sales * 100,profitandloss,GOOD,1.0,2026-07-19 11:42:19
NESTLEIND,Dec 2016,OPM,20.24,VALID,Operating Profit / Sales * 100,profitandloss,GOOD,1.0,2026-07-19 11:42:19
NESTLEIND,Dec 2016,ROE,30.5,VALID,PAT / (Equity + Reserves) * 100,profitandloss + balancesheet,EXCELLENT,1.0,2026-07-19 11:42:19
NESTLEIND,Dec 2016,ROCE,55.81,VALID,EBIT / Capital Employed * 100,profitandloss + balancesheet,EXCELLENT,1.0,2026-07-19 11:42:19
NESTLEIND,Dec 2016,ROA,14.7,VALID,PAT / Total Assets * 100,profitandloss + balancesheet,GOOD,1.0,2026-07-19 11:42:19
NESTLEIND,Dec 2017,NPM,12.24,VALID,Net Profit / Sales * 100,profitandloss,GOOD,1.0,2026-07-19 11:42:19
NESTLEIND,Dec 2017,OPM,20.95,VALID,Operating Profit / Sales * 100,profitandloss,GOOD,1.0,2026-07-19 11:42:19
NESTLEIND,Dec 2017,ROE,35.82,VALID,PAT / (Equity + Reserves) * 100,profitandloss + balancesheet,EXCELLENT,1.0,2026-07-19 11:42:19
NESTLEIND,Dec 2017,ROCE,60.69,VALID,EBIT / Capital Employed * 100,profitandloss + balancesheet,EXCELLENT,1.0,2026-07-19 11:42:19
NESTLEIND,Dec 2017,ROA,16.64,VALID,PAT / Total Assets * 100,profitandloss + balancesheet,EXCELLENT,1.0,2026-07-19 11:42:19
NESTLEIND,Dec 2018,NPM,14.23,VALID,Net Profit / Sales * 100,profitandloss,GOOD,1.0,2026-07-19 11:42:19
NESTLEIND,Dec 2018,OPM,23.18,VALID,Operating Profit / Sales * 100,profitandloss,GOOD,1.0,2026-07-19 11:42:19
NESTLEIND,Dec 2018,ROE,43.75,VALID,PAT / (Equity + Reserves) * 100,profitandloss + balancesheet,EXCELLENT,1.0,2026-07-19 11:42:19
NESTLEIND,Dec 2018,ROCE,70.6,VALID,EBIT / Capital Employed * 100,profitandloss + balancesheet,EXCELLENT,1.0,2026-07-19 11:42:19
NESTLEIND,Dec 2018,ROA,19.87,VALID,PAT / Total Assets * 100,profitandloss + balancesheet,EXCELLENT,1.0,2026-07-19 11:42:19
NESTLEIND,Dec 2019,NPM,15.91,VALID,Net Profit / Sales * 100,profitandloss,EXCELLENT,1.0,2026-07-19 11:42:19
NESTLEIND,Dec 2019,OPM,23.66,VALID,Operating Profit / Sales * 100,profitandloss,GOOD,1.0,2026-07-19 11:42:19
NESTLEIND,Dec 2019,ROE,102.61,VALID,PAT / (Equity + Reserves) * 100,profitandloss + balancesheet,EXCELLENT,1.0,2026-07-19 11:42:19
NESTLEIND,Dec 2019,ROCE,138.87,VALID,EBIT / Capital Employed * 100,profitandloss + balancesheet,EXCELLENT,1.0,2026-07-19 11:42:19
NESTLEIND,Dec 2019,ROA,27.44,VALID,PAT / Total Assets * 100,profitandloss + balancesheet,EXCELLENT,1.0,2026-07-19 11:42:19
NESTLEIND,Dec 2020,NPM,15.6,VALID,Net Profit / Sales * 100,profitandloss,EXCELLENT,1.0,2026-07-19 11:42:19
NESTLEIND,Dec 2020,OPM,23.99,VALID,Operating Profit / Sales * 100,profitandloss,GOOD,1.0,2026-07-19 11:42:19
NESTLEIND,Dec 2020,ROE,103.12,VALID,PAT / (Equity + Reserves) * 100,profitandloss + balancesheet,EXCELLENT,1.0,2026-07-19 11:42:19
NESTLEIND,Dec 2020,ROCE,147.83,VALID,EBIT / Capital Employed * 100,profitandloss + balancesheet,EXCELLENT,1.0,2026-07-19 11:42:19
NESTLEIND,Dec 2020,ROA,26.35,VALID,PAT / Total Assets * 100,profitandloss + balancesheet,EXCELLENT,1.0,2026-07-19 11:42:19
NESTLEIND,Dec 2021,NPM,14.37,VALID,Net Profit / Sales * 100,profitandloss,GOOD,1.0,2026-07-19 11:42:19
NESTLEIND,Dec 2021,OPM,24.16,VALID,Operating Profit / Sales * 100,profitandloss,GOOD,1.0,2026-07-19 11:42:19
NESTLEIND,Dec 2021,ROE,108.84,VALID,PAT / (Equity + Reserves) * 100,profitandloss + balancesheet,EXCELLENT,1.0,2026-07-19 11:42:19
NESTLEIND,Dec 2021,ROCE,161.03,VALID,EBIT / Capital Employed * 100,profitandloss + balancesheet,EXCELLENT,1.0,2026-07-19 11:42:19
NESTLEIND,Dec 2021,ROA,25.72,VALID,PAT / Total Assets * 100,profitandloss + balancesheet,EXCELLENT,1.0,2026-07-19 11:42:19
NESTLEIND,Dec 2022,NPM,14.15,VALID,Net Profit / Sales * 100,profitandloss,GOOD,1.0,2026-07-19 11:42:19
NESTLEIND,Dec 2022,OPM,21.93,VALID,Operating Profit / Sales * 100,profitandloss,GOOD,1.0,2026-07-19 11:42:19
NESTLEIND,Dec 2022,ROE,97.23,VALID,PAT / (Equity + Reserves) * 100,profitandloss + balancesheet,EXCELLENT,1.0,2026-07-19 11:42:19
NESTLEIND,Dec 2022,ROCE,135.75,VALID,EBIT / Capital Employed * 100,profitandloss + balancesheet,EXCELLENT,1.0,2026-07-19 11:42:19
NESTLEIND,Dec 2022,ROA,26.63,VALID,PAT / Total Assets * 100,profitandloss + balancesheet,EXCELLENT,1.0,2026-07-19 11:42:19
NESTLEIND,Dec 2023,NPM,15.68,VALID,Net Profit / Sales * 100,profitandloss,EXCELLENT,1.0,2026-07-19 11:42:19
NESTLEIND,Dec 2023,OPM,23.38,VALID,Operating Profit / Sales * 100,profitandloss,GOOD,1.0,2026-07-19 11:42:19
NESTLEIND,Dec 2023,ROE,121.96,VALID,PAT / (Equity + Reserves) * 100,profitandloss + balancesheet,EXCELLENT,1.0,2026-07-19 11:42:19
NESTLEIND,Dec 2023,ROCE,163.77,VALID,EBIT / Capital Employed * 100,profitandloss + balancesheet,EXCELLENT,1.0,2026-07-19 11:42:19
NESTLEIND,Dec 2023,ROA,33.4,VALID,PAT / Total Assets * 100,profitandloss + balancesheet,EXCELLENT,1.0,2026-07-19 11:42:19
NESTLEIND,Mar 2024,NPM,16.12,VALID,Net Profit / Sales * 100,profitandloss,EXCELLENT,1.0,2026-07-19 11:42:19
NESTLEIND,Mar 2024,OPM,23.83,VALID,Operating Profit / Sales * 100,profitandloss,GOOD,1.0,2026-07-19 11:42:19
NESTLEIND,Mar 2024,ROE,117.75,VALID,PAT / (Equity + Reserves) * 100,profitandloss + balancesheet,EXCELLENT,1.0,2026-07-19 11:42:19
NESTLEIND,Mar 2024,ROCE,157.75,VALID,EBIT / Capital Employed * 100,profitandloss + balancesheet,EXCELLENT,1.0,2026-07-19 11:42:19
NESTLEIND,Mar 2024,ROA,37.38,VALID,PAT / Total Assets * 100,profitandloss + balancesheet,EXCELLENT,1.0,2026-07-19 11:42:19
NHPC,Mar 2013,NPM,45.02,VALID,Net Profit / Sales * 100,profitandloss,EXCELLENT,1.0,2026-07-19 11:42:19
NHPC,Mar 2013,OPM,65.07,VALID,Operating Profit / Sales * 100,profitandloss,EXCELLENT,1.0,2026-07-19 11:42:19
NHPC,Mar 2013,ROE,9.64,VALID,PAT / (Equity + Reserves) * 100,profitandloss + balancesheet,WEAK,1.0,2026-07-19 11:42:19
NHPC,Mar 2013,ROCE,8.28,VALID,EBIT / Capital Employed * 100,profitandloss + balancesheet,WEAK,1.0,2026-07-19 11:42:19
NHPC,Mar 2013,ROA,4.61,VALID,PAT / Total Assets * 100,profitandloss + balancesheet,WEAK,1.0,2026-07-19 11:42:19
NHPC,Mar 2014,NPM,22.1,VALID,Net Profit / Sales * 100,profitandloss,EXCELLENT,1.0,2026-07-19 11:42:19
NHPC,Mar 2014,OPM,58.76,VALID,Operating Profit / Sales * 100,profitandloss,EXCELLENT,1.0,2026-07-19 11:42:19
NHPC,Mar 2014,ROE,5.78,VALID,PAT / (Equity + Reserves) * 100,profitandloss + balancesheet,WEAK,1.0,2026-07-19 11:42:19
NHPC,Mar 2014,ROCE,8.85,VALID,EBIT / Capital Employed * 100,profitandloss + balancesheet,WEAK,1.0,2026-07-19 11:42:19
NHPC,Mar 2014,ROA,2.66,VALID,PAT / Total Assets * 100,profitandloss + balancesheet,WEAK,1.0,2026-07-19 11:42:19
NHPC,Mar 2015,NPM,34.03,VALID,Net Profit / Sales * 100,profitandloss,EXCELLENT,1.0,2026-07-19 11:42:19
NHPC,Mar 2015,OPM,62.45,VALID,Operating Profit / Sales * 100,profitandloss,EXCELLENT,1.0,2026-07-19 11:42:19
NHPC,Mar 2015,ROE,9.1,VALID,PAT / (Equity + Reserves) * 100,profitandloss + balancesheet,WEAK,1.0,2026-07-19 11:42:19
NHPC,Mar 2015,ROCE,10.0,VALID,EBIT / Capital Employed * 100,profitandloss + balancesheet,AVERAGE,1.0,2026-07-19 11:42:19
NHPC,Mar 2015,ROA,4.55,VALID,PAT / Total Assets * 100,profitandloss + balancesheet,WEAK,1.0,2026-07-19 11:42:19
NHPC,Mar 2016,NPM,28.31,VALID,Net Profit / Sales * 100,profitandloss,EXCELLENT,1.0,2026-07-19 11:42:19
NHPC,Mar 2016,OPM,57.25,VALID,Operating Profit / Sales * 100,profitandloss,EXCELLENT,1.0,2026-07-19 11:42:19
NHPC,Mar 2016,ROE,7.47,VALID,PAT / (Equity + Reserves) * 100,profitandloss + balancesheet,WEAK,1.0,2026-07-19 11:42:19
NHPC,Mar 2016,ROCE,9.27,VALID,EBIT / Capital Employed * 100,profitandloss + balancesheet,WEAK,1.0,2026-07-19 11:42:19
NHPC,Mar 2016,ROA,3.76,VALID,PAT / Total Assets * 100,profitandloss + balancesheet,WEAK,1.0,2026-07-19 11:42:19
NHPC,Mar 2017,NPM,40.36,VALID,Net Profit / Sales * 100,profitandloss,EXCELLENT,1.0,2026-07-19 11:42:19
NHPC,Mar 2017,OPM,56.64,VALID,Operating Profit / Sales * 100,profitandloss,EXCELLENT,1.0,2026-07-19 11:42:19
NHPC,Mar 2017,ROE,11.99,VALID,PAT / (Equity + Reserves) * 100,profitandloss + balancesheet,AVERAGE,1.0,2026-07-19 11:42:19
NHPC,Mar 2017,ROCE,10.12,VALID,EBIT / Capital Employed * 100,profitandloss + balancesheet,AVERAGE,1.0,2026-07-19 11:42:19
NHPC,Mar 2017,ROA,5.78,VALID,PAT / Total Assets * 100,profitandloss + balancesheet,AVERAGE,1.0,2026-07-19 11:42:19
NHPC,Mar 2018,NPM,35.91,VALID,Net Profit / Sales * 100,profitandloss,EXCELLENT,1.0,2026-07-19 11:42:19
NHPC,Mar 2018,OPM,54.78,VALID,Operating Profit / Sales * 100,profitandloss,EXCELLENT,1.0,2026-07-19 11:42:19
NHPC,Mar 2018,ROE,9.27,VALID,PAT / (Equity + Reserves) * 100,profitandloss + balancesheet,WEAK,1.0,2026-07-19 11:42:19
NHPC,Mar 2018,ROCE,8.73,VALID,EBIT / Capital Employed * 100,profitandloss + balancesheet,WEAK,1.0,2026-07-19 11:42:19
NHPC,Mar 2018,ROA,4.43,VALID,PAT / Total Assets * 100,profitandloss + balancesheet,WEAK,1.0,2026-07-19 11:42:19
NHPC,Mar 2019,NPM,31.57,VALID,Net Profit / Sales * 100,profitandloss,EXCELLENT,1.0,2026-07-19 11:42:19
NHPC,Mar 2019,OPM,55.45,VALID,Operating Profit / Sales * 100,profitandloss,EXCELLENT,1.0,2026-07-19 11:42:19
NHPC,Mar 2019,ROE,9.21,VALID,PAT / (Equity + Reserves) * 100,profitandloss + balancesheet,WEAK,1.0,2026-07-19 11:42:19
NHPC,Mar 2019,ROCE,9.99,VALID,EBIT / Capital Employed * 100,profitandloss + balancesheet,WEAK,1.0,2026-07-19 11:42:19
NHPC,Mar 2019,ROA,4.25,VALID,PAT / Total Assets * 100,profitandloss + balancesheet,WEAK,1.0,2026-07-19 11:42:19
NHPC,Mar 2020,NPM,33.42,VALID,Net Profit / Sales * 100,profitandloss,EXCELLENT,1.0,2026-07-19 11:42:19
NHPC,Mar 2020,OPM,54.42,VALID,Operating Profit / Sales * 100,profitandloss,EXCELLENT,1.0,2026-07-19 11:42:19
NHPC,Mar 2020,ROE,10.66,VALID,PAT / (Equity + Reserves) * 100,profitandloss + balancesheet,AVERAGE,1.0,2026-07-19 11:42:19
NHPC,Mar 2020,ROCE,9.97,VALID,EBIT / Capital Employed * 100,profitandloss + balancesheet,WEAK,1.0,2026-07-19 11:42:19
NHPC,Mar 2020,ROA,4.69,VALID,PAT / Total Assets * 100,profitandloss + balancesheet,WEAK,1.0,2026-07-19 11:42:19
NHPC,Mar 2021,NPM,37.31,VALID,Net Profit / Sales * 100,profitandloss,EXCELLENT,1.0,2026-07-19 11:42:19
NHPC,Mar 2021,OPM,54.7,VALID,Operating Profit / Sales * 100,profitandloss,EXCELLENT,1.0,2026-07-19 11:42:19
NHPC,Mar 2021,ROE,10.89,VALID,PAT / (Equity + Reserves) * 100,profitandloss + balancesheet,AVERAGE,1.0,2026-07-19 11:42:19
NHPC,Mar 2021,ROCE,9.35,VALID,EBIT / Capital Employed * 100,profitandloss + balancesheet,WEAK,1.0,2026-07-19 11:42:19
NHPC,Mar 2021,ROA,4.92,VALID,PAT / Total Assets * 100,profitandloss + balancesheet,WEAK,1.0,2026-07-19 11:42:19
NHPC,Mar 2022,NPM,41.27,VALID,Net Profit / Sales * 100,profitandloss,EXCELLENT,1.0,2026-07-19 11:42:19
NHPC,Mar 2022,OPM,43.89,VALID,Operating Profit / Sales * 100,profitandloss,EXCELLENT,1.0,2026-07-19 11:42:19
NHPC,Mar 2022,ROE,10.81,VALID,PAT / (Equity + Reserves) * 100,profitandloss + balancesheet,AVERAGE,1.0,2026-07-19 11:42:19
NHPC,Mar 2022,ROCE,6.58,VALID,EBIT / Capital Employed * 100,profitandloss + balancesheet,WEAK,1.0,2026-07-19 11:42:19
NHPC,Mar 2022,ROA,4.88,VALID,PAT / Total Assets * 100,profitandloss + balancesheet,WEAK,1.0,2026-07-19 11:42:19
NHPC,Mar 2023,NPM,40.17,VALID,Net Profit / Sales * 100,profitandloss,EXCELLENT,1.0,2026-07-19 11:42:19
NHPC,Mar 2023,OPM,58.3,VALID,Operating Profit / Sales * 100,profitandloss,EXCELLENT,1.0,2026-07-19 11:42:19
NHPC,Mar 2023,ROE,11.53,VALID,PAT / (Equity + Reserves) * 100,profitandloss + balancesheet,AVERAGE,1.0,2026-07-19 11:42:19
NHPC,Mar 2023,ROCE,9.3,VALID,EBIT / Capital Employed * 100,profitandloss + balancesheet,WEAK,1.0,2026-07-19 11:42:19
NHPC,Mar 2023,ROA,4.94,VALID,PAT / Total Assets * 100,profitandloss + balancesheet,WEAK,1.0,2026-07-19 11:42:19
NHPC,Mar 2024,NPM,41.82,VALID,Net Profit / Sales * 100,profitandloss,EXCELLENT,1.0,2026-07-19 11:42:19
NHPC,Mar 2024,OPM,49.91,VALID,Operating Profit / Sales * 100,profitandloss,EXCELLENT,1.0,2026-07-19 11:42:19
NHPC,Mar 2024,ROE,10.41,VALID,PAT / (Equity + Reserves) * 100,profitandloss + balancesheet,AVERAGE,1.0,2026-07-19 11:42:19
NHPC,Mar 2024,ROCE,6.75,VALID,EBIT / Capital Employed * 100,profitandloss + balancesheet,WEAK,1.0,2026-07-19 11:42:19
NHPC,Mar 2024,ROA,4.32,VALID,PAT / Total Assets * 100,profitandloss + balancesheet,WEAK,1.0,2026-07-19 11:42:19
NTPC,Mar 2013,NPM,17.6,VALID,Net Profit / Sales * 100,profitandloss,EXCELLENT,1.0,2026-07-19 11:42:19
NTPC,Mar 2013,OPM,25.38,VALID,Operating Profit / Sales * 100,profitandloss,EXCELLENT,1.0,2026-07-19 11:42:19
NTPC,Mar 2013,ROE,15.49,VALID,PAT / (Equity + Reserves) * 100,profitandloss + balancesheet,GOOD,1.0,2026-07-19 11:42:19
NTPC,Mar 2013,ROCE,11.97,VALID,EBIT / Capital Employed * 100,profitandloss + balancesheet,AVERAGE,1.0,2026-07-19 11:42:19
NTPC,Mar 2013,ROA,7.04,VALID,PAT / Total Assets * 100,profitandloss + balancesheet,AVERAGE,1.0,2026-07-19 11:42:19
NTPC,Mar 2014,NPM,14.56,VALID,Net Profit / Sales * 100,profitandloss,GOOD,1.0,2026-07-19 11:42:19
NTPC,Mar 2014,OPM,25.18,VALID,Operating Profit / Sales * 100,profitandloss,EXCELLENT,1.0,2026-07-19 11:42:19
NTPC,Mar 2014,ROE,13.06,VALID,PAT / (Equity + Reserves) * 100,profitandloss + balancesheet,AVERAGE,1.0,2026-07-19 11:42:19
NTPC,Mar 2014,ROCE,11.69,VALID,EBIT / Capital Employed * 100,profitandloss + balancesheet,AVERAGE,1.0,2026-07-19 11:42:19
NTPC,Mar 2014,ROA,5.7,VALID,PAT / Total Assets * 100,profitandloss + balancesheet,AVERAGE,1.0,2026-07-19 11:42:19
NTPC,Mar 2015,NPM,12.5,VALID,Net Profit / Sales * 100,profitandloss,GOOD,1.0,2026-07-19 11:42:19
NTPC,Mar 2015,OPM,21.7,VALID,Operating Profit / Sales * 100,profitandloss,GOOD,1.0,2026-07-19 11:42:19
NTPC,Mar 2015,ROE,12.17,VALID,PAT / (Equity + Reserves) * 100,profitandloss + balancesheet,AVERAGE,1.0,2026-07-19 11:42:19
NTPC,Mar 2015,ROCE,9.41,VALID,EBIT / Capital Employed * 100,profitandloss + balancesheet,WEAK,1.0,2026-07-19 11:42:19
NTPC,Mar 2015,ROA,4.55,VALID,PAT / Total Assets * 100,profitandloss + balancesheet,WEAK,1.0,2026-07-19 11:42:19
NTPC,Mar 2016,NPM,14.69,VALID,Net Profit / Sales * 100,profitandloss,GOOD,1.0,2026-07-19 11:42:19
NTPC,Mar 2016,OPM,25.3,VALID,Operating Profit / Sales * 100,profitandloss,EXCELLENT,1.0,2026-07-19 11:42:19
NTPC,Mar 2016,ROE,11.77,VALID,PAT / (Equity + Reserves) * 100,profitandloss + balancesheet,AVERAGE,1.0,2026-07-19 11:42:19
NTPC,Mar 2016,ROCE,9.72,VALID,EBIT / Capital Employed * 100,profitandloss + balancesheet,WEAK,1.0,2026-07-19 11:42:19
NTPC,Mar 2016,ROA,4.8,VALID,PAT / Total Assets * 100,profitandloss + balancesheet,WEAK,1.0,2026-07-19 11:42:19
NTPC,Mar 2017,NPM,13.06,VALID,Net Profit / Sales * 100,profitandloss,GOOD,1.0,2026-07-19 11:42:19
NTPC,Mar 2017,OPM,26.33,VALID,Operating Profit / Sales * 100,profitandloss,EXCELLENT,1.0,2026-07-19 11:42:19
NTPC,Mar 2017,ROE,10.95,VALID,PAT / (Equity + Reserves) * 100,profitandloss + balancesheet,AVERAGE,1.0,2026-07-19 11:42:19
NTPC,Mar 2017,ROCE,10.21,VALID,EBIT / Capital Employed * 100,profitandloss + balancesheet,AVERAGE,1.0,2026-07-19 11:42:19
NTPC,Mar 2017,ROA,4.31,VALID,PAT / Total Assets * 100,profitandloss + balancesheet,WEAK,1.0,2026-07-19 11:42:19
NTPC,Mar 2018,NPM,11.92,VALID,Net Profit / Sales * 100,profitandloss,GOOD,1.0,2026-07-19 11:42:19
NTPC,Mar 2018,OPM,25.53,VALID,Operating Profit / Sales * 100,profitandloss,EXCELLENT,1.0,2026-07-19 11:42:19
NTPC,Mar 2018,ROE,10.14,VALID,PAT / (Equity + Reserves) * 100,profitandloss + balancesheet,AVERAGE,1.0,2026-07-19 11:42:19
NTPC,Mar 2018,ROCE,9.62,VALID,EBIT / Capital Employed * 100,profitandloss + balancesheet,WEAK,1.0,2026-07-19 11:42:19
NTPC,Mar 2018,ROA,3.72,VALID,PAT / Total Assets * 100,profitandloss + balancesheet,WEAK,1.0,2026-07-19 11:42:19
NTPC,Mar 2019,NPM,13.99,VALID,Net Profit / Sales * 100,profitandloss,GOOD,1.0,2026-07-19 11:42:19
NTPC,Mar 2019,OPM,22.65,VALID,Operating Profit / Sales * 100,profitandloss,GOOD,1.0,2026-07-19 11:42:19
NTPC,Mar 2019,ROE,12.6,VALID,PAT / (Equity + Reserves) * 100,profitandloss + balancesheet,AVERAGE,1.0,2026-07-19 11:42:19
NTPC,Mar 2019,ROCE,7.98,VALID,EBIT / Capital Employed * 100,profitandloss + balancesheet,WEAK,1.0,2026-07-19 11:42:19
NTPC,Mar 2019,ROA,4.05,VALID,PAT / Total Assets * 100,profitandloss + balancesheet,WEAK,1.0,2026-07-19 11:42:19
NTPC,Mar 2020,NPM,10.87,VALID,Net Profit / Sales * 100,profitandloss,GOOD,1.0,2026-07-19 11:42:19
NTPC,Mar 2020,OPM,28.86,VALID,Operating Profit / Sales * 100,profitandloss,EXCELLENT,1.0,2026-07-19 11:42:19
NTPC,Mar 2020,ROE,10.02,VALID,PAT / (Equity + Reserves) * 100,profitandloss + balancesheet,AVERAGE,1.0,2026-07-19 11:42:19
NTPC,Mar 2020,ROCE,9.81,VALID,EBIT / Capital Employed * 100,profitandloss + balancesheet,WEAK,1.0,2026-07-19 11:42:19
NTPC,Mar 2020,ROA,3.15,VALID,PAT / Total Assets * 100,profitandloss + balancesheet,WEAK,1.0,2026-07-19 11:42:19
NTPC,Mar 2021,NPM,13.42,VALID,Net Profit / Sales * 100,profitandloss,GOOD,1.0,2026-07-19 11:42:19
NTPC,Mar 2021,OPM,30.52,VALID,Operating Profit / Sales * 100,profitandloss,EXCELLENT,1.0,2026-07-19 11:42:19
NTPC,Mar 2021,ROE,11.9,VALID,PAT / (Equity + Reserves) * 100,profitandloss + balancesheet,AVERAGE,1.0,2026-07-19 11:42:19
NTPC,Mar 2021,ROCE,10.13,VALID,EBIT / Capital Employed * 100,profitandloss + balancesheet,AVERAGE,1.0,2026-07-19 11:42:19
NTPC,Mar 2021,ROA,3.76,VALID,PAT / Total Assets * 100,profitandloss + balancesheet,WEAK,1.0,2026-07-19 11:42:19
NTPC,Mar 2022,NPM,12.78,VALID,Net Profit / Sales * 100,profitandloss,GOOD,1.0,2026-07-19 11:42:19
NTPC,Mar 2022,OPM,30.42,VALID,Operating Profit / Sales * 100,profitandloss,EXCELLENT,1.0,2026-07-19 11:42:19
NTPC,Mar 2022,ROE,12.53,VALID,PAT / (Equity + Reserves) * 100,profitandloss + balancesheet,AVERAGE,1.0,2026-07-19 11:42:19
NTPC,Mar 2022,ROCE,11.66,VALID,EBIT / Capital Employed * 100,profitandloss + balancesheet,AVERAGE,1.0,2026-07-19 11:42:19
NTPC,Mar 2022,ROA,4.08,VALID,PAT / Total Assets * 100,profitandloss + balancesheet,WEAK,1.0,2026-07-19 11:42:19
NTPC,Mar 2023,NPM,9.72,VALID,Net Profit / Sales * 100,profitandloss,AVERAGE,1.0,2026-07-19 11:42:19
NTPC,Mar 2023,OPM,27.01,VALID,Operating Profit / Sales * 100,profitandloss,EXCELLENT,1.0,2026-07-19 11:42:19
NTPC,Mar 2023,ROE,11.65,VALID,PAT / (Equity + Reserves) * 100,profitandloss + balancesheet,AVERAGE,1.0,2026-07-19 11:42:19
NTPC,Mar 2023,ROCE,12.87,VALID,EBIT / Capital Employed * 100,profitandloss + balancesheet,AVERAGE,1.0,2026-07-19 11:42:19
NTPC,Mar 2023,ROA,3.83,VALID,PAT / Total Assets * 100,profitandloss + balancesheet,WEAK,1.0,2026-07-19 11:42:19
NTPC,Mar 2024,NPM,11.95,VALID,Net Profit / Sales * 100,profitandloss,GOOD,1.0,2026-07-19 11:42:19
NTPC,Mar 2024,OPM,28.83,VALID,Operating Profit / Sales * 100,profitandloss,EXCELLENT,1.0,2026-07-19 11:42:19
NTPC,Mar 2024,ROE,13.27,VALID,PAT / (Equity + Reserves) * 100,profitandloss + balancesheet,AVERAGE,1.0,2026-07-19 11:42:19
NTPC,Mar 2024,ROCE,12.93,VALID,EBIT / Capital Employed * 100,profitandloss + balancesheet,AVERAGE,1.0,2026-07-19 11:42:19
NTPC,Mar 2024,ROA,4.45,VALID,PAT / Total Assets * 100,profitandloss + balancesheet,WEAK,1.0,2026-07-19 11:42:19
ONGC,Mar 2013,NPM,14.81,VALID,Net Profit / Sales * 100,profitandloss,GOOD,1.0,2026-07-19 11:42:19
ONGC,Mar 2013,OPM,26.86,VALID,Operating Profit / Sales * 100,profitandloss,EXCELLENT,1.0,2026-07-19 11:42:19
ONGC,Mar 2013,ROE,15.73,VALID,PAT / (Equity + Reserves) * 100,profitandloss + balancesheet,GOOD,1.0,2026-07-19 11:42:19
ONGC,Mar 2013,ROCE,25.11,VALID,EBIT / Capital Employed * 100,profitandloss + balancesheet,EXCELLENT,1.0,2026-07-19 11:42:19
ONGC,Mar 2013,ROA,9.47,VALID,PAT / Total Assets * 100,profitandloss + balancesheet,AVERAGE,1.0,2026-07-19 11:42:19
ONGC,Mar 2014,NPM,15.31,VALID,Net Profit / Sales * 100,profitandloss,EXCELLENT,1.0,2026-07-19 11:42:19
ONGC,Mar 2014,OPM,28.22,VALID,Operating Profit / Sales * 100,profitandloss,EXCELLENT,1.0,2026-07-19 11:42:19
ONGC,Mar 2014,ROE,15.49,VALID,PAT / (Equity + Reserves) * 100,profitandloss + balancesheet,GOOD,1.0,2026-07-19 11:42:19
ONGC,Mar 2014,ROCE,22.2,VALID,EBIT / Capital Employed * 100,profitandloss + balancesheet,EXCELLENT,1.0,2026-07-19 11:42:19
ONGC,Mar 2014,ROA,8.21,VALID,PAT / Total Assets * 100,profitandloss + balancesheet,AVERAGE,1.0,2026-07-19 11:42:19
ONGC,Mar 2015,NPM,11.0,VALID,Net Profit / Sales * 100,profitandloss,GOOD,1.0,2026-07-19 11:42:19
ONGC,Mar 2015,OPM,26.29,VALID,Operating Profit / Sales * 100,profitandloss,EXCELLENT,1.0,2026-07-19 11:42:19
ONGC,Mar 2015,ROE,9.81,VALID,PAT / (Equity + Reserves) * 100,profitandloss + balancesheet,WEAK,1.0,2026-07-19 11:42:19
ONGC,Mar 2015,ROCE,18.05,VALID,EBIT / Capital Employed * 100,profitandloss + balancesheet,GOOD,1.0,2026-07-19 11:42:19
ONGC,Mar 2015,ROA,5.24,VALID,PAT / Total Assets * 100,profitandloss + balancesheet,AVERAGE,1.0,2026-07-19 11:42:19
ONGC,Mar 2016,NPM,10.56,VALID,Net Profit / Sales * 100,profitandloss,GOOD,1.0,2026-07-19 11:42:19
ONGC,Mar 2016,OPM,31.55,VALID,Operating Profit / Sales * 100,profitandloss,EXCELLENT,1.0,2026-07-19 11:42:19
ONGC,Mar 2016,ROE,6.62,VALID,PAT / (Equity + Reserves) * 100,profitandloss + balancesheet,WEAK,1.0,2026-07-19 11:42:19
ONGC,Mar 2016,ROCE,16.08,VALID,EBIT / Capital Employed * 100,profitandloss + balancesheet,GOOD,1.0,2026-07-19 11:42:19
ONGC,Mar 2016,ROA,3.83,VALID,PAT / Total Assets * 100,profitandloss + balancesheet,WEAK,1.0,2026-07-19 11:42:19
ONGC,Mar 2017,NPM,10.33,VALID,Net Profit / Sales * 100,profitandloss,GOOD,1.0,2026-07-19 11:42:19
ONGC,Mar 2017,OPM,18.69,VALID,Operating Profit / Sales * 100,profitandloss,GOOD,1.0,2026-07-19 11:42:19
ONGC,Mar 2017,ROE,15.01,VALID,PAT / (Equity + Reserves) * 100,profitandloss + balancesheet,GOOD,1.0,2026-07-19 11:42:19
ONGC,Mar 2017,ROCE,19.24,VALID,EBIT / Capital Employed * 100,profitandloss + balancesheet,GOOD,1.0,2026-07-19 11:42:19
ONGC,Mar 2017,ROA,6.56,VALID,PAT / Total Assets * 100,profitandloss + balancesheet,AVERAGE,1.0,2026-07-19 11:42:19
ONGC,Mar 2018,NPM,8.08,VALID,Net Profit / Sales * 100,profitandloss,AVERAGE,1.0,2026-07-19 11:42:19
ONGC,Mar 2018,OPM,17.63,VALID,Operating Profit / Sales * 100,profitandloss,GOOD,1.0,2026-07-19 11:42:19
ONGC,Mar 2018,ROE,12.78,VALID,PAT / (Equity + Reserves) * 100,profitandloss + balancesheet,AVERAGE,1.0,2026-07-19 11:42:19
ONGC,Mar 2018,ROCE,18.32,VALID,EBIT / Capital Employed * 100,profitandloss + balancesheet,GOOD,1.0,2026-07-19 11:42:19
ONGC,Mar 2018,ROA,5.68,VALID,PAT / Total Assets * 100,profitandloss + balancesheet,AVERAGE,1.0,2026-07-19 11:42:19
ONGC,Mar 2019,NPM,8.05,VALID,Net Profit / Sales * 100,profitandloss,AVERAGE,1.0,2026-07-19 11:42:19
ONGC,Mar 2019,OPM,17.75,VALID,Operating Profit / Sales * 100,profitandloss,GOOD,1.0,2026-07-19 11:42:19
ONGC,Mar 2019,ROE,15.64,VALID,PAT / (Equity + Reserves) * 100,profitandloss + balancesheet,GOOD,1.0,2026-07-19 11:42:19
ONGC,Mar 2019,ROCE,23.04,VALID,EBIT / Capital Employed * 100,profitandloss + balancesheet,EXCELLENT,1.0,2026-07-19 11:42:19
ONGC,Mar 2019,ROA,6.89,VALID,PAT / Total Assets * 100,profitandloss + balancesheet,AVERAGE,1.0,2026-07-19 11:42:19
ONGC,Mar 2020,NPM,2.89,VALID,Net Profit / Sales * 100,profitandloss,WEAK,1.0,2026-07-19 11:42:19
ONGC,Mar 2020,OPM,13.13,VALID,Operating Profit / Sales * 100,profitandloss,AVERAGE,1.0,2026-07-19 11:42:19
ONGC,Mar 2020,ROE,5.59,VALID,PAT / (Equity + Reserves) * 100,profitandloss + balancesheet,WEAK,1.0,2026-07-19 11:42:19
ONGC,Mar 2020,ROCE,15.57,VALID,EBIT / Capital Employed * 100,profitandloss + balancesheet,GOOD,1.0,2026-07-19 11:42:19
ONGC,Mar 2020,ROA,2.25,VALID,PAT / Total Assets * 100,profitandloss + balancesheet,WEAK,1.0,2026-07-19 11:42:19
ONGC,Mar 2021,NPM,7.03,VALID,Net Profit / Sales * 100,profitandloss,AVERAGE,1.0,2026-07-19 11:42:19
ONGC,Mar 2021,OPM,16.28,VALID,Operating Profit / Sales * 100,profitandloss,GOOD,1.0,2026-07-19 11:42:19
ONGC,Mar 2021,ROE,9.67,VALID,PAT / (Equity + Reserves) * 100,profitandloss + balancesheet,WEAK,1.0,2026-07-19 11:42:19
ONGC,Mar 2021,ROCE,13.97,VALID,EBIT / Capital Employed * 100,profitandloss + balancesheet,AVERAGE,1.0,2026-07-19 11:42:19
ONGC,Mar 2021,ROA,3.94,VALID,PAT / Total Assets * 100,profitandloss + balancesheet,WEAK,1.0,2026-07-19 11:42:19
ONGC,Mar 2022,NPM,10.03,VALID,Net Profit / Sales * 100,profitandloss,GOOD,1.0,2026-07-19 11:42:19
ONGC,Mar 2022,OPM,16.26,VALID,Operating Profit / Sales * 100,profitandloss,GOOD,1.0,2026-07-19 11:42:19
ONGC,Mar 2022,ROE,19.0,VALID,PAT / (Equity + Reserves) * 100,profitandloss + balancesheet,GOOD,1.0,2026-07-19 11:42:19
ONGC,Mar 2022,ROCE,20.94,VALID,EBIT / Capital Employed * 100,profitandloss + balancesheet,EXCELLENT,1.0,2026-07-19 11:42:19
ONGC,Mar 2022,ROA,8.45,VALID,PAT / Total Assets * 100,profitandloss + balancesheet,AVERAGE,1.0,2026-07-19 11:42:19
ONGC,Mar 2023,NPM,5.18,VALID,Net Profit / Sales * 100,profitandloss,AVERAGE,1.0,2026-07-19 11:42:19
ONGC,Mar 2023,OPM,11.94,VALID,Operating Profit / Sales * 100,profitandloss,AVERAGE,1.0,2026-07-19 11:42:19
ONGC,Mar 2023,ROE,11.68,VALID,PAT / (Equity + Reserves) * 100,profitandloss + balancesheet,AVERAGE,1.0,2026-07-19 11:42:19
ONGC,Mar 2023,ROCE,17.86,VALID,EBIT / Capital Employed * 100,profitandloss + balancesheet,GOOD,1.0,2026-07-19 11:42:19
ONGC,Mar 2023,ROA,5.35,VALID,PAT / Total Assets * 100,profitandloss + balancesheet,AVERAGE,1.0,2026-07-19 11:42:19
ONGC,Mar 2024,NPM,9.66,VALID,Net Profit / Sales * 100,profitandloss,AVERAGE,1.0,2026-07-19 11:42:19
ONGC,Mar 2024,OPM,17.39,VALID,Operating Profit / Sales * 100,profitandloss,GOOD,1.0,2026-07-19 11:42:19
ONGC,Mar 2024,ROE,16.94,VALID,PAT / (Equity + Reserves) * 100,profitandloss + balancesheet,GOOD,1.0,2026-07-19 11:42:19
ONGC,Mar 2024,ROCE,20.98,VALID,EBIT / Capital Employed * 100,profitandloss + balancesheet,EXCELLENT,1.0,2026-07-19 11:42:19
ONGC,Mar 2024,ROA,8.04,VALID,PAT / Total Assets * 100,profitandloss + balancesheet,AVERAGE,1.0,2026-07-19 11:42:19
PFC,Mar 2013,NPM,25.63,VALID,Net Profit / Sales * 100,profitandloss,EXCELLENT,1.0,2026-07-19 11:42:19
PFC,Mar 2013,OPM,34.58,VALID,Operating Profit / Sales * 100,profitandloss,EXCELLENT,1.0,2026-07-19 11:42:19
PFC,Mar 2013,ROE,18.74,VALID,PAT / (Equity + Reserves) * 100,profitandloss + balancesheet,GOOD,1.0,2026-07-19 11:42:19
PFC,Mar 2013,ROCE,3.67,VALID,EBIT / Capital Employed * 100,profitandloss + balancesheet,WEAK,1.0,2026-07-19 11:42:19
PFC,Mar 2013,ROA,2.62,VALID,PAT / Total Assets * 100,profitandloss + balancesheet,WEAK,1.0,2026-07-19 11:42:19
PFC,Mar 2014,NPM,25.52,VALID,Net Profit / Sales * 100,profitandloss,EXCELLENT,1.0,2026-07-19 11:42:19
PFC,Mar 2014,OPM,35.54,VALID,Operating Profit / Sales * 100,profitandloss,EXCELLENT,1.0,2026-07-19 11:42:19
PFC,Mar 2014,ROE,19.85,VALID,PAT / (Equity + Reserves) * 100,profitandloss + balancesheet,GOOD,1.0,2026-07-19 11:42:19
PFC,Mar 2014,ROCE,4.07,VALID,EBIT / Capital Employed * 100,profitandloss + balancesheet,WEAK,1.0,2026-07-19 11:42:19
PFC,Mar 2014,ROA,2.81,VALID,PAT / Total Assets * 100,profitandloss + balancesheet,WEAK,1.0,2026-07-19 11:42:19
PFC,Mar 2015,NPM,24.03,VALID,Net Profit / Sales * 100,profitandloss,EXCELLENT,1.0,2026-07-19 11:42:19
PFC,Mar 2015,OPM,33.73,VALID,Operating Profit / Sales * 100,profitandloss,EXCELLENT,1.0,2026-07-19 11:42:19
PFC,Mar 2015,ROE,18.52,VALID,PAT / (Equity + Reserves) * 100,profitandloss + balancesheet,GOOD,1.0,2026-07-19 11:42:19
PFC,Mar 2015,ROCE,3.83,VALID,EBIT / Capital Employed * 100,profitandloss + balancesheet,WEAK,1.0,2026-07-19 11:42:19
PFC,Mar 2015,ROA,2.62,VALID,PAT / Total Assets * 100,profitandloss + balancesheet,WEAK,1.0,2026-07-19 11:42:19
PFC,Mar 2016,NPM,22.2,VALID,Net Profit / Sales * 100,profitandloss,EXCELLENT,1.0,2026-07-19 11:42:19
PFC,Mar 2016,OPM,32.88,VALID,Operating Profit / Sales * 100,profitandloss,EXCELLENT,1.0,2026-07-19 11:42:19
PFC,Mar 2016,ROE,17.16,VALID,PAT / (Equity + Reserves) * 100,profitandloss + balancesheet,GOOD,1.0,2026-07-19 11:42:19
PFC,Mar 2016,ROCE,3.87,VALID,EBIT / Capital Employed * 100,profitandloss + balancesheet,WEAK,1.0,2026-07-19 11:42:19
PFC,Mar 2016,ROA,2.5,VALID,PAT / Total Assets * 100,profitandloss + balancesheet,WEAK,1.0,2026-07-19 11:42:19
PFC,Mar 2017,NPM,8.11,VALID,Net Profit / Sales * 100,profitandloss,AVERAGE,1.0,2026-07-19 11:42:19
PFC,Mar 2017,OPM,19.13,VALID,Operating Profit / Sales * 100,profitandloss,GOOD,1.0,2026-07-19 11:42:19
PFC,Mar 2017,ROE,6.07,VALID,PAT / (Equity + Reserves) * 100,profitandloss + balancesheet,WEAK,1.0,2026-07-19 11:42:19
PFC,Mar 2017,ROCE,2.2,VALID,EBIT / Capital Employed * 100,profitandloss + balancesheet,WEAK,1.0,2026-07-19 11:42:19
PFC,Mar 2017,ROA,0.86,VALID,PAT / Total Assets * 100,profitandloss + balancesheet,WEAK,1.0,2026-07-19 11:42:19
PFC,Mar 2018,NPM,18.09,VALID,Net Profit / Sales * 100,profitandloss,EXCELLENT,1.0,2026-07-19 11:42:19
PFC,Mar 2018,OPM,24.17,VALID,Operating Profit / Sales * 100,profitandloss,GOOD,1.0,2026-07-19 11:42:19
PFC,Mar 2018,ROE,22.08,VALID,PAT / (Equity + Reserves) * 100,profitandloss + balancesheet,EXCELLENT,1.0,2026-07-19 11:42:19
PFC,Mar 2018,ROCE,2.44,VALID,EBIT / Capital Employed * 100,profitandloss + balancesheet,WEAK,1.0,2026-07-19 11:42:19
PFC,Mar 2018,ROA,1.68,VALID,PAT / Total Assets * 100,profitandloss + balancesheet,WEAK,1.0,2026-07-19 11:42:19
PFC,Mar 2019,NPM,23.36,VALID,Net Profit / Sales * 100,profitandloss,EXCELLENT,1.0,2026-07-19 11:42:19
PFC,Mar 2019,OPM,32.87,VALID,Operating Profit / Sales * 100,profitandloss,EXCELLENT,1.0,2026-07-19 11:42:19
PFC,Mar 2019,ROE,26.82,VALID,PAT / (Equity + Reserves) * 100,profitandloss + balancesheet,EXCELLENT,1.0,2026-07-19 11:42:19
PFC,Mar 2019,ROCE,3.03,VALID,EBIT / Capital Employed * 100,profitandloss + balancesheet,WEAK,1.0,2026-07-19 11:42:19
PFC,Mar 2019,ROA,2.01,VALID,PAT / Total Assets * 100,profitandloss + balancesheet,WEAK,1.0,2026-07-19 11:42:19
PFC,Mar 2020,NPM,15.24,VALID,Net Profit / Sales * 100,profitandloss,EXCELLENT,1.0,2026-07-19 11:42:19
PFC,Mar 2020,OPM,22.53,VALID,Operating Profit / Sales * 100,profitandloss,GOOD,1.0,2026-07-19 11:42:19
PFC,Mar 2020,ROE,19.18,VALID,PAT / (Equity + Reserves) * 100,profitandloss + balancesheet,GOOD,1.0,2026-07-19 11:42:19
PFC,Mar 2020,ROCE,2.17,VALID,EBIT / Capital Employed * 100,profitandloss + balancesheet,WEAK,1.0,2026-07-19 11:42:19
PFC,Mar 2020,ROA,1.36,VALID,PAT / Total Assets * 100,profitandloss + balancesheet,WEAK,1.0,2026-07-19 11:42:19
PFC,Mar 2021,NPM,21.93,VALID,Net Profit / Sales * 100,profitandloss,EXCELLENT,1.0,2026-07-19 11:42:19
PFC,Mar 2021,OPM,27.73,VALID,Operating Profit / Sales * 100,profitandloss,EXCELLENT,1.0,2026-07-19 11:42:19
PFC,Mar 2021,ROE,25.86,VALID,PAT / (Equity + Reserves) * 100,profitandloss + balancesheet,EXCELLENT,1.0,2026-07-19 11:42:19
PFC,Mar 2021,ROCE,2.76,VALID,EBIT / Capital Employed * 100,profitandloss + balancesheet,WEAK,1.0,2026-07-19 11:42:19
PFC,Mar 2021,ROA,2.03,VALID,PAT / Total Assets * 100,profitandloss + balancesheet,WEAK,1.0,2026-07-19 11:42:19
PFC,Mar 2022,NPM,24.61,VALID,Net Profit / Sales * 100,profitandloss,EXCELLENT,1.0,2026-07-19 11:42:19
PFC,Mar 2022,OPM,30.6,VALID,Operating Profit / Sales * 100,profitandloss,EXCELLENT,1.0,2026-07-19 11:42:19
PFC,Mar 2022,ROE,26.18,VALID,PAT / (Equity + Reserves) * 100,profitandloss + balancesheet,EXCELLENT,1.0,2026-07-19 11:42:19
PFC,Mar 2022,ROCE,3.19,VALID,EBIT / Capital Employed * 100,profitandloss + balancesheet,WEAK,1.0,2026-07-19 11:42:19
PFC,Mar 2022,ROA,2.37,VALID,PAT / Total Assets * 100,profitandloss + balancesheet,WEAK,1.0,2026-07-19 11:42:19
PFC,Mar 2023,NPM,27.26,VALID,Net Profit / Sales * 100,profitandloss,EXCELLENT,1.0,2026-07-19 11:42:19
PFC,Mar 2023,OPM,34.11,VALID,Operating Profit / Sales * 100,profitandloss,EXCELLENT,1.0,2026-07-19 11:42:19
PFC,Mar 2023,ROE,25.17,VALID,PAT / (Equity + Reserves) * 100,profitandloss + balancesheet,EXCELLENT,1.0,2026-07-19 11:42:19
PFC,Mar 2023,ROCE,3.17,VALID,EBIT / Capital Employed * 100,profitandloss + balancesheet,WEAK,1.0,2026-07-19 11:42:19
PFC,Mar 2023,ROA,2.36,VALID,PAT / Total Assets * 100,profitandloss + balancesheet,WEAK,1.0,2026-07-19 11:42:19
PFC,Mar 2024,NPM,28.92,VALID,Net Profit / Sales * 100,profitandloss,EXCELLENT,1.0,2026-07-19 11:42:19
PFC,Mar 2024,OPM,36.69,VALID,Operating Profit / Sales * 100,profitandloss,EXCELLENT,1.0,2026-07-19 11:42:19
PFC,Mar 2024,ROE,26.16,VALID,PAT / (Equity + Reserves) * 100,profitandloss + balancesheet,EXCELLENT,1.0,2026-07-19 11:42:19
PFC,Mar 2024,ROCE,3.49,VALID,EBIT / Capital Employed * 100,profitandloss + balancesheet,WEAK,1.0,2026-07-19 11:42:19
PFC,Mar 2024,ROA,2.55,VALID,PAT / Total Assets * 100,profitandloss + balancesheet,WEAK,1.0,2026-07-19 11:42:19
PIDILITIND,Mar 2013,NPM,11.53,VALID,Net Profit / Sales * 100,profitandloss,GOOD,1.0,2026-07-19 11:42:19
PIDILITIND,Mar 2013,OPM,15.17,VALID,Operating Profit / Sales * 100,profitandloss,GOOD,1.0,2026-07-19 11:42:19
PIDILITIND,Mar 2013,ROE,25.68,VALID,PAT / (Equity + Reserves) * 100,profitandloss + balancesheet,EXCELLENT,1.0,2026-07-19 11:42:19
PIDILITIND,Mar 2013,ROCE,31.67,VALID,EBIT / Capital Employed * 100,profitandloss + balancesheet,EXCELLENT,1.0,2026-07-19 11:42:19
PIDILITIND,Mar 2013,ROA,16.21,VALID,PAT / Total Assets * 100,profitandloss + balancesheet,EXCELLENT,1.0,2026-07-19 11:42:19
PIDILITIND,Mar 2014,NPM,10.51,VALID,Net Profit / Sales * 100,profitandloss,GOOD,1.0,2026-07-19 11:42:19
PIDILITIND,Mar 2014,OPM,15.69,VALID,Operating Profit / Sales * 100,profitandloss,GOOD,1.0,2026-07-19 11:42:19
PIDILITIND,Mar 2014,ROE,23.05,VALID,PAT / (Equity + Reserves) * 100,profitandloss + balancesheet,EXCELLENT,1.0,2026-07-19 11:42:19
PIDILITIND,Mar 2014,ROCE,33.63,VALID,EBIT / Capital Employed * 100,profitandloss + balancesheet,EXCELLENT,1.0,2026-07-19 11:42:19
PIDILITIND,Mar 2014,ROA,15.37,VALID,PAT / Total Assets * 100,profitandloss + balancesheet,EXCELLENT,1.0,2026-07-19 11:42:19
PIDILITIND,Mar 2015,NPM,10.61,VALID,Net Profit / Sales * 100,profitandloss,GOOD,1.0,2026-07-19 11:42:19
PIDILITIND,Mar 2015,OPM,15.92,VALID,Operating Profit / Sales * 100,profitandloss,GOOD,1.0,2026-07-19 11:42:19
PIDILITIND,Mar 2015,ROE,22.64,VALID,PAT / (Equity + Reserves) * 100,profitandloss + balancesheet,EXCELLENT,1.0,2026-07-19 11:42:19
PIDILITIND,Mar 2015,ROCE,33.12,VALID,EBIT / Capital Employed * 100,profitandloss + balancesheet,EXCELLENT,1.0,2026-07-19 11:42:19
PIDILITIND,Mar 2015,ROA,15.51,VALID,PAT / Total Assets * 100,profitandloss + balancesheet,EXCELLENT,1.0,2026-07-19 11:42:19
PIDILITIND,Mar 2016,NPM,15.05,VALID,Net Profit / Sales * 100,profitandloss,EXCELLENT,1.0,2026-07-19 11:42:19
PIDILITIND,Mar 2016,OPM,21.88,VALID,Operating Profit / Sales * 100,profitandloss,GOOD,1.0,2026-07-19 11:42:19
PIDILITIND,Mar 2016,ROE,30.59,VALID,PAT / (Equity + Reserves) * 100,profitandloss + balancesheet,EXCELLENT,1.0,2026-07-19 11:42:19
PIDILITIND,Mar 2016,ROCE,43.16,VALID,EBIT / Capital Employed * 100,profitandloss + balancesheet,EXCELLENT,1.0,2026-07-19 11:42:19
PIDILITIND,Mar 2016,ROA,21.73,VALID,PAT / Total Assets * 100,profitandloss + balancesheet,EXCELLENT,1.0,2026-07-19 11:42:19
PIDILITIND,Mar 2017,NPM,15.36,VALID,Net Profit / Sales * 100,profitandloss,EXCELLENT,1.0,2026-07-19 11:42:19
PIDILITIND,Mar 2017,OPM,22.47,VALID,Operating Profit / Sales * 100,profitandloss,GOOD,1.0,2026-07-19 11:42:19
PIDILITIND,Mar 2017,ROE,24.86,VALID,PAT / (Equity + Reserves) * 100,profitandloss + balancesheet,EXCELLENT,1.0,2026-07-19 11:42:19
PIDILITIND,Mar 2017,ROCE,35.36,VALID,EBIT / Capital Employed * 100,profitandloss + balancesheet,EXCELLENT,1.0,2026-07-19 11:42:19
PIDILITIND,Mar 2017,ROA,18.09,VALID,PAT / Total Assets * 100,profitandloss + balancesheet,EXCELLENT,1.0,2026-07-19 11:42:19
PIDILITIND,Mar 2018,NPM,15.89,VALID,Net Profit / Sales * 100,profitandloss,EXCELLENT,1.0,2026-07-19 11:42:19
PIDILITIND,Mar 2018,OPM,22.06,VALID,Operating Profit / Sales * 100,profitandloss,GOOD,1.0,2026-07-19 11:42:19
PIDILITIND,Mar 2018,ROE,27.03,VALID,PAT / (Equity + Reserves) * 100,profitandloss + balancesheet,EXCELLENT,1.0,2026-07-19 11:42:19
PIDILITIND,Mar 2018,ROCE,36.25,VALID,EBIT / Capital Employed * 100,profitandloss + balancesheet,EXCELLENT,1.0,2026-07-19 11:42:19
PIDILITIND,Mar 2018,ROA,18.58,VALID,PAT / Total Assets * 100,profitandloss + balancesheet,EXCELLENT,1.0,2026-07-19 11:42:19
PIDILITIND,Mar 2019,NPM,13.11,VALID,Net Profit / Sales * 100,profitandloss,GOOD,1.0,2026-07-19 11:42:19
PIDILITIND,Mar 2019,OPM,19.37,VALID,Operating Profit / Sales * 100,profitandloss,GOOD,1.0,2026-07-19 11:42:19
PIDILITIND,Mar 2019,ROE,22.37,VALID,PAT / (Equity + Reserves) * 100,profitandloss + balancesheet,EXCELLENT,1.0,2026-07-19 11:42:19
PIDILITIND,Mar 2019,ROCE,32.18,VALID,EBIT / Capital Employed * 100,profitandloss + balancesheet,EXCELLENT,1.0,2026-07-19 11:42:19
PIDILITIND,Mar 2019,ROA,15.72,VALID,PAT / Total Assets * 100,profitandloss + balancesheet,EXCELLENT,1.0,2026-07-19 11:42:19
PIDILITIND,Mar 2020,NPM,15.38,VALID,Net Profit / Sales * 100,profitandloss,EXCELLENT,1.0,2026-07-19 11:42:19
PIDILITIND,Mar 2020,OPM,21.61,VALID,Operating Profit / Sales * 100,profitandloss,GOOD,1.0,2026-07-19 11:42:19
PIDILITIND,Mar 2020,ROE,25.18,VALID,PAT / (Equity + Reserves) * 100,profitandloss + balancesheet,EXCELLENT,1.0,2026-07-19 11:42:19
PIDILITIND,Mar 2020,ROCE,33.22,VALID,EBIT / Capital Employed * 100,profitandloss + balancesheet,EXCELLENT,1.0,2026-07-19 11:42:19
PIDILITIND,Mar 2020,ROA,17.2,VALID,PAT / Total Assets * 100,profitandloss + balancesheet,EXCELLENT,1.0,2026-07-19 11:42:19
PIDILITIND,Mar 2021,NPM,15.44,VALID,Net Profit / Sales * 100,profitandloss,EXCELLENT,1.0,2026-07-19 11:42:19
PIDILITIND,Mar 2021,OPM,23.12,VALID,Operating Profit / Sales * 100,profitandloss,GOOD,1.0,2026-07-19 11:42:19
PIDILITIND,Mar 2021,ROE,20.13,VALID,PAT / (Equity + Reserves) * 100,profitandloss + balancesheet,EXCELLENT,1.0,2026-07-19 11:42:19
PIDILITIND,Mar 2021,ROCE,28.46,VALID,EBIT / Capital Employed * 100,profitandloss + balancesheet,EXCELLENT,1.0,2026-07-19 11:42:19
PIDILITIND,Mar 2021,ROA,12.78,VALID,PAT / Total Assets * 100,profitandloss + balancesheet,GOOD,1.0,2026-07-19 11:42:19
PIDILITIND,Mar 2022,NPM,12.17,VALID,Net Profit / Sales * 100,profitandloss,GOOD,1.0,2026-07-19 11:42:19
PIDILITIND,Mar 2022,OPM,18.71,VALID,Operating Profit / Sales * 100,profitandloss,GOOD,1.0,2026-07-19 11:42:19
PIDILITIND,Mar 2022,ROE,18.85,VALID,PAT / (Equity + Reserves) * 100,profitandloss + balancesheet,GOOD,1.0,2026-07-19 11:42:19
PIDILITIND,Mar 2022,ROCE,27.21,VALID,EBIT / Capital Employed * 100,profitandloss + balancesheet,EXCELLENT,1.0,2026-07-19 11:42:19
PIDILITIND,Mar 2022,ROA,12.71,VALID,PAT / Total Assets * 100,profitandloss + balancesheet,GOOD,1.0,2026-07-19 11:42:19
PIDILITIND,Mar 2023,NPM,10.92,VALID,Net Profit / Sales * 100,profitandloss,GOOD,1.0,2026-07-19 11:42:19
PIDILITIND,Mar 2023,OPM,16.83,VALID,Operating Profit / Sales * 100,profitandloss,GOOD,1.0,2026-07-19 11:42:19
PIDILITIND,Mar 2023,ROE,17.87,VALID,PAT / (Equity + Reserves) * 100,profitandloss + balancesheet,GOOD,1.0,2026-07-19 11:42:19
PIDILITIND,Mar 2023,ROCE,26.12,VALID,EBIT / Capital Employed * 100,profitandloss + balancesheet,EXCELLENT,1.0,2026-07-19 11:42:19
PIDILITIND,Mar 2023,ROA,12.27,VALID,PAT / Total Assets * 100,profitandloss + balancesheet,GOOD,1.0,2026-07-19 11:42:19
PIDILITIND,Mar 2024,NPM,14.11,VALID,Net Profit / Sales * 100,profitandloss,GOOD,1.0,2026-07-19 11:42:19
PIDILITIND,Mar 2024,OPM,21.87,VALID,Operating Profit / Sales * 100,profitandloss,GOOD,1.0,2026-07-19 11:42:19
PIDILITIND,Mar 2024,ROE,20.78,VALID,PAT / (Equity + Reserves) * 100,profitandloss + balancesheet,EXCELLENT,1.0,2026-07-19 11:42:19
PIDILITIND,Mar 2024,ROCE,30.81,VALID,EBIT / Capital Employed * 100,profitandloss + balancesheet,EXCELLENT,1.0,2026-07-19 11:42:19
PIDILITIND,Mar 2024,ROA,14.47,VALID,PAT / Total Assets * 100,profitandloss + balancesheet,GOOD,1.0,2026-07-19 11:42:19
PNB,Mar 2013,NPM,11.66,VALID,Net Profit / Sales * 100,profitandloss,GOOD,1.0,2026-07-19 11:42:19
PNB,Mar 2013,OPM,,INVALID_INPUT,Operating Profit / Sales * 100,profitandloss,N/A,1.0,2026-07-19 11:42:19
PNB,Mar 2013,ROE,812.3,VALID,PAT / (Equity + Reserves) * 100,profitandloss + balancesheet,EXCELLENT,1.0,2026-07-19 11:42:19
PNB,Mar 2013,ROCE,,INVALID_INPUT,EBIT / Capital Employed * 100,profitandloss + balancesheet,N/A,1.0,2026-07-19 11:42:19
PNB,Mar 2013,ROA,65.58,VALID,PAT / Total Assets * 100,profitandloss + balancesheet,EXCELLENT,1.0,2026-07-19 11:42:19
PNB,Mar 2014,NPM,8.17,VALID,Net Profit / Sales * 100,profitandloss,AVERAGE,1.0,2026-07-19 11:42:19
PNB,Mar 2014,OPM,,INVALID_INPUT,Operating Profit / Sales * 100,profitandloss,N/A,1.0,2026-07-19 11:42:19
PNB,Mar 2014,ROE,393.36,VALID,PAT / (Equity + Reserves) * 100,profitandloss + balancesheet,EXCELLENT,1.0,2026-07-19 11:42:19
PNB,Mar 2014,ROCE,,INVALID_INPUT,EBIT / Capital Employed * 100,profitandloss + balancesheet,N/A,1.0,2026-07-19 11:42:19
PNB,Mar 2014,ROA,31.84,VALID,PAT / Total Assets * 100,profitandloss + balancesheet,EXCELLENT,1.0,2026-07-19 11:42:19
PNB,Mar 2015,NPM,7.24,VALID,Net Profit / Sales * 100,profitandloss,AVERAGE,1.0,2026-07-19 11:42:19
PNB,Mar 2015,OPM,,INVALID_INPUT,Operating Profit / Sales * 100,profitandloss,N/A,1.0,2026-07-19 11:42:19
PNB,Mar 2015,ROE,223.24,VALID,PAT / (Equity + Reserves) * 100,profitandloss + balancesheet,EXCELLENT,1.0,2026-07-19 11:42:19
PNB,Mar 2015,ROCE,,INVALID_INPUT,EBIT / Capital Employed * 100,profitandloss + balancesheet,N/A,1.0,2026-07-19 11:42:19
PNB,Mar 2015,ROA,18.52,VALID,PAT / Total Assets * 100,profitandloss + balancesheet,EXCELLENT,1.0,2026-07-19 11:42:19
PNB,Mar 2016,NPM,-6.91,VALID,Net Profit / Sales * 100,profitandloss,WEAK,1.0,2026-07-19 11:42:19
PNB,Mar 2016,OPM,,INVALID_INPUT,Operating Profit / Sales * 100,profitandloss,N/A,1.0,2026-07-19 11:42:19
PNB,Mar 2016,ROE,-163.56,VALID,PAT / (Equity + Reserves) * 100,profitandloss + balancesheet,WEAK,1.0,2026-07-19 11:42:19
PNB,Mar 2016,ROCE,,INVALID_INPUT,EBIT / Capital Employed * 100,profitandloss + balancesheet,N/A,1.0,2026-07-19 11:42:19
PNB,Mar 2016,ROA,-11.83,VALID,PAT / Total Assets * 100,profitandloss + balancesheet,WEAK,1.0,2026-07-19 11:42:19
PNB,Mar 2017,NPM,2.58,VALID,Net Profit / Sales * 100,profitandloss,WEAK,1.0,2026-07-19 11:42:19
PNB,Mar 2017,OPM,,INVALID_INPUT,Operating Profit / Sales * 100,profitandloss,N/A,1.0,2026-07-19 11:42:19
PNB,Mar 2017,ROE,22.21,VALID,PAT / (Equity + Reserves) * 100,profitandloss + balancesheet,EXCELLENT,1.0,2026-07-19 11:42:19
PNB,Mar 2017,ROCE,,INVALID_INPUT,EBIT / Capital Employed * 100,profitandloss + balancesheet,N/A,1.0,2026-07-19 11:42:19
PNB,Mar 2017,ROA,2.88,VALID,PAT / Total Assets * 100,profitandloss + balancesheet,WEAK,1.0,2026-07-19 11:42:19
PNB,Mar 2018,NPM,-24.86,VALID,Net Profit / Sales * 100,profitandloss,WEAK,1.0,2026-07-19 11:42:19
PNB,Mar 2018,OPM,,INVALID_INPUT,Operating Profit / Sales * 100,profitandloss,N/A,1.0,2026-07-19 11:42:19
PNB,Mar 2018,ROE,-184.37,VALID,PAT / (Equity + Reserves) * 100,profitandloss + balancesheet,WEAK,1.0,2026-07-19 11:42:19
PNB,Mar 2018,ROCE,,INVALID_INPUT,EBIT / Capital Employed * 100,profitandloss + balancesheet,N/A,1.0,2026-07-19 11:42:19
PNB,Mar 2018,ROA,-19.22,VALID,PAT / Total Assets * 100,profitandloss + balancesheet,WEAK,1.0,2026-07-19 11:42:19
PNB,Mar 2019,NPM,-18.31,VALID,Net Profit / Sales * 100,profitandloss,WEAK,1.0,2026-07-19 11:42:19
PNB,Mar 2019,OPM,,INVALID_INPUT,Operating Profit / Sales * 100,profitandloss,N/A,1.0,2026-07-19 11:42:19
PNB,Mar 2019,ROE,-128.45,VALID,PAT / (Equity + Reserves) * 100,profitandloss + balancesheet,WEAK,1.0,2026-07-19 11:42:19
PNB,Mar 2019,ROCE,,INVALID_INPUT,EBIT / Capital Employed * 100,profitandloss + balancesheet,N/A,1.0,2026-07-19 11:42:19
PNB,Mar 2019,ROA,-11.4,VALID,PAT / Total Assets * 100,profitandloss + balancesheet,WEAK,1.0,2026-07-19 11:42:19
PNB,Mar 2020,NPM,0.88,VALID,Net Profit / Sales * 100,profitandloss,WEAK,1.0,2026-07-19 11:42:19
PNB,Mar 2020,OPM,,INVALID_INPUT,Operating Profit / Sales * 100,profitandloss,N/A,1.0,2026-07-19 11:42:19
PNB,Mar 2020,ROE,6.1,VALID,PAT / (Equity + Reserves) * 100,profitandloss + balancesheet,WEAK,1.0,2026-07-19 11:42:19
PNB,Mar 2020,ROCE,,INVALID_INPUT,EBIT / Capital Employed * 100,profitandloss + balancesheet,N/A,1.0,2026-07-19 11:42:19
PNB,Mar 2020,ROA,0.61,VALID,PAT / Total Assets * 100,profitandloss + balancesheet,WEAK,1.0,2026-07-19 11:42:19
PNB,Mar 2021,NPM,3.29,VALID,Net Profit / Sales * 100,profitandloss,WEAK,1.0,2026-07-19 11:42:19
PNB,Mar 2021,OPM,,INVALID_INPUT,Operating Profit / Sales * 100,profitandloss,N/A,1.0,2026-07-19 11:42:19
PNB,Mar 2021,ROE,30.39,VALID,PAT / (Equity + Reserves) * 100,profitandloss + balancesheet,EXCELLENT,1.0,2026-07-19 11:42:19
PNB,Mar 2021,ROCE,,INVALID_INPUT,EBIT / Capital Employed * 100,profitandloss + balancesheet,N/A,1.0,2026-07-19 11:42:19
PNB,Mar 2021,ROA,3.78,VALID,PAT / Total Assets * 100,profitandloss + balancesheet,WEAK,1.0,2026-07-19 11:42:19
PNB,Mar 2022,NPM,5.13,VALID,Net Profit / Sales * 100,profitandloss,AVERAGE,1.0,2026-07-19 11:42:19
PNB,Mar 2022,OPM,,INVALID_INPUT,Operating Profit / Sales * 100,profitandloss,N/A,1.0,2026-07-19 11:42:19
PNB,Mar 2022,ROE,39.87,VALID,PAT / (Equity + Reserves) * 100,profitandloss + balancesheet,EXCELLENT,1.0,2026-07-19 11:42:19
PNB,Mar 2022,ROCE,,INVALID_INPUT,EBIT / Capital Employed * 100,profitandloss + balancesheet,N/A,1.0,2026-07-19 11:42:19
PNB,Mar 2022,ROA,5.95,VALID,PAT / Total Assets * 100,profitandloss + balancesheet,AVERAGE,1.0,2026-07-19 11:42:19
PNB,Mar 2023,NPM,3.87,VALID,Net Profit / Sales * 100,profitandloss,WEAK,1.0,2026-07-19 11:42:19
PNB,Mar 2023,OPM,,INVALID_INPUT,Operating Profit / Sales * 100,profitandloss,N/A,1.0,2026-07-19 11:42:19
PNB,Mar 2023,ROE,30.67,VALID,PAT / (Equity + Reserves) * 100,profitandloss + balancesheet,EXCELLENT,1.0,2026-07-19 11:42:19
PNB,Mar 2023,ROCE,,INVALID_INPUT,EBIT / Capital Employed * 100,profitandloss + balancesheet,N/A,1.0,2026-07-19 11:42:19
PNB,Mar 2023,ROA,5.03,VALID,PAT / Total Assets * 100,profitandloss + balancesheet,AVERAGE,1.0,2026-07-19 11:42:19
PNB,Mar 2024,NPM,8.4,VALID,Net Profit / Sales * 100,profitandloss,AVERAGE,1.0,2026-07-19 11:42:19
PNB,Mar 2024,OPM,,INVALID_INPUT,Operating Profit / Sales * 100,profitandloss,N/A,1.0,2026-07-19 11:42:19
PNB,Mar 2024,ROE,61.32,VALID,PAT / (Equity + Reserves) * 100,profitandloss + balancesheet,EXCELLENT,1.0,2026-07-19 11:42:19
PNB,Mar 2024,ROCE,,INVALID_INPUT,EBIT / Capital Employed * 100,profitandloss + balancesheet,N/A,1.0,2026-07-19 11:42:19
PNB,Mar 2024,ROA,12.65,VALID,PAT / Total Assets * 100,profitandloss + balancesheet,GOOD,1.0,2026-07-19 11:42:19
POWERGRID,Mar 2013,NPM,32.97,VALID,Net Profit / Sales * 100,profitandloss,EXCELLENT,1.0,2026-07-19 11:42:19
POWERGRID,Mar 2013,OPM,82.85,VALID,Operating Profit / Sales * 100,profitandloss,EXCELLENT,1.0,2026-07-19 11:42:19
POWERGRID,Mar 2013,ROE,16.34,VALID,PAT / (Equity + Reserves) * 100,profitandloss + balancesheet,GOOD,1.0,2026-07-19 11:42:19
POWERGRID,Mar 2013,ROCE,11.33,VALID,EBIT / Capital Employed * 100,profitandloss + balancesheet,AVERAGE,1.0,2026-07-19 11:42:19
POWERGRID,Mar 2013,ROA,3.8,VALID,PAT / Total Assets * 100,profitandloss + balancesheet,WEAK,1.0,2026-07-19 11:42:19
POWERGRID,Mar 2014,NPM,29.24,VALID,Net Profit / Sales * 100,profitandloss,EXCELLENT,1.0,2026-07-19 11:42:19
POWERGRID,Mar 2014,OPM,83.36,VALID,Operating Profit / Sales * 100,profitandloss,EXCELLENT,1.0,2026-07-19 11:42:19
POWERGRID,Mar 2014,ROE,13.11,VALID,PAT / (Equity + Reserves) * 100,profitandloss + balancesheet,AVERAGE,1.0,2026-07-19 11:42:19
POWERGRID,Mar 2014,ROCE,10.9,VALID,EBIT / Capital Employed * 100,profitandloss + balancesheet,AVERAGE,1.0,2026-07-19 11:42:19
POWERGRID,Mar 2014,ROA,3.21,VALID,PAT / Total Assets * 100,profitandloss + balancesheet,WEAK,1.0,2026-07-19 11:42:19
POWERGRID,Mar 2015,NPM,28.77,VALID,Net Profit / Sales * 100,profitandloss,EXCELLENT,1.0,2026-07-19 11:42:19
POWERGRID,Mar 2015,OPM,85.1,VALID,Operating Profit / Sales * 100,profitandloss,EXCELLENT,1.0,2026-07-19 11:42:19
POWERGRID,Mar 2015,ROE,13.13,VALID,PAT / (Equity + Reserves) * 100,profitandloss + balancesheet,AVERAGE,1.0,2026-07-19 11:42:19
POWERGRID,Mar 2015,ROCE,11.08,VALID,EBIT / Capital Employed * 100,profitandloss + balancesheet,AVERAGE,1.0,2026-07-19 11:42:19
POWERGRID,Mar 2015,ROA,3.14,VALID,PAT / Total Assets * 100,profitandloss + balancesheet,WEAK,1.0,2026-07-19 11:42:19
POWERGRID,Mar 2016,NPM,28.85,VALID,Net Profit / Sales * 100,profitandloss,EXCELLENT,1.0,2026-07-19 11:42:19
POWERGRID,Mar 2016,OPM,88.05,VALID,Operating Profit / Sales * 100,profitandloss,EXCELLENT,1.0,2026-07-19 11:42:19
POWERGRID,Mar 2016,ROE,13.55,VALID,PAT / (Equity + Reserves) * 100,profitandloss + balancesheet,AVERAGE,1.0,2026-07-19 11:42:19
POWERGRID,Mar 2016,ROCE,11.92,VALID,EBIT / Capital Employed * 100,profitandloss + balancesheet,AVERAGE,1.0,2026-07-19 11:42:19
POWERGRID,Mar 2016,ROA,3.32,VALID,PAT / Total Assets * 100,profitandloss + balancesheet,WEAK,1.0,2026-07-19 11:42:19
POWERGRID,Mar 2017,NPM,29.0,VALID,Net Profit / Sales * 100,profitandloss,EXCELLENT,1.0,2026-07-19 11:42:19
POWERGRID,Mar 2017,OPM,87.36,VALID,Operating Profit / Sales * 100,profitandloss,EXCELLENT,1.0,2026-07-19 11:42:19
POWERGRID,Mar 2017,ROE,14.94,VALID,PAT / (Equity + Reserves) * 100,profitandloss + balancesheet,AVERAGE,1.0,2026-07-19 11:42:19
POWERGRID,Mar 2017,ROCE,13.3,VALID,EBIT / Capital Employed * 100,profitandloss + balancesheet,AVERAGE,1.0,2026-07-19 11:42:19
POWERGRID,Mar 2017,ROA,3.81,VALID,PAT / Total Assets * 100,profitandloss + balancesheet,WEAK,1.0,2026-07-19 11:42:19
POWERGRID,Mar 2018,NPM,27.39,VALID,Net Profit / Sales * 100,profitandloss,EXCELLENT,1.0,2026-07-19 11:42:19
POWERGRID,Mar 2018,OPM,86.67,VALID,Operating Profit / Sales * 100,profitandloss,EXCELLENT,1.0,2026-07-19 11:42:19
POWERGRID,Mar 2018,ROE,15.07,VALID,PAT / (Equity + Reserves) * 100,profitandloss + balancesheet,GOOD,1.0,2026-07-19 11:42:19
POWERGRID,Mar 2018,ROCE,13.96,VALID,EBIT / Capital Employed * 100,profitandloss + balancesheet,AVERAGE,1.0,2026-07-19 11:42:19
POWERGRID,Mar 2018,ROA,3.64,VALID,PAT / Total Assets * 100,profitandloss + balancesheet,WEAK,1.0,2026-07-19 11:42:19
POWERGRID,Mar 2019,NPM,28.62,VALID,Net Profit / Sales * 100,profitandloss,EXCELLENT,1.0,2026-07-19 11:42:19
POWERGRID,Mar 2019,OPM,76.78,VALID,Operating Profit / Sales * 100,profitandloss,EXCELLENT,1.0,2026-07-19 11:42:19
POWERGRID,Mar 2019,ROE,16.98,VALID,PAT / (Equity + Reserves) * 100,profitandloss + balancesheet,GOOD,1.0,2026-07-19 11:42:19
POWERGRID,Mar 2019,ROCE,13.1,VALID,EBIT / Capital Employed * 100,profitandloss + balancesheet,AVERAGE,1.0,2026-07-19 11:42:19
POWERGRID,Mar 2019,ROA,4.06,VALID,PAT / Total Assets * 100,profitandloss + balancesheet,WEAK,1.0,2026-07-19 11:42:19
POWERGRID,Mar 2020,NPM,29.3,VALID,Net Profit / Sales * 100,profitandloss,EXCELLENT,1.0,2026-07-19 11:42:19
POWERGRID,Mar 2020,OPM,87.13,VALID,Operating Profit / Sales * 100,profitandloss,EXCELLENT,1.0,2026-07-19 11:42:19
POWERGRID,Mar 2020,ROE,17.09,VALID,PAT / (Equity + Reserves) * 100,profitandloss + balancesheet,GOOD,1.0,2026-07-19 11:42:19
POWERGRID,Mar 2020,ROCE,15.44,VALID,EBIT / Capital Employed * 100,profitandloss + balancesheet,GOOD,1.0,2026-07-19 11:42:19
POWERGRID,Mar 2020,ROA,4.31,VALID,PAT / Total Assets * 100,profitandloss + balancesheet,WEAK,1.0,2026-07-19 11:42:19
POWERGRID,Mar 2021,NPM,30.36,VALID,Net Profit / Sales * 100,profitandloss,EXCELLENT,1.0,2026-07-19 11:42:19
POWERGRID,Mar 2021,OPM,88.06,VALID,Operating Profit / Sales * 100,profitandloss,EXCELLENT,1.0,2026-07-19 11:42:19
POWERGRID,Mar 2021,ROE,17.21,VALID,PAT / (Equity + Reserves) * 100,profitandloss + balancesheet,GOOD,1.0,2026-07-19 11:42:19
POWERGRID,Mar 2021,ROCE,16.37,VALID,EBIT / Capital Employed * 100,profitandloss + balancesheet,GOOD,1.0,2026-07-19 11:42:19
POWERGRID,Mar 2021,ROA,4.71,VALID,PAT / Total Assets * 100,profitandloss + balancesheet,WEAK,1.0,2026-07-19 11:42:19
POWERGRID,Mar 2022,NPM,40.42,VALID,Net Profit / Sales * 100,profitandloss,EXCELLENT,1.0,2026-07-19 11:42:19
POWERGRID,Mar 2022,OPM,86.07,VALID,Operating Profit / Sales * 100,profitandloss,EXCELLENT,1.0,2026-07-19 11:42:19
POWERGRID,Mar 2022,ROE,22.07,VALID,PAT / (Equity + Reserves) * 100,profitandloss + balancesheet,EXCELLENT,1.0,2026-07-19 11:42:19
POWERGRID,Mar 2022,ROCE,16.98,VALID,EBIT / Capital Employed * 100,profitandloss + balancesheet,GOOD,1.0,2026-07-19 11:42:19
POWERGRID,Mar 2022,ROA,6.7,VALID,PAT / Total Assets * 100,profitandloss + balancesheet,AVERAGE,1.0,2026-07-19 11:42:19
POWERGRID,Mar 2023,NPM,33.81,VALID,Net Profit / Sales * 100,profitandloss,EXCELLENT,1.0,2026-07-19 11:42:19
POWERGRID,Mar 2023,OPM,86.78,VALID,Operating Profit / Sales * 100,profitandloss,EXCELLENT,1.0,2026-07-19 11:42:19
POWERGRID,Mar 2023,ROE,18.57,VALID,PAT / (Equity + Reserves) * 100,profitandloss + balancesheet,GOOD,1.0,2026-07-19 11:42:19
POWERGRID,Mar 2023,ROCE,18.7,VALID,EBIT / Capital Employed * 100,profitandloss + balancesheet,GOOD,1.0,2026-07-19 11:42:19
POWERGRID,Mar 2023,ROA,6.11,VALID,PAT / Total Assets * 100,profitandloss + balancesheet,AVERAGE,1.0,2026-07-19 11:42:19
POWERGRID,Mar 2024,NPM,33.97,VALID,Net Profit / Sales * 100,profitandloss,EXCELLENT,1.0,2026-07-19 11:42:19
POWERGRID,Mar 2024,OPM,86.87,VALID,Operating Profit / Sales * 100,profitandloss,EXCELLENT,1.0,2026-07-19 11:42:19
POWERGRID,Mar 2024,ROE,17.87,VALID,PAT / (Equity + Reserves) * 100,profitandloss + balancesheet,GOOD,1.0,2026-07-19 11:42:19
POWERGRID,Mar 2024,ROCE,18.91,VALID,EBIT / Capital Employed * 100,profitandloss + balancesheet,GOOD,1.0,2026-07-19 11:42:19
POWERGRID,Mar 2024,ROA,6.21,VALID,PAT / Total Assets * 100,profitandloss + balancesheet,AVERAGE,1.0,2026-07-19 11:42:19
RECLTD,Mar 2013,NPM,28.11,VALID,Net Profit / Sales * 100,profitandloss,EXCELLENT,1.0,2026-07-19 11:42:19
RECLTD,Mar 2013,OPM,97.33,VALID,Operating Profit / Sales * 100,profitandloss,EXCELLENT,1.0,2026-07-19 11:42:19
RECLTD,Mar 2013,ROE,21.87,VALID,PAT / (Equity + Reserves) * 100,profitandloss + balancesheet,EXCELLENT,1.0,2026-07-19 11:42:19
RECLTD,Mar 2013,ROCE,10.59,VALID,EBIT / Capital Employed * 100,profitandloss + balancesheet,AVERAGE,1.0,2026-07-19 11:42:19
RECLTD,Mar 2013,ROA,2.94,VALID,PAT / Total Assets * 100,profitandloss + balancesheet,WEAK,1.0,2026-07-19 11:42:19
RECLTD,Mar 2014,NPM,27.53,VALID,Net Profit / Sales * 100,profitandloss,EXCELLENT,1.0,2026-07-19 11:42:19
RECLTD,Mar 2014,OPM,96.67,VALID,Operating Profit / Sales * 100,profitandloss,EXCELLENT,1.0,2026-07-19 11:42:19
RECLTD,Mar 2014,ROE,22.79,VALID,PAT / (Equity + Reserves) * 100,profitandloss + balancesheet,EXCELLENT,1.0,2026-07-19 11:42:19
RECLTD,Mar 2014,ROCE,11.33,VALID,EBIT / Capital Employed * 100,profitandloss + balancesheet,AVERAGE,1.0,2026-07-19 11:42:19
RECLTD,Mar 2014,ROA,3.1,VALID,PAT / Total Assets * 100,profitandloss + balancesheet,WEAK,1.0,2026-07-19 11:42:19
RECLTD,Mar 2015,NPM,26.01,VALID,Net Profit / Sales * 100,profitandloss,EXCELLENT,1.0,2026-07-19 11:42:19
RECLTD,Mar 2015,OPM,94.41,VALID,Operating Profit / Sales * 100,profitandloss,EXCELLENT,1.0,2026-07-19 11:42:19
RECLTD,Mar 2015,ROE,21.31,VALID,PAT / (Equity + Reserves) * 100,profitandloss + balancesheet,EXCELLENT,1.0,2026-07-19 11:42:19
RECLTD,Mar 2015,ROCE,11.02,VALID,EBIT / Capital Employed * 100,profitandloss + balancesheet,AVERAGE,1.0,2026-07-19 11:42:19
RECLTD,Mar 2015,ROA,2.91,VALID,PAT / Total Assets * 100,profitandloss + balancesheet,WEAK,1.0,2026-07-19 11:42:19
RECLTD,Mar 2016,NPM,23.59,VALID,Net Profit / Sales * 100,profitandloss,EXCELLENT,1.0,2026-07-19 11:42:19
RECLTD,Mar 2016,OPM,93.04,VALID,Operating Profit / Sales * 100,profitandloss,EXCELLENT,1.0,2026-07-19 11:42:19
RECLTD,Mar 2016,ROE,19.7,VALID,PAT / (Equity + Reserves) * 100,profitandloss + balancesheet,GOOD,1.0,2026-07-19 11:42:19
RECLTD,Mar 2016,ROCE,11.33,VALID,EBIT / Capital Employed * 100,profitandloss + balancesheet,AVERAGE,1.0,2026-07-19 11:42:19
RECLTD,Mar 2016,ROA,2.75,VALID,PAT / Total Assets * 100,profitandloss + balancesheet,WEAK,1.0,2026-07-19 11:42:19
RECLTD,Mar 2017,NPM,25.94,VALID,Net Profit / Sales * 100,profitandloss,EXCELLENT,1.0,2026-07-19 11:42:19
RECLTD,Mar 2017,OPM,92.24,VALID,Operating Profit / Sales * 100,profitandloss,EXCELLENT,1.0,2026-07-19 11:42:19
RECLTD,Mar 2017,ROE,18.75,VALID,PAT / (Equity + Reserves) * 100,profitandloss + balancesheet,GOOD,1.0,2026-07-19 11:42:19
RECLTD,Mar 2017,ROCE,11.14,VALID,EBIT / Capital Employed * 100,profitandloss + balancesheet,AVERAGE,1.0,2026-07-19 11:42:19
RECLTD,Mar 2017,ROA,3.0,VALID,PAT / Total Assets * 100,profitandloss + balancesheet,WEAK,1.0,2026-07-19 11:42:19
RECLTD,Mar 2018,NPM,19.64,VALID,Net Profit / Sales * 100,profitandloss,EXCELLENT,1.0,2026-07-19 11:42:19
RECLTD,Mar 2018,OPM,85.09,VALID,Operating Profit / Sales * 100,profitandloss,EXCELLENT,1.0,2026-07-19 11:42:19
RECLTD,Mar 2018,ROE,13.66,VALID,PAT / (Equity + Reserves) * 100,profitandloss + balancesheet,AVERAGE,1.0,2026-07-19 11:42:19
RECLTD,Mar 2018,ROCE,8.14,VALID,EBIT / Capital Employed * 100,profitandloss + balancesheet,WEAK,1.0,2026-07-19 11:42:19
RECLTD,Mar 2018,ROA,1.84,VALID,PAT / Total Assets * 100,profitandloss + balancesheet,WEAK,1.0,2026-07-19 11:42:19
RECLTD,Mar 2019,NPM,22.6,VALID,Net Profit / Sales * 100,profitandloss,EXCELLENT,1.0,2026-07-19 11:42:19
RECLTD,Mar 2019,OPM,93.3,VALID,Operating Profit / Sales * 100,profitandloss,EXCELLENT,1.0,2026-07-19 11:42:19
RECLTD,Mar 2019,ROE,16.62,VALID,PAT / (Equity + Reserves) * 100,profitandloss + balancesheet,GOOD,1.0,2026-07-19 11:42:19
RECLTD,Mar 2019,ROCE,8.5,VALID,EBIT / Capital Employed * 100,profitandloss + balancesheet,WEAK,1.0,2026-07-19 11:42:19
RECLTD,Mar 2019,ROA,1.92,VALID,PAT / Total Assets * 100,profitandloss + balancesheet,WEAK,1.0,2026-07-19 11:42:19
RECLTD,Mar 2020,NPM,16.61,VALID,Net Profit / Sales * 100,profitandloss,EXCELLENT,1.0,2026-07-19 11:42:19
RECLTD,Mar 2020,OPM,86.7,VALID,Operating Profit / Sales * 100,profitandloss,EXCELLENT,1.0,2026-07-19 11:42:19
RECLTD,Mar 2020,ROE,14.05,VALID,PAT / (Equity + Reserves) * 100,profitandloss + balancesheet,AVERAGE,1.0,2026-07-19 11:42:19
RECLTD,Mar 2020,ROCE,8.07,VALID,EBIT / Capital Employed * 100,profitandloss + balancesheet,WEAK,1.0,2026-07-19 11:42:19
RECLTD,Mar 2020,ROA,1.43,VALID,PAT / Total Assets * 100,profitandloss + balancesheet,WEAK,1.0,2026-07-19 11:42:19
RECLTD,Mar 2021,NPM,23.56,VALID,Net Profit / Sales * 100,profitandloss,EXCELLENT,1.0,2026-07-19 11:42:19
RECLTD,Mar 2021,OPM,90.74,VALID,Operating Profit / Sales * 100,profitandloss,EXCELLENT,1.0,2026-07-19 11:42:19
RECLTD,Mar 2021,ROE,19.14,VALID,PAT / (Equity + Reserves) * 100,profitandloss + balancesheet,GOOD,1.0,2026-07-19 11:42:19
RECLTD,Mar 2021,ROCE,8.64,VALID,EBIT / Capital Employed * 100,profitandloss + balancesheet,WEAK,1.0,2026-07-19 11:42:19
RECLTD,Mar 2021,ROA,2.09,VALID,PAT / Total Assets * 100,profitandloss + balancesheet,WEAK,1.0,2026-07-19 11:42:19
RECLTD,Mar 2022,NPM,25.55,VALID,Net Profit / Sales * 100,profitandloss,EXCELLENT,1.0,2026-07-19 11:42:19
RECLTD,Mar 2022,OPM,87.68,VALID,Operating Profit / Sales * 100,profitandloss,EXCELLENT,1.0,2026-07-19 11:42:19
RECLTD,Mar 2022,ROE,19.56,VALID,PAT / (Equity + Reserves) * 100,profitandloss + balancesheet,GOOD,1.0,2026-07-19 11:42:19
RECLTD,Mar 2022,ROCE,8.96,VALID,EBIT / Capital Employed * 100,profitandloss + balancesheet,WEAK,1.0,2026-07-19 11:42:19
RECLTD,Mar 2022,ROA,2.44,VALID,PAT / Total Assets * 100,profitandloss + balancesheet,WEAK,1.0,2026-07-19 11:42:19
RECLTD,Mar 2023,NPM,28.28,VALID,Net Profit / Sales * 100,profitandloss,EXCELLENT,1.0,2026-07-19 11:42:19
RECLTD,Mar 2023,OPM,95.29,VALID,Operating Profit / Sales * 100,profitandloss,EXCELLENT,1.0,2026-07-19 11:42:19
RECLTD,Mar 2023,ROE,19.21,VALID,PAT / (Equity + Reserves) * 100,profitandloss + balancesheet,GOOD,1.0,2026-07-19 11:42:19
RECLTD,Mar 2023,ROCE,8.57,VALID,EBIT / Capital Employed * 100,profitandloss + balancesheet,WEAK,1.0,2026-07-19 11:42:19
RECLTD,Mar 2023,ROA,2.4,VALID,PAT / Total Assets * 100,profitandloss + balancesheet,WEAK,1.0,2026-07-19 11:42:19
RECLTD,Mar 2024,NPM,29.77,VALID,Net Profit / Sales * 100,profitandloss,EXCELLENT,1.0,2026-07-19 11:42:19
RECLTD,Mar 2024,OPM,100.77,VALID,Operating Profit / Sales * 100,profitandloss,EXCELLENT,1.0,2026-07-19 11:42:19
RECLTD,Mar 2024,ROE,20.4,VALID,PAT / (Equity + Reserves) * 100,profitandloss + balancesheet,EXCELLENT,1.0,2026-07-19 11:42:19
RECLTD,Mar 2024,ROCE,9.3,VALID,EBIT / Capital Employed * 100,profitandloss + balancesheet,WEAK,1.0,2026-07-19 11:42:19
RECLTD,Mar 2024,ROA,2.58,VALID,PAT / Total Assets * 100,profitandloss + balancesheet,WEAK,1.0,2026-07-19 11:42:19
RELIANCE,Mar 2013,NPM,5.27,VALID,Net Profit / Sales * 100,profitandloss,AVERAGE,1.0,2026-07-19 11:42:19
RELIANCE,Mar 2013,OPM,8.37,VALID,Operating Profit / Sales * 100,profitandloss,WEAK,1.0,2026-07-19 11:42:19
RELIANCE,Mar 2013,ROE,11.47,VALID,PAT / (Equity + Reserves) * 100,profitandloss + balancesheet,AVERAGE,1.0,2026-07-19 11:42:19
RELIANCE,Mar 2013,ROCE,11.46,VALID,EBIT / Capital Employed * 100,profitandloss + balancesheet,AVERAGE,1.0,2026-07-19 11:42:19
RELIANCE,Mar 2013,ROA,5.76,VALID,PAT / Total Assets * 100,profitandloss + balancesheet,AVERAGE,1.0,2026-07-19 11:42:19
RELIANCE,Mar 2014,NPM,5.2,VALID,Net Profit / Sales * 100,profitandloss,AVERAGE,1.0,2026-07-19 11:42:19
RELIANCE,Mar 2014,OPM,8.06,VALID,Operating Profit / Sales * 100,profitandloss,WEAK,1.0,2026-07-19 11:42:19
RELIANCE,Mar 2014,ROE,11.35,VALID,PAT / (Equity + Reserves) * 100,profitandloss + balancesheet,AVERAGE,1.0,2026-07-19 11:42:19
RELIANCE,Mar 2014,ROCE,10.35,VALID,EBIT / Capital Employed * 100,profitandloss + balancesheet,AVERAGE,1.0,2026-07-19 11:42:19
RELIANCE,Mar 2014,ROA,5.26,VALID,PAT / Total Assets * 100,profitandloss + balancesheet,AVERAGE,1.0,2026-07-19 11:42:19
RELIANCE,Mar 2015,NPM,6.31,VALID,Net Profit / Sales * 100,profitandloss,AVERAGE,1.0,2026-07-19 11:42:19
RELIANCE,Mar 2015,OPM,10.0,VALID,Operating Profit / Sales * 100,profitandloss,AVERAGE,1.0,2026-07-19 11:42:19
RELIANCE,Mar 2015,ROE,10.82,VALID,PAT / (Equity + Reserves) * 100,profitandloss + balancesheet,AVERAGE,1.0,2026-07-19 11:42:19
RELIANCE,Mar 2015,ROCE,9.68,VALID,EBIT / Capital Employed * 100,profitandloss + balancesheet,WEAK,1.0,2026-07-19 11:42:19
RELIANCE,Mar 2015,ROA,4.69,VALID,PAT / Total Assets * 100,profitandloss + balancesheet,WEAK,1.0,2026-07-19 11:42:19
RELIANCE,Mar 2016,NPM,10.95,VALID,Net Profit / Sales * 100,profitandloss,GOOD,1.0,2026-07-19 11:42:19
RELIANCE,Mar 2016,OPM,15.33,VALID,Operating Profit / Sales * 100,profitandloss,GOOD,1.0,2026-07-19 11:42:19
RELIANCE,Mar 2016,ROE,12.9,VALID,PAT / (Equity + Reserves) * 100,profitandloss + balancesheet,AVERAGE,1.0,2026-07-19 11:42:19
RELIANCE,Mar 2016,ROCE,9.8,VALID,EBIT / Capital Employed * 100,profitandloss + balancesheet,WEAK,1.0,2026-07-19 11:42:19
RELIANCE,Mar 2016,ROA,4.99,VALID,PAT / Total Assets * 100,profitandloss + balancesheet,WEAK,1.0,2026-07-19 11:42:19
RELIANCE,Mar 2017,NPM,9.81,VALID,Net Profit / Sales * 100,profitandloss,AVERAGE,1.0,2026-07-19 11:42:19
RELIANCE,Mar 2017,OPM,15.23,VALID,Operating Profit / Sales * 100,profitandloss,GOOD,1.0,2026-07-19 11:42:19
RELIANCE,Mar 2017,ROE,11.31,VALID,PAT / (Equity + Reserves) * 100,profitandloss + balancesheet,AVERAGE,1.0,2026-07-19 11:42:19
RELIANCE,Mar 2017,ROCE,9.62,VALID,EBIT / Capital Employed * 100,profitandloss + balancesheet,WEAK,1.0,2026-07-19 11:42:19
RELIANCE,Mar 2017,ROA,4.22,VALID,PAT / Total Assets * 100,profitandloss + balancesheet,WEAK,1.0,2026-07-19 11:42:19
RELIANCE,Mar 2018,NPM,9.23,VALID,Net Profit / Sales * 100,profitandloss,AVERAGE,1.0,2026-07-19 11:42:19
RELIANCE,Mar 2018,OPM,16.46,VALID,Operating Profit / Sales * 100,profitandloss,GOOD,1.0,2026-07-19 11:42:19
RELIANCE,Mar 2018,ROE,12.29,VALID,PAT / (Equity + Reserves) * 100,profitandloss + balancesheet,AVERAGE,1.0,2026-07-19 11:42:19
RELIANCE,Mar 2018,ROCE,12.06,VALID,EBIT / Capital Employed * 100,profitandloss + balancesheet,AVERAGE,1.0,2026-07-19 11:42:19
RELIANCE,Mar 2018,ROA,4.45,VALID,PAT / Total Assets * 100,profitandloss + balancesheet,WEAK,1.0,2026-07-19 11:42:19
RELIANCE,Mar 2019,NPM,7.01,VALID,Net Profit / Sales * 100,profitandloss,AVERAGE,1.0,2026-07-19 11:42:19
RELIANCE,Mar 2019,OPM,14.82,VALID,Operating Profit / Sales * 100,profitandloss,AVERAGE,1.0,2026-07-19 11:42:19
RELIANCE,Mar 2019,ROE,10.29,VALID,PAT / (Equity + Reserves) * 100,profitandloss + balancesheet,AVERAGE,1.0,2026-07-19 11:42:19
RELIANCE,Mar 2019,ROCE,12.13,VALID,EBIT / Capital Employed * 100,profitandloss + balancesheet,AVERAGE,1.0,2026-07-19 11:42:19
RELIANCE,Mar 2019,ROA,3.99,VALID,PAT / Total Assets * 100,profitandloss + balancesheet,WEAK,1.0,2026-07-19 11:42:19
RELIANCE,Mar 2020,NPM,6.68,VALID,Net Profit / Sales * 100,profitandloss,AVERAGE,1.0,2026-07-19 11:42:19
RELIANCE,Mar 2020,OPM,14.96,VALID,Operating Profit / Sales * 100,profitandloss,AVERAGE,1.0,2026-07-19 11:42:19
RELIANCE,Mar 2020,ROE,8.88,VALID,PAT / (Equity + Reserves) * 100,profitandloss + balancesheet,WEAK,1.0,2026-07-19 11:42:19
RELIANCE,Mar 2020,ROCE,11.1,VALID,EBIT / Capital Employed * 100,profitandloss + balancesheet,AVERAGE,1.0,2026-07-19 11:42:19
RELIANCE,Mar 2020,ROA,3.43,VALID,PAT / Total Assets * 100,profitandloss + balancesheet,WEAK,1.0,2026-07-19 11:42:19
RELIANCE,Mar 2021,NPM,11.52,VALID,Net Profit / Sales * 100,profitandloss,GOOD,1.0,2026-07-19 11:42:19
RELIANCE,Mar 2021,OPM,17.33,VALID,Operating Profit / Sales * 100,profitandloss,GOOD,1.0,2026-07-19 11:42:19
RELIANCE,Mar 2021,ROE,7.68,VALID,PAT / (Equity + Reserves) * 100,profitandloss + balancesheet,WEAK,1.0,2026-07-19 11:42:19
RELIANCE,Mar 2021,ROCE,8.25,VALID,EBIT / Capital Employed * 100,profitandloss + balancesheet,WEAK,1.0,2026-07-19 11:42:19
RELIANCE,Mar 2021,ROA,4.07,VALID,PAT / Total Assets * 100,profitandloss + balancesheet,WEAK,1.0,2026-07-19 11:42:19
RELIANCE,Mar 2022,NPM,9.77,VALID,Net Profit / Sales * 100,profitandloss,AVERAGE,1.0,2026-07-19 11:42:19
RELIANCE,Mar 2022,OPM,15.63,VALID,Operating Profit / Sales * 100,profitandloss,GOOD,1.0,2026-07-19 11:42:19
RELIANCE,Mar 2022,ROE,8.7,VALID,PAT / (Equity + Reserves) * 100,profitandloss + balancesheet,WEAK,1.0,2026-07-19 11:42:19
RELIANCE,Mar 2022,ROCE,9.88,VALID,EBIT / Capital Employed * 100,profitandloss + balancesheet,WEAK,1.0,2026-07-19 11:42:19
RELIANCE,Mar 2022,ROA,4.53,VALID,PAT / Total Assets * 100,profitandloss + balancesheet,WEAK,1.0,2026-07-19 11:42:19
RELIANCE,Mar 2023,NPM,8.45,VALID,Net Profit / Sales * 100,profitandloss,AVERAGE,1.0,2026-07-19 11:42:19
RELIANCE,Mar 2023,OPM,16.24,VALID,Operating Profit / Sales * 100,profitandloss,GOOD,1.0,2026-07-19 11:42:19
RELIANCE,Mar 2023,ROE,10.35,VALID,PAT / (Equity + Reserves) * 100,profitandloss + balancesheet,AVERAGE,1.0,2026-07-19 11:42:19
RELIANCE,Mar 2023,ROCE,12.19,VALID,EBIT / Capital Employed * 100,profitandloss + balancesheet,AVERAGE,1.0,2026-07-19 11:42:19
RELIANCE,Mar 2023,ROA,4.61,VALID,PAT / Total Assets * 100,profitandloss + balancesheet,WEAK,1.0,2026-07-19 11:42:19
RELIANCE,Mar 2024,NPM,8.79,VALID,Net Profit / Sales * 100,profitandloss,AVERAGE,1.0,2026-07-19 11:42:19
RELIANCE,Mar 2024,OPM,18.07,VALID,Operating Profit / Sales * 100,profitandloss,GOOD,1.0,2026-07-19 11:42:19
RELIANCE,Mar 2024,ROE,9.96,VALID,PAT / (Equity + Reserves) * 100,profitandloss + balancesheet,WEAK,1.0,2026-07-19 11:42:19
RELIANCE,Mar 2024,ROCE,12.97,VALID,EBIT / Capital Employed * 100,profitandloss + balancesheet,AVERAGE,1.0,2026-07-19 11:42:19
RELIANCE,Mar 2024,ROA,4.5,VALID,PAT / Total Assets * 100,profitandloss + balancesheet,WEAK,1.0,2026-07-19 11:42:19
SBILIFE,Mar 2013,NPM,4.24,VALID,Net Profit / Sales * 100,profitandloss,WEAK,1.0,2026-07-19 11:42:19
SBILIFE,Mar 2013,OPM,2.87,VALID,Operating Profit / Sales * 100,profitandloss,WEAK,1.0,2026-07-19 11:42:19
SBILIFE,Mar 2013,ROE,23.03,VALID,PAT / (Equity + Reserves) * 100,profitandloss + balancesheet,EXCELLENT,1.0,2026-07-19 11:42:19
SBILIFE,Mar 2013,ROCE,15.61,VALID,EBIT / Capital Employed * 100,profitandloss + balancesheet,GOOD,1.0,2026-07-19 11:42:19
SBILIFE,Mar 2013,ROA,1.17,VALID,PAT / Total Assets * 100,profitandloss + balancesheet,WEAK,1.0,2026-07-19 11:42:19
SBILIFE,Mar 2014,NPM,4.22,VALID,Net Profit / Sales * 100,profitandloss,WEAK,1.0,2026-07-19 11:42:19
SBILIFE,Mar 2014,OPM,2.96,VALID,Operating Profit / Sales * 100,profitandloss,WEAK,1.0,2026-07-19 11:42:19
SBILIFE,Mar 2014,ROE,21.69,VALID,PAT / (Equity + Reserves) * 100,profitandloss + balancesheet,EXCELLENT,1.0,2026-07-19 11:42:19
SBILIFE,Mar 2014,ROCE,15.23,VALID,EBIT / Capital Employed * 100,profitandloss + balancesheet,GOOD,1.0,2026-07-19 11:42:19
SBILIFE,Mar 2014,ROA,1.2,VALID,PAT / Total Assets * 100,profitandloss + balancesheet,WEAK,1.0,2026-07-19 11:42:19
SBILIFE,Mar 2015,NPM,3.48,VALID,Net Profit / Sales * 100,profitandloss,WEAK,1.0,2026-07-19 11:42:19
SBILIFE,Mar 2015,OPM,3.39,VALID,Operating Profit / Sales * 100,profitandloss,WEAK,1.0,2026-07-19 11:42:19
SBILIFE,Mar 2015,ROE,20.09,VALID,PAT / (Equity + Reserves) * 100,profitandloss + balancesheet,EXCELLENT,1.0,2026-07-19 11:42:19
SBILIFE,Mar 2015,ROCE,19.58,VALID,EBIT / Capital Employed * 100,profitandloss + balancesheet,GOOD,1.0,2026-07-19 11:42:19
SBILIFE,Mar 2015,ROA,1.1,VALID,PAT / Total Assets * 100,profitandloss + balancesheet,WEAK,1.0,2026-07-19 11:42:19
SBILIFE,Mar 2016,NPM,4.37,VALID,Net Profit / Sales * 100,profitandloss,WEAK,1.0,2026-07-19 11:42:19
SBILIFE,Mar 2016,OPM,4.76,VALID,Operating Profit / Sales * 100,profitandloss,WEAK,1.0,2026-07-19 11:42:19
SBILIFE,Mar 2016,ROE,17.83,VALID,PAT / (Equity + Reserves) * 100,profitandloss + balancesheet,GOOD,1.0,2026-07-19 11:42:19
SBILIFE,Mar 2016,ROCE,19.44,VALID,EBIT / Capital Employed * 100,profitandloss + balancesheet,GOOD,1.0,2026-07-19 11:42:19
SBILIFE,Mar 2016,ROA,1.01,VALID,PAT / Total Assets * 100,profitandloss + balancesheet,WEAK,1.0,2026-07-19 11:42:19
SBILIFE,Mar 2017,NPM,3.13,VALID,Net Profit / Sales * 100,profitandloss,WEAK,1.0,2026-07-19 11:42:19
SBILIFE,Mar 2017,OPM,3.5,VALID,Operating Profit / Sales * 100,profitandloss,WEAK,1.0,2026-07-19 11:42:19
SBILIFE,Mar 2017,ROE,17.2,VALID,PAT / (Equity + Reserves) * 100,profitandloss + balancesheet,GOOD,1.0,2026-07-19 11:42:19
SBILIFE,Mar 2017,ROCE,19.24,VALID,EBIT / Capital Employed * 100,profitandloss + balancesheet,GOOD,1.0,2026-07-19 11:42:19
SBILIFE,Mar 2017,ROA,0.93,VALID,PAT / Total Assets * 100,profitandloss + balancesheet,WEAK,1.0,2026-07-19 11:42:19
SBILIFE,Mar 2018,NPM,3.38,VALID,Net Profit / Sales * 100,profitandloss,WEAK,1.0,2026-07-19 11:42:19
SBILIFE,Mar 2018,OPM,3.91,VALID,Operating Profit / Sales * 100,profitandloss,WEAK,1.0,2026-07-19 11:42:19
SBILIFE,Mar 2018,ROE,17.62,VALID,PAT / (Equity + Reserves) * 100,profitandloss + balancesheet,GOOD,1.0,2026-07-19 11:42:19
SBILIFE,Mar 2018,ROCE,20.4,VALID,EBIT / Capital Employed * 100,profitandloss + balancesheet,EXCELLENT,1.0,2026-07-19 11:42:19
SBILIFE,Mar 2018,ROA,0.94,VALID,PAT / Total Assets * 100,profitandloss + balancesheet,WEAK,1.0,2026-07-19 11:42:19
SBILIFE,Mar 2019,NPM,2.98,VALID,Net Profit / Sales * 100,profitandloss,WEAK,1.0,2026-07-19 11:42:19
SBILIFE,Mar 2019,OPM,3.3,VALID,Operating Profit / Sales * 100,profitandloss,WEAK,1.0,2026-07-19 11:42:19
SBILIFE,Mar 2019,ROE,17.52,VALID,PAT / (Equity + Reserves) * 100,profitandloss + balancesheet,GOOD,1.0,2026-07-19 11:42:19
SBILIFE,Mar 2019,ROCE,19.46,VALID,EBIT / Capital Employed * 100,profitandloss + balancesheet,GOOD,1.0,2026-07-19 11:42:19
SBILIFE,Mar 2019,ROA,0.9,VALID,PAT / Total Assets * 100,profitandloss + balancesheet,WEAK,1.0,2026-07-19 11:42:19
SBILIFE,Mar 2020,NPM,3.25,VALID,Net Profit / Sales * 100,profitandloss,WEAK,1.0,2026-07-19 11:42:19
SBILIFE,Mar 2020,OPM,3.08,VALID,Operating Profit / Sales * 100,profitandloss,WEAK,1.0,2026-07-19 11:42:19
SBILIFE,Mar 2020,ROE,16.26,VALID,PAT / (Equity + Reserves) * 100,profitandloss + balancesheet,GOOD,1.0,2026-07-19 11:42:19
SBILIFE,Mar 2020,ROCE,15.45,VALID,EBIT / Capital Employed * 100,profitandloss + balancesheet,GOOD,1.0,2026-07-19 11:42:19
SBILIFE,Mar 2020,ROA,0.86,VALID,PAT / Total Assets * 100,profitandloss + balancesheet,WEAK,1.0,2026-07-19 11:42:19
SBILIFE,Mar 2021,NPM,1.78,VALID,Net Profit / Sales * 100,profitandloss,WEAK,1.0,2026-07-19 11:42:19
SBILIFE,Mar 2021,OPM,1.06,VALID,Operating Profit / Sales * 100,profitandloss,WEAK,1.0,2026-07-19 11:42:19
SBILIFE,Mar 2021,ROE,14.0,VALID,PAT / (Equity + Reserves) * 100,profitandloss + balancesheet,AVERAGE,1.0,2026-07-19 11:42:19
SBILIFE,Mar 2021,ROCE,8.38,VALID,EBIT / Capital Employed * 100,profitandloss + balancesheet,WEAK,1.0,2026-07-19 11:42:19
SBILIFE,Mar 2021,ROA,0.64,VALID,PAT / Total Assets * 100,profitandloss + balancesheet,WEAK,1.0,2026-07-19 11:42:19
SBILIFE,Mar 2022,NPM,1.81,VALID,Net Profit / Sales * 100,profitandloss,WEAK,1.0,2026-07-19 11:42:19
SBILIFE,Mar 2022,OPM,0.88,VALID,Operating Profit / Sales * 100,profitandloss,WEAK,1.0,2026-07-19 11:42:19
SBILIFE,Mar 2022,ROE,12.96,VALID,PAT / (Equity + Reserves) * 100,profitandloss + balancesheet,AVERAGE,1.0,2026-07-19 11:42:19
SBILIFE,Mar 2022,ROCE,6.28,VALID,EBIT / Capital Employed * 100,profitandloss + balancesheet,WEAK,1.0,2026-07-19 11:42:19
SBILIFE,Mar 2022,ROA,0.55,VALID,PAT / Total Assets * 100,profitandloss + balancesheet,WEAK,1.0,2026-07-19 11:42:19
SBILIFE,Mar 2023,NPM,2.13,VALID,Net Profit / Sales * 100,profitandloss,WEAK,1.0,2026-07-19 11:42:19
SBILIFE,Mar 2023,OPM,0.15,VALID,Operating Profit / Sales * 100,profitandloss,WEAK,1.0,2026-07-19 11:42:19
SBILIFE,Mar 2023,ROE,13.22,VALID,PAT / (Equity + Reserves) * 100,profitandloss + balancesheet,AVERAGE,1.0,2026-07-19 11:42:19
SBILIFE,Mar 2023,ROCE,0.94,VALID,EBIT / Capital Employed * 100,profitandloss + balancesheet,WEAK,1.0,2026-07-19 11:42:19
SBILIFE,Mar 2023,ROA,0.55,VALID,PAT / Total Assets * 100,profitandloss + balancesheet,WEAK,1.0,2026-07-19 11:42:19
SBILIFE,Mar 2024,NPM,1.43,VALID,Net Profit / Sales * 100,profitandloss,WEAK,1.0,2026-07-19 11:42:19
SBILIFE,Mar 2024,OPM,0.19,VALID,Operating Profit / Sales * 100,profitandloss,WEAK,1.0,2026-07-19 11:42:19
SBILIFE,Mar 2024,ROE,12.7,VALID,PAT / (Equity + Reserves) * 100,profitandloss + balancesheet,AVERAGE,1.0,2026-07-19 11:42:19
SBILIFE,Mar 2024,ROCE,1.65,VALID,EBIT / Capital Employed * 100,profitandloss + balancesheet,WEAK,1.0,2026-07-19 11:42:19
SBILIFE,Mar 2024,ROA,0.48,VALID,PAT / Total Assets * 100,profitandloss + balancesheet,WEAK,1.0,2026-07-19 11:42:19
SHREECEM,Jun 2013,NPM,18.53,VALID,Net Profit / Sales * 100,profitandloss,EXCELLENT,1.0,2026-07-19 11:42:19
SHREECEM,Jun 2013,OPM,28.81,VALID,Operating Profit / Sales * 100,profitandloss,EXCELLENT,1.0,2026-07-19 11:42:19
SHREECEM,Jun 2013,ROE,26.12,VALID,PAT / (Equity + Reserves) * 100,profitandloss + balancesheet,EXCELLENT,1.0,2026-07-19 11:42:19
SHREECEM,Jun 2013,ROCE,30.42,VALID,EBIT / Capital Employed * 100,profitandloss + balancesheet,EXCELLENT,1.0,2026-07-19 11:42:19
SHREECEM,Jun 2013,ROA,16.3,VALID,PAT / Total Assets * 100,profitandloss + balancesheet,EXCELLENT,1.0,2026-07-19 11:42:19
SHREECEM,Jun 2014,NPM,13.77,VALID,Net Profit / Sales * 100,profitandloss,GOOD,1.0,2026-07-19 11:42:19
SHREECEM,Jun 2014,OPM,24.32,VALID,Operating Profit / Sales * 100,profitandloss,GOOD,1.0,2026-07-19 11:42:19
SHREECEM,Jun 2014,ROE,16.71,VALID,PAT / (Equity + Reserves) * 100,profitandloss + balancesheet,GOOD,1.0,2026-07-19 11:42:19
SHREECEM,Jun 2014,ROCE,23.52,VALID,EBIT / Capital Employed * 100,profitandloss + balancesheet,EXCELLENT,1.0,2026-07-19 11:42:19
SHREECEM,Jun 2014,ROA,10.74,VALID,PAT / Total Assets * 100,profitandloss + balancesheet,GOOD,1.0,2026-07-19 11:42:19
SHREECEM,Jun 2015,NPM,6.81,VALID,Net Profit / Sales * 100,profitandloss,AVERAGE,1.0,2026-07-19 11:42:19
SHREECEM,Jun 2015,OPM,21.47,VALID,Operating Profit / Sales * 100,profitandloss,GOOD,1.0,2026-07-19 11:42:19
SHREECEM,Jun 2015,ROE,8.07,VALID,PAT / (Equity + Reserves) * 100,profitandloss + balancesheet,WEAK,1.0,2026-07-19 11:42:19
SHREECEM,Jun 2015,ROCE,21.7,VALID,EBIT / Capital Employed * 100,profitandloss + balancesheet,EXCELLENT,1.0,2026-07-19 11:42:19
SHREECEM,Jun 2015,ROA,5.33,VALID,PAT / Total Assets * 100,profitandloss + balancesheet,AVERAGE,1.0,2026-07-19 11:42:19
SHREECEM,Mar 2017,NPM,15.58,VALID,Net Profit / Sales * 100,profitandloss,EXCELLENT,1.0,2026-07-19 11:42:19
SHREECEM,Mar 2017,OPM,29.24,VALID,Operating Profit / Sales * 100,profitandloss,EXCELLENT,1.0,2026-07-19 11:42:19
SHREECEM,Mar 2017,ROE,17.39,VALID,PAT / (Equity + Reserves) * 100,profitandloss + balancesheet,GOOD,1.0,2026-07-19 11:42:19
SHREECEM,Mar 2017,ROCE,27.95,VALID,EBIT / Capital Employed * 100,profitandloss + balancesheet,EXCELLENT,1.0,2026-07-19 11:42:19
SHREECEM,Mar 2017,ROA,11.99,VALID,PAT / Total Assets * 100,profitandloss + balancesheet,GOOD,1.0,2026-07-19 11:42:19
SHREECEM,Mar 2018,NPM,14.08,VALID,Net Profit / Sales * 100,profitandloss,GOOD,1.0,2026-07-19 11:42:19
SHREECEM,Mar 2018,OPM,25.15,VALID,Operating Profit / Sales * 100,profitandloss,EXCELLENT,1.0,2026-07-19 11:42:19
SHREECEM,Mar 2018,ROE,15.56,VALID,PAT / (Equity + Reserves) * 100,profitandloss + balancesheet,GOOD,1.0,2026-07-19 11:42:19
SHREECEM,Mar 2018,ROCE,20.11,VALID,EBIT / Capital Employed * 100,profitandloss + balancesheet,EXCELLENT,1.0,2026-07-19 11:42:19
SHREECEM,Mar 2018,ROA,9.14,VALID,PAT / Total Assets * 100,profitandloss + balancesheet,AVERAGE,1.0,2026-07-19 11:42:19
SHREECEM,Mar 2019,NPM,8.08,VALID,Net Profit / Sales * 100,profitandloss,AVERAGE,1.0,2026-07-19 11:42:19
SHREECEM,Mar 2019,OPM,22.28,VALID,Operating Profit / Sales * 100,profitandloss,GOOD,1.0,2026-07-19 11:42:19
SHREECEM,Mar 2019,ROE,10.5,VALID,PAT / (Equity + Reserves) * 100,profitandloss + balancesheet,AVERAGE,1.0,2026-07-19 11:42:19
SHREECEM,Mar 2019,ROCE,22.42,VALID,EBIT / Capital Employed * 100,profitandloss + balancesheet,EXCELLENT,1.0,2026-07-19 11:42:19
SHREECEM,Mar 2019,ROA,6.55,VALID,PAT / Total Assets * 100,profitandloss + balancesheet,AVERAGE,1.0,2026-07-19 11:42:19
SHREECEM,Mar 2020,NPM,12.0,VALID,Net Profit / Sales * 100,profitandloss,GOOD,1.0,2026-07-19 11:42:19
SHREECEM,Mar 2020,OPM,29.31,VALID,Operating Profit / Sales * 100,profitandloss,EXCELLENT,1.0,2026-07-19 11:42:19
SHREECEM,Mar 2020,ROE,11.72,VALID,PAT / (Equity + Reserves) * 100,profitandloss + balancesheet,AVERAGE,1.0,2026-07-19 11:42:19
SHREECEM,Mar 2020,ROCE,23.11,VALID,EBIT / Capital Employed * 100,profitandloss + balancesheet,EXCELLENT,1.0,2026-07-19 11:42:19
SHREECEM,Mar 2020,ROA,7.74,VALID,PAT / Total Assets * 100,profitandloss + balancesheet,AVERAGE,1.0,2026-07-19 11:42:19
SHREECEM,Mar 2021,NPM,17.23,VALID,Net Profit / Sales * 100,profitandloss,EXCELLENT,1.0,2026-07-19 11:42:19
SHREECEM,Mar 2021,OPM,30.17,VALID,Operating Profit / Sales * 100,profitandloss,EXCELLENT,1.0,2026-07-19 11:42:19
SHREECEM,Mar 2021,ROE,15.18,VALID,PAT / (Equity + Reserves) * 100,profitandloss + balancesheet,GOOD,1.0,2026-07-19 11:42:19
SHREECEM,Mar 2021,ROCE,23.21,VALID,EBIT / Capital Employed * 100,profitandloss + balancesheet,EXCELLENT,1.0,2026-07-19 11:42:19
SHREECEM,Mar 2021,ROA,10.86,VALID,PAT / Total Assets * 100,profitandloss + balancesheet,GOOD,1.0,2026-07-19 11:42:19
SHREECEM,Mar 2022,NPM,8.45,VALID,Net Profit / Sales * 100,profitandloss,AVERAGE,1.0,2026-07-19 11:42:19
SHREECEM,Mar 2022,OPM,24.72,VALID,Operating Profit / Sales * 100,profitandloss,GOOD,1.0,2026-07-19 11:42:19
SHREECEM,Mar 2022,ROE,7.27,VALID,PAT / (Equity + Reserves) * 100,profitandloss + balancesheet,WEAK,1.0,2026-07-19 11:42:19
SHREECEM,Mar 2022,ROCE,18.94,VALID,EBIT / Capital Employed * 100,profitandloss + balancesheet,GOOD,1.0,2026-07-19 11:42:19
SHREECEM,Mar 2022,ROA,5.34,VALID,PAT / Total Assets * 100,profitandloss + balancesheet,AVERAGE,1.0,2026-07-19 11:42:19
SHREECEM,Mar 2023,NPM,13.27,VALID,Net Profit / Sales * 100,profitandloss,GOOD,1.0,2026-07-19 11:42:19
SHREECEM,Mar 2023,OPM,16.58,VALID,Operating Profit / Sales * 100,profitandloss,GOOD,1.0,2026-07-19 11:42:19
SHREECEM,Mar 2023,ROE,12.71,VALID,PAT / (Equity + Reserves) * 100,profitandloss + balancesheet,AVERAGE,1.0,2026-07-19 11:42:19
SHREECEM,Mar 2023,ROCE,13.86,VALID,EBIT / Capital Employed * 100,profitandloss + balancesheet,AVERAGE,1.0,2026-07-19 11:42:19
SHREECEM,Mar 2023,ROA,9.0,VALID,PAT / Total Assets * 100,profitandloss + balancesheet,AVERAGE,1.0,2026-07-19 11:42:19
SHREECEM,Mar 2024,NPM,8.45,VALID,Net Profit / Sales * 100,profitandloss,AVERAGE,1.0,2026-07-19 11:42:19
SHREECEM,Mar 2024,OPM,22.02,VALID,Operating Profit / Sales * 100,profitandloss,GOOD,1.0,2026-07-19 11:42:19
SHREECEM,Mar 2024,ROE,8.37,VALID,PAT / (Equity + Reserves) * 100,profitandloss + balancesheet,WEAK,1.0,2026-07-19 11:42:19
SHREECEM,Mar 2024,ROCE,20.21,VALID,EBIT / Capital Employed * 100,profitandloss + balancesheet,EXCELLENT,1.0,2026-07-19 11:42:19
SHREECEM,Mar 2024,ROA,6.21,VALID,PAT / Total Assets * 100,profitandloss + balancesheet,AVERAGE,1.0,2026-07-19 11:42:19
SHRIRAMFIN,Mar 2013,NPM,20.87,VALID,Net Profit / Sales * 100,profitandloss,EXCELLENT,1.0,2026-07-19 11:42:19
SHRIRAMFIN,Mar 2013,OPM,31.09,VALID,Operating Profit / Sales * 100,profitandloss,EXCELLENT,1.0,2026-07-19 11:42:19
SHRIRAMFIN,Mar 2013,ROE,19.94,VALID,PAT / (Equity + Reserves) * 100,profitandloss + balancesheet,GOOD,1.0,2026-07-19 11:42:19
SHRIRAMFIN,Mar 2013,ROCE,5.35,VALID,EBIT / Capital Employed * 100,profitandloss + balancesheet,WEAK,1.0,2026-07-19 11:42:19
SHRIRAMFIN,Mar 2013,ROA,3.09,VALID,PAT / Total Assets * 100,profitandloss + balancesheet,WEAK,1.0,2026-07-19 11:42:19
SHRIRAMFIN,Mar 2014,NPM,16.02,VALID,Net Profit / Sales * 100,profitandloss,EXCELLENT,1.0,2026-07-19 11:42:19
SHRIRAMFIN,Mar 2014,OPM,23.58,VALID,Operating Profit / Sales * 100,profitandloss,GOOD,1.0,2026-07-19 11:42:19
SHRIRAMFIN,Mar 2014,ROE,15.96,VALID,PAT / (Equity + Reserves) * 100,profitandloss + balancesheet,GOOD,1.0,2026-07-19 11:42:19
SHRIRAMFIN,Mar 2014,ROCE,4.24,VALID,EBIT / Capital Employed * 100,profitandloss + balancesheet,WEAK,1.0,2026-07-19 11:42:19
SHRIRAMFIN,Mar 2014,ROA,2.59,VALID,PAT / Total Assets * 100,profitandloss + balancesheet,WEAK,1.0,2026-07-19 11:42:19
SHRIRAMFIN,Mar 2015,NPM,11.2,VALID,Net Profit / Sales * 100,profitandloss,GOOD,1.0,2026-07-19 11:42:19
SHRIRAMFIN,Mar 2015,OPM,18.43,VALID,Operating Profit / Sales * 100,profitandloss,GOOD,1.0,2026-07-19 11:42:19
SHRIRAMFIN,Mar 2015,ROE,11.09,VALID,PAT / (Equity + Reserves) * 100,profitandloss + balancesheet,AVERAGE,1.0,2026-07-19 11:42:19
SHRIRAMFIN,Mar 2015,ROCE,3.02,VALID,EBIT / Capital Employed * 100,profitandloss + balancesheet,WEAK,1.0,2026-07-19 11:42:19
SHRIRAMFIN,Mar 2015,ROA,1.65,VALID,PAT / Total Assets * 100,profitandloss + balancesheet,WEAK,1.0,2026-07-19 11:42:19
SHRIRAMFIN,Mar 2016,NPM,11.43,VALID,Net Profit / Sales * 100,profitandloss,GOOD,1.0,2026-07-19 11:42:19
SHRIRAMFIN,Mar 2016,OPM,17.61,VALID,Operating Profit / Sales * 100,profitandloss,GOOD,1.0,2026-07-19 11:42:19
SHRIRAMFIN,Mar 2016,ROE,11.64,VALID,PAT / (Equity + Reserves) * 100,profitandloss + balancesheet,AVERAGE,1.0,2026-07-19 11:42:19
SHRIRAMFIN,Mar 2016,ROCE,3.04,VALID,EBIT / Capital Employed * 100,profitandloss + balancesheet,WEAK,1.0,2026-07-19 11:42:19
SHRIRAMFIN,Mar 2016,ROA,1.74,VALID,PAT / Total Assets * 100,profitandloss + balancesheet,WEAK,1.0,2026-07-19 11:42:19
SHRIRAMFIN,Mar 2017,NPM,11.61,VALID,Net Profit / Sales * 100,profitandloss,GOOD,1.0,2026-07-19 11:42:19
SHRIRAMFIN,Mar 2017,OPM,18.09,VALID,Operating Profit / Sales * 100,profitandloss,GOOD,1.0,2026-07-19 11:42:19
SHRIRAMFIN,Mar 2017,ROE,11.17,VALID,PAT / (Equity + Reserves) * 100,profitandloss + balancesheet,AVERAGE,1.0,2026-07-19 11:42:19
SHRIRAMFIN,Mar 2017,ROCE,3.06,VALID,EBIT / Capital Employed * 100,profitandloss + balancesheet,WEAK,1.0,2026-07-19 11:42:19
SHRIRAMFIN,Mar 2017,ROA,1.7,VALID,PAT / Total Assets * 100,profitandloss + balancesheet,WEAK,1.0,2026-07-19 11:42:19
SHRIRAMFIN,Mar 2018,NPM,18.88,VALID,Net Profit / Sales * 100,profitandloss,EXCELLENT,1.0,2026-07-19 11:42:19
SHRIRAMFIN,Mar 2018,OPM,28.18,VALID,Operating Profit / Sales * 100,profitandloss,EXCELLENT,1.0,2026-07-19 11:42:19
SHRIRAMFIN,Mar 2018,ROE,18.62,VALID,PAT / (Equity + Reserves) * 100,profitandloss + balancesheet,GOOD,1.0,2026-07-19 11:42:19
SHRIRAMFIN,Mar 2018,ROCE,3.97,VALID,EBIT / Capital Employed * 100,profitandloss + balancesheet,WEAK,1.0,2026-07-19 11:42:19
SHRIRAMFIN,Mar 2018,ROA,2.62,VALID,PAT / Total Assets * 100,profitandloss + balancesheet,WEAK,1.0,2026-07-19 11:42:19
SHRIRAMFIN,Mar 2019,NPM,16.58,VALID,Net Profit / Sales * 100,profitandloss,EXCELLENT,1.0,2026-07-19 11:42:19
SHRIRAMFIN,Mar 2019,OPM,24.47,VALID,Operating Profit / Sales * 100,profitandloss,GOOD,1.0,2026-07-19 11:42:19
SHRIRAMFIN,Mar 2019,ROE,16.14,VALID,PAT / (Equity + Reserves) * 100,profitandloss + balancesheet,GOOD,1.0,2026-07-19 11:42:19
SHRIRAMFIN,Mar 2019,ROCE,3.66,VALID,EBIT / Capital Employed * 100,profitandloss + balancesheet,WEAK,1.0,2026-07-19 11:42:19
SHRIRAMFIN,Mar 2019,ROA,2.44,VALID,PAT / Total Assets * 100,profitandloss + balancesheet,WEAK,1.0,2026-07-19 11:42:19
SHRIRAMFIN,Mar 2020,NPM,15.17,VALID,Net Profit / Sales * 100,profitandloss,EXCELLENT,1.0,2026-07-19 11:42:19
SHRIRAMFIN,Mar 2020,OPM,21.53,VALID,Operating Profit / Sales * 100,profitandloss,GOOD,1.0,2026-07-19 11:42:19
SHRIRAMFIN,Mar 2020,ROE,13.85,VALID,PAT / (Equity + Reserves) * 100,profitandloss + balancesheet,AVERAGE,1.0,2026-07-19 11:42:19
SHRIRAMFIN,Mar 2020,ROCE,3.16,VALID,EBIT / Capital Employed * 100,profitandloss + balancesheet,WEAK,1.0,2026-07-19 11:42:19
SHRIRAMFIN,Mar 2020,ROA,2.2,VALID,PAT / Total Assets * 100,profitandloss + balancesheet,WEAK,1.0,2026-07-19 11:42:19
SHRIRAMFIN,Mar 2021,NPM,14.34,VALID,Net Profit / Sales * 100,profitandloss,GOOD,1.0,2026-07-19 11:42:19
SHRIRAMFIN,Mar 2021,OPM,19.53,VALID,Operating Profit / Sales * 100,profitandloss,GOOD,1.0,2026-07-19 11:42:19
SHRIRAMFIN,Mar 2021,ROE,11.51,VALID,PAT / (Equity + Reserves) * 100,profitandloss + balancesheet,AVERAGE,1.0,2026-07-19 11:42:19
SHRIRAMFIN,Mar 2021,ROCE,2.65,VALID,EBIT / Capital Employed * 100,profitandloss + balancesheet,WEAK,1.0,2026-07-19 11:42:19
SHRIRAMFIN,Mar 2021,ROA,1.92,VALID,PAT / Total Assets * 100,profitandloss + balancesheet,WEAK,1.0,2026-07-19 11:42:19
SHRIRAMFIN,Mar 2022,NPM,14.13,VALID,Net Profit / Sales * 100,profitandloss,GOOD,1.0,2026-07-19 11:42:19
SHRIRAMFIN,Mar 2022,OPM,19.04,VALID,Operating Profit / Sales * 100,profitandloss,GOOD,1.0,2026-07-19 11:42:19
SHRIRAMFIN,Mar 2022,ROE,10.43,VALID,PAT / (Equity + Reserves) * 100,profitandloss + balancesheet,AVERAGE,1.0,2026-07-19 11:42:19
SHRIRAMFIN,Mar 2022,ROCE,2.6,VALID,EBIT / Capital Employed * 100,profitandloss + balancesheet,WEAK,1.0,2026-07-19 11:42:19
SHRIRAMFIN,Mar 2022,ROA,1.91,VALID,PAT / Total Assets * 100,profitandloss + balancesheet,WEAK,1.0,2026-07-19 11:42:19
SHRIRAMFIN,Mar 2023,NPM,19.74,VALID,Net Profit / Sales * 100,profitandloss,EXCELLENT,1.0,2026-07-19 11:42:19
SHRIRAMFIN,Mar 2023,OPM,28.86,VALID,Operating Profit / Sales * 100,profitandloss,EXCELLENT,1.0,2026-07-19 11:42:19
SHRIRAMFIN,Mar 2023,ROE,13.84,VALID,PAT / (Equity + Reserves) * 100,profitandloss + balancesheet,AVERAGE,1.0,2026-07-19 11:42:19
SHRIRAMFIN,Mar 2023,ROCE,4.24,VALID,EBIT / Capital Employed * 100,profitandloss + balancesheet,WEAK,1.0,2026-07-19 11:42:19
SHRIRAMFIN,Mar 2023,ROA,2.86,VALID,PAT / Total Assets * 100,profitandloss + balancesheet,WEAK,1.0,2026-07-19 11:42:19
SHRIRAMFIN,Mar 2024,NPM,20.33,VALID,Net Profit / Sales * 100,profitandloss,EXCELLENT,1.0,2026-07-19 11:42:19
SHRIRAMFIN,Mar 2024,OPM,28.92,VALID,Operating Profit / Sales * 100,profitandloss,EXCELLENT,1.0,2026-07-19 11:42:19
SHRIRAMFIN,Mar 2024,ROE,15.12,VALID,PAT / (Equity + Reserves) * 100,profitandloss + balancesheet,GOOD,1.0,2026-07-19 11:42:19
SHRIRAMFIN,Mar 2024,ROCE,4.3,VALID,EBIT / Capital Employed * 100,profitandloss + balancesheet,WEAK,1.0,2026-07-19 11:42:19
SHRIRAMFIN,Mar 2024,ROA,2.98,VALID,PAT / Total Assets * 100,profitandloss + balancesheet,WEAK,1.0,2026-07-19 11:42:19
SIEMENS,Sep 2011,NPM,7.26,VALID,Net Profit / Sales * 100,profitandloss,AVERAGE,1.0,2026-07-19 11:42:19
SIEMENS,Sep 2011,OPM,9.8,VALID,Operating Profit / Sales * 100,profitandloss,WEAK,1.0,2026-07-19 11:42:19
SIEMENS,Sep 2011,ROE,22.75,VALID,PAT / (Equity + Reserves) * 100,profitandloss + balancesheet,EXCELLENT,1.0,2026-07-19 11:42:19
SIEMENS,Sep 2011,ROCE,30.69,VALID,EBIT / Capital Employed * 100,profitandloss + balancesheet,EXCELLENT,1.0,2026-07-19 11:42:19
SIEMENS,Sep 2011,ROA,8.54,VALID,PAT / Total Assets * 100,profitandloss + balancesheet,AVERAGE,1.0,2026-07-19 11:42:19
SIEMENS,Sep 2014,NPM,5.65,VALID,Net Profit / Sales * 100,profitandloss,AVERAGE,1.0,2026-07-19 11:42:19
SIEMENS,Sep 2014,OPM,1.11,VALID,Operating Profit / Sales * 100,profitandloss,WEAK,1.0,2026-07-19 11:42:19
SIEMENS,Sep 2014,ROE,13.78,VALID,PAT / (Equity + Reserves) * 100,profitandloss + balancesheet,AVERAGE,1.0,2026-07-19 11:42:19
SIEMENS,Sep 2014,ROCE,2.72,VALID,EBIT / Capital Employed * 100,profitandloss + balancesheet,WEAK,1.0,2026-07-19 11:42:19
SIEMENS,Sep 2014,ROA,5.86,VALID,PAT / Total Assets * 100,profitandloss + balancesheet,AVERAGE,1.0,2026-07-19 11:42:19
SIEMENS,Sep 2015,NPM,11.11,VALID,Net Profit / Sales * 100,profitandloss,GOOD,1.0,2026-07-19 11:42:19
SIEMENS,Sep 2015,OPM,9.45,VALID,Operating Profit / Sales * 100,profitandloss,WEAK,1.0,2026-07-19 11:42:19
SIEMENS,Sep 2015,ROE,22.94,VALID,PAT / (Equity + Reserves) * 100,profitandloss + balancesheet,EXCELLENT,1.0,2026-07-19 11:42:19
SIEMENS,Sep 2015,ROCE,19.41,VALID,EBIT / Capital Employed * 100,profitandloss + balancesheet,GOOD,1.0,2026-07-19 11:42:19
SIEMENS,Sep 2015,ROA,11.1,VALID,PAT / Total Assets * 100,profitandloss + balancesheet,GOOD,1.0,2026-07-19 11:42:19
SIEMENS,Sep 2016,NPM,26.89,VALID,Net Profit / Sales * 100,profitandloss,EXCELLENT,1.0,2026-07-19 11:42:19
SIEMENS,Sep 2016,OPM,9.42,VALID,Operating Profit / Sales * 100,profitandloss,WEAK,1.0,2026-07-19 11:42:19
SIEMENS,Sep 2016,ROE,42.83,VALID,PAT / (Equity + Reserves) * 100,profitandloss + balancesheet,EXCELLENT,1.0,2026-07-19 11:42:19
SIEMENS,Sep 2016,ROCE,14.95,VALID,EBIT / Capital Employed * 100,profitandloss + balancesheet,AVERAGE,1.0,2026-07-19 11:42:19
SIEMENS,Sep 2016,ROA,24.31,VALID,PAT / Total Assets * 100,profitandloss + balancesheet,EXCELLENT,1.0,2026-07-19 11:42:19
SIEMENS,Sep 2017,NPM,10.28,VALID,Net Profit / Sales * 100,profitandloss,GOOD,1.0,2026-07-19 11:42:19
SIEMENS,Sep 2017,OPM,9.54,VALID,Operating Profit / Sales * 100,profitandloss,WEAK,1.0,2026-07-19 11:42:19
SIEMENS,Sep 2017,ROE,14.79,VALID,PAT / (Equity + Reserves) * 100,profitandloss + balancesheet,AVERAGE,1.0,2026-07-19 11:42:19
SIEMENS,Sep 2017,ROCE,13.73,VALID,EBIT / Capital Employed * 100,profitandloss + balancesheet,AVERAGE,1.0,2026-07-19 11:42:19
SIEMENS,Sep 2017,ROA,8.65,VALID,PAT / Total Assets * 100,profitandloss + balancesheet,AVERAGE,1.0,2026-07-19 11:42:19
SIEMENS,Sep 2018,NPM,7.04,VALID,Net Profit / Sales * 100,profitandloss,AVERAGE,1.0,2026-07-19 11:42:19
SIEMENS,Sep 2018,OPM,10.37,VALID,Operating Profit / Sales * 100,profitandloss,AVERAGE,1.0,2026-07-19 11:42:19
SIEMENS,Sep 2018,ROE,10.86,VALID,PAT / (Equity + Reserves) * 100,profitandloss + balancesheet,AVERAGE,1.0,2026-07-19 11:42:19
SIEMENS,Sep 2018,ROCE,15.99,VALID,EBIT / Capital Employed * 100,profitandloss + balancesheet,GOOD,1.0,2026-07-19 11:42:19
SIEMENS,Sep 2018,ROA,6.28,VALID,PAT / Total Assets * 100,profitandloss + balancesheet,AVERAGE,1.0,2026-07-19 11:42:19
SIEMENS,Sep 2019,NPM,8.4,VALID,Net Profit / Sales * 100,profitandloss,AVERAGE,1.0,2026-07-19 11:42:19
SIEMENS,Sep 2019,OPM,11.39,VALID,Operating Profit / Sales * 100,profitandloss,AVERAGE,1.0,2026-07-19 11:42:19
SIEMENS,Sep 2019,ROE,12.14,VALID,PAT / (Equity + Reserves) * 100,profitandloss + balancesheet,AVERAGE,1.0,2026-07-19 11:42:19
SIEMENS,Sep 2019,ROCE,16.47,VALID,EBIT / Capital Employed * 100,profitandloss + balancesheet,GOOD,1.0,2026-07-19 11:42:19
SIEMENS,Sep 2019,ROA,7.16,VALID,PAT / Total Assets * 100,profitandloss + balancesheet,AVERAGE,1.0,2026-07-19 11:42:19
SIEMENS,Sep 2020,NPM,7.73,VALID,Net Profit / Sales * 100,profitandloss,AVERAGE,1.0,2026-07-19 11:42:19
SIEMENS,Sep 2020,OPM,10.08,VALID,Operating Profit / Sales * 100,profitandloss,AVERAGE,1.0,2026-07-19 11:42:19
SIEMENS,Sep 2020,ROE,8.1,VALID,PAT / (Equity + Reserves) * 100,profitandloss + balancesheet,WEAK,1.0,2026-07-19 11:42:19
SIEMENS,Sep 2020,ROCE,10.57,VALID,EBIT / Capital Employed * 100,profitandloss + balancesheet,AVERAGE,1.0,2026-07-19 11:42:19
SIEMENS,Sep 2020,ROA,4.85,VALID,PAT / Total Assets * 100,profitandloss + balancesheet,WEAK,1.0,2026-07-19 11:42:19
SIEMENS,Sep 2021,NPM,8.25,VALID,Net Profit / Sales * 100,profitandloss,AVERAGE,1.0,2026-07-19 11:42:19
SIEMENS,Sep 2021,OPM,11.0,VALID,Operating Profit / Sales * 100,profitandloss,AVERAGE,1.0,2026-07-19 11:42:19
SIEMENS,Sep 2021,ROE,10.52,VALID,PAT / (Equity + Reserves) * 100,profitandloss + balancesheet,AVERAGE,1.0,2026-07-19 11:42:19
SIEMENS,Sep 2021,ROCE,14.03,VALID,EBIT / Capital Employed * 100,profitandloss + balancesheet,AVERAGE,1.0,2026-07-19 11:42:19
SIEMENS,Sep 2021,ROA,6.04,VALID,PAT / Total Assets * 100,profitandloss + balancesheet,AVERAGE,1.0,2026-07-19 11:42:19
SIEMENS,Sep 2022,NPM,9.56,VALID,Net Profit / Sales * 100,profitandloss,AVERAGE,1.0,2026-07-19 11:42:19
SIEMENS,Sep 2022,OPM,11.53,VALID,Operating Profit / Sales * 100,profitandloss,AVERAGE,1.0,2026-07-19 11:42:19
SIEMENS,Sep 2022,ROE,13.29,VALID,PAT / (Equity + Reserves) * 100,profitandloss + balancesheet,AVERAGE,1.0,2026-07-19 11:42:19
SIEMENS,Sep 2022,ROCE,15.77,VALID,EBIT / Capital Employed * 100,profitandloss + balancesheet,GOOD,1.0,2026-07-19 11:42:19
SIEMENS,Sep 2022,ROA,7.67,VALID,PAT / Total Assets * 100,profitandloss + balancesheet,AVERAGE,1.0,2026-07-19 11:42:19
SIEMENS,Sep 2023,NPM,10.03,VALID,Net Profit / Sales * 100,profitandloss,GOOD,1.0,2026-07-19 11:42:19
SIEMENS,Sep 2023,OPM,12.72,VALID,Operating Profit / Sales * 100,profitandloss,AVERAGE,1.0,2026-07-19 11:42:19
SIEMENS,Sep 2023,ROE,14.99,VALID,PAT / (Equity + Reserves) * 100,profitandloss + balancesheet,AVERAGE,1.0,2026-07-19 11:42:19
SIEMENS,Sep 2023,ROCE,18.75,VALID,EBIT / Capital Employed * 100,profitandloss + balancesheet,GOOD,1.0,2026-07-19 11:42:19
SIEMENS,Sep 2023,ROA,9.06,VALID,PAT / Total Assets * 100,profitandloss + balancesheet,AVERAGE,1.0,2026-07-19 11:42:19
SIEMENS,Sep 2024,NPM,12.22,VALID,Net Profit / Sales * 100,profitandloss,GOOD,1.0,2026-07-19 11:42:19
SIEMENS,Sep 2024,OPM,13.96,VALID,Operating Profit / Sales * 100,profitandloss,AVERAGE,1.0,2026-07-19 11:42:19
SIEMENS,Sep 2024,ROE,17.7,VALID,PAT / (Equity + Reserves) * 100,profitandloss + balancesheet,GOOD,1.0,2026-07-19 11:42:19
SIEMENS,Sep 2024,ROCE,19.85,VALID,EBIT / Capital Employed * 100,profitandloss + balancesheet,GOOD,1.0,2026-07-19 11:42:19
SIEMENS,Sep 2024,ROA,10.74,VALID,PAT / Total Assets * 100,profitandloss + balancesheet,GOOD,1.0,2026-07-19 11:42:19
SUNPHARMA,Mar 2013,NPM,31.17,VALID,Net Profit / Sales * 100,profitandloss,EXCELLENT,1.0,2026-07-19 11:42:19
SUNPHARMA,Mar 2013,OPM,42.98,VALID,Operating Profit / Sales * 100,profitandloss,EXCELLENT,1.0,2026-07-19 11:42:19
SUNPHARMA,Mar 2013,ROE,23.14,VALID,PAT / (Equity + Reserves) * 100,profitandloss + balancesheet,EXCELLENT,1.0,2026-07-19 11:42:19
SUNPHARMA,Mar 2013,ROCE,31.37,VALID,EBIT / Capital Employed * 100,profitandloss + balancesheet,EXCELLENT,1.0,2026-07-19 11:42:19
SUNPHARMA,Mar 2013,ROA,17.02,VALID,PAT / Total Assets * 100,profitandloss + balancesheet,EXCELLENT,1.0,2026-07-19 11:42:19
SUNPHARMA,Mar 2014,NPM,24.12,VALID,Net Profit / Sales * 100,profitandloss,EXCELLENT,1.0,2026-07-19 11:42:19
SUNPHARMA,Mar 2014,OPM,43.55,VALID,Operating Profit / Sales * 100,profitandloss,EXCELLENT,1.0,2026-07-19 11:42:19
SUNPHARMA,Mar 2014,ROE,20.94,VALID,PAT / (Equity + Reserves) * 100,profitandloss + balancesheet,EXCELLENT,1.0,2026-07-19 11:42:19
SUNPHARMA,Mar 2014,ROCE,33.21,VALID,EBIT / Capital Employed * 100,profitandloss + balancesheet,EXCELLENT,1.0,2026-07-19 11:42:19
SUNPHARMA,Mar 2014,ROA,13.33,VALID,PAT / Total Assets * 100,profitandloss + balancesheet,GOOD,1.0,2026-07-19 11:42:20
SUNPHARMA,Mar 2015,NPM,19.99,VALID,Net Profit / Sales * 100,profitandloss,EXCELLENT,1.0,2026-07-19 11:42:20
SUNPHARMA,Mar 2015,OPM,28.82,VALID,Operating Profit / Sales * 100,profitandloss,EXCELLENT,1.0,2026-07-19 11:42:20
SUNPHARMA,Mar 2015,ROE,21.36,VALID,PAT / (Equity + Reserves) * 100,profitandloss + balancesheet,EXCELLENT,1.0,2026-07-19 11:42:20
SUNPHARMA,Mar 2015,ROCE,22.79,VALID,EBIT / Capital Employed * 100,profitandloss + balancesheet,EXCELLENT,1.0,2026-07-19 11:42:20
SUNPHARMA,Mar 2015,ROA,11.24,VALID,PAT / Total Assets * 100,profitandloss + balancesheet,GOOD,1.0,2026-07-19 11:42:20
SUNPHARMA,Mar 2016,NPM,19.86,VALID,Net Profit / Sales * 100,profitandloss,EXCELLENT,1.0,2026-07-19 11:42:20
SUNPHARMA,Mar 2016,OPM,28.69,VALID,Operating Profit / Sales * 100,profitandloss,EXCELLENT,1.0,2026-07-19 11:42:20
SUNPHARMA,Mar 2016,ROE,17.15,VALID,PAT / (Equity + Reserves) * 100,profitandloss + balancesheet,GOOD,1.0,2026-07-19 11:42:20
SUNPHARMA,Mar 2016,ROCE,19.71,VALID,EBIT / Capital Employed * 100,profitandloss + balancesheet,GOOD,1.0,2026-07-19 11:42:20
SUNPHARMA,Mar 2016,ROA,10.21,VALID,PAT / Total Assets * 100,profitandloss + balancesheet,GOOD,1.0,2026-07-19 11:42:20
SUNPHARMA,Mar 2017,NPM,24.85,VALID,Net Profit / Sales * 100,profitandloss,EXCELLENT,1.0,2026-07-19 11:42:20
SUNPHARMA,Mar 2017,OPM,31.99,VALID,Operating Profit / Sales * 100,profitandloss,EXCELLENT,1.0,2026-07-19 11:42:20
SUNPHARMA,Mar 2017,ROE,21.41,VALID,PAT / (Equity + Reserves) * 100,profitandloss + balancesheet,EXCELLENT,1.0,2026-07-19 11:42:20
SUNPHARMA,Mar 2017,ROCE,21.74,VALID,EBIT / Capital Employed * 100,profitandloss + balancesheet,EXCELLENT,1.0,2026-07-19 11:42:20
SUNPHARMA,Mar 2017,ROA,12.84,VALID,PAT / Total Assets * 100,profitandloss + balancesheet,GOOD,1.0,2026-07-19 11:42:20
SUNPHARMA,Mar 2018,NPM,9.6,VALID,Net Profit / Sales * 100,profitandloss,AVERAGE,1.0,2026-07-19 11:42:20
SUNPHARMA,Mar 2018,OPM,21.26,VALID,Operating Profit / Sales * 100,profitandloss,GOOD,1.0,2026-07-19 11:42:20
SUNPHARMA,Mar 2018,ROE,6.63,VALID,PAT / (Equity + Reserves) * 100,profitandloss + balancesheet,WEAK,1.0,2026-07-19 11:42:20
SUNPHARMA,Mar 2018,ROCE,11.56,VALID,EBIT / Capital Employed * 100,profitandloss + balancesheet,AVERAGE,1.0,2026-07-19 11:42:20
SUNPHARMA,Mar 2018,ROA,3.95,VALID,PAT / Total Assets * 100,profitandloss + balancesheet,WEAK,1.0,2026-07-19 11:42:20
SUNPHARMA,Mar 2019,NPM,11.04,VALID,Net Profit / Sales * 100,profitandloss,GOOD,1.0,2026-07-19 11:42:20
SUNPHARMA,Mar 2019,OPM,21.94,VALID,Operating Profit / Sales * 100,profitandloss,GOOD,1.0,2026-07-19 11:42:20
SUNPHARMA,Mar 2019,ROE,7.75,VALID,PAT / (Equity + Reserves) * 100,profitandloss + balancesheet,WEAK,1.0,2026-07-19 11:42:20
SUNPHARMA,Mar 2019,ROCE,12.28,VALID,EBIT / Capital Employed * 100,profitandloss + balancesheet,AVERAGE,1.0,2026-07-19 11:42:20
SUNPHARMA,Mar 2019,ROA,4.97,VALID,PAT / Total Assets * 100,profitandloss + balancesheet,WEAK,1.0,2026-07-19 11:42:20
SUNPHARMA,Mar 2020,NPM,12.7,VALID,Net Profit / Sales * 100,profitandloss,GOOD,1.0,2026-07-19 11:42:20
SUNPHARMA,Mar 2020,OPM,21.26,VALID,Operating Profit / Sales * 100,profitandloss,GOOD,1.0,2026-07-19 11:42:20
SUNPHARMA,Mar 2020,ROE,9.22,VALID,PAT / (Equity + Reserves) * 100,profitandloss + balancesheet,WEAK,1.0,2026-07-19 11:42:20
SUNPHARMA,Mar 2020,ROCE,13.03,VALID,EBIT / Capital Employed * 100,profitandloss + balancesheet,AVERAGE,1.0,2026-07-19 11:42:20
SUNPHARMA,Mar 2020,ROA,6.12,VALID,PAT / Total Assets * 100,profitandloss + balancesheet,AVERAGE,1.0,2026-07-19 11:42:20
SUNPHARMA,Mar 2021,NPM,6.78,VALID,Net Profit / Sales * 100,profitandloss,AVERAGE,1.0,2026-07-19 11:42:20
SUNPHARMA,Mar 2021,OPM,25.29,VALID,Operating Profit / Sales * 100,profitandloss,EXCELLENT,1.0,2026-07-19 11:42:20
SUNPHARMA,Mar 2021,ROE,4.89,VALID,PAT / (Equity + Reserves) * 100,profitandloss + balancesheet,WEAK,1.0,2026-07-19 11:42:20
SUNPHARMA,Mar 2021,ROCE,16.83,VALID,EBIT / Capital Employed * 100,profitandloss + balancesheet,GOOD,1.0,2026-07-19 11:42:20
SUNPHARMA,Mar 2021,ROA,3.36,VALID,PAT / Total Assets * 100,profitandloss + balancesheet,WEAK,1.0,2026-07-19 11:42:20
SUNPHARMA,Mar 2022,NPM,8.77,VALID,Net Profit / Sales * 100,profitandloss,AVERAGE,1.0,2026-07-19 11:42:20
SUNPHARMA,Mar 2022,OPM,26.54,VALID,Operating Profit / Sales * 100,profitandloss,EXCELLENT,1.0,2026-07-19 11:42:20
SUNPHARMA,Mar 2022,ROE,7.06,VALID,PAT / (Equity + Reserves) * 100,profitandloss + balancesheet,WEAK,1.0,2026-07-19 11:42:20
SUNPHARMA,Mar 2022,ROCE,20.81,VALID,EBIT / Capital Employed * 100,profitandloss + balancesheet,EXCELLENT,1.0,2026-07-19 11:42:20
SUNPHARMA,Mar 2022,ROA,4.86,VALID,PAT / Total Assets * 100,profitandloss + balancesheet,WEAK,1.0,2026-07-19 11:42:20
SUNPHARMA,Mar 2023,NPM,19.4,VALID,Net Profit / Sales * 100,profitandloss,EXCELLENT,1.0,2026-07-19 11:42:20
SUNPHARMA,Mar 2023,OPM,26.55,VALID,Operating Profit / Sales * 100,profitandloss,EXCELLENT,1.0,2026-07-19 11:42:20
SUNPHARMA,Mar 2023,ROE,15.2,VALID,PAT / (Equity + Reserves) * 100,profitandloss + balancesheet,GOOD,1.0,2026-07-19 11:42:20
SUNPHARMA,Mar 2023,ROCE,18.53,VALID,EBIT / Capital Employed * 100,profitandloss + balancesheet,GOOD,1.0,2026-07-19 11:42:20
SUNPHARMA,Mar 2023,ROA,10.55,VALID,PAT / Total Assets * 100,profitandloss + balancesheet,GOOD,1.0,2026-07-19 11:42:20
SUNPHARMA,Mar 2024,NPM,19.82,VALID,Net Profit / Sales * 100,profitandloss,EXCELLENT,1.0,2026-07-19 11:42:20
SUNPHARMA,Mar 2024,OPM,26.84,OPM_MISMATCH,Operating Profit / Sales * 100,profitandloss,EXCELLENT,1.0,2026-07-19 11:42:20
SUNPHARMA,Mar 2024,ROE,15.09,VALID,PAT / (Equity + Reserves) * 100,profitandloss + balancesheet,GOOD,1.0,2026-07-19 11:42:20
SUNPHARMA,Mar 2024,ROCE,19.45,VALID,EBIT / Capital Employed * 100,profitandloss + balancesheet,GOOD,1.0,2026-07-19 11:42:20
SUNPHARMA,Mar 2024,ROA,11.27,VALID,PAT / Total Assets * 100,profitandloss + balancesheet,GOOD,1.0,2026-07-19 11:42:20
TATACONSUM,Mar 2013,NPM,6.05,VALID,Net Profit / Sales * 100,profitandloss,AVERAGE,1.0,2026-07-19 11:42:20
TATACONSUM,Mar 2013,OPM,10.47,VALID,Operating Profit / Sales * 100,profitandloss,AVERAGE,1.0,2026-07-19 11:42:20
TATACONSUM,Mar 2013,ROE,9.25,VALID,PAT / (Equity + Reserves) * 100,profitandloss + balancesheet,WEAK,1.0,2026-07-19 11:42:20
TATACONSUM,Mar 2013,ROCE,12.42,VALID,EBIT / Capital Employed * 100,profitandloss + balancesheet,AVERAGE,1.0,2026-07-19 11:42:20
TATACONSUM,Mar 2013,ROA,5.06,VALID,PAT / Total Assets * 100,profitandloss + balancesheet,AVERAGE,1.0,2026-07-19 11:42:20
TATACONSUM,Mar 2014,NPM,6.59,VALID,Net Profit / Sales * 100,profitandloss,AVERAGE,1.0,2026-07-19 11:42:20
TATACONSUM,Mar 2014,OPM,9.72,VALID,Operating Profit / Sales * 100,profitandloss,WEAK,1.0,2026-07-19 11:42:20
TATACONSUM,Mar 2014,ROE,8.72,VALID,PAT / (Equity + Reserves) * 100,profitandloss + balancesheet,WEAK,1.0,2026-07-19 11:42:20
TATACONSUM,Mar 2014,ROCE,10.32,VALID,EBIT / Capital Employed * 100,profitandloss + balancesheet,AVERAGE,1.0,2026-07-19 11:42:20
TATACONSUM,Mar 2014,ROA,5.15,VALID,PAT / Total Assets * 100,profitandloss + balancesheet,AVERAGE,1.0,2026-07-19 11:42:20
TATACONSUM,Mar 2015,NPM,3.42,VALID,Net Profit / Sales * 100,profitandloss,WEAK,1.0,2026-07-19 11:42:20
TATACONSUM,Mar 2015,OPM,9.91,VALID,Operating Profit / Sales * 100,profitandloss,WEAK,1.0,2026-07-19 11:42:20
TATACONSUM,Mar 2015,ROE,4.97,VALID,PAT / (Equity + Reserves) * 100,profitandloss + balancesheet,WEAK,1.0,2026-07-19 11:42:20
TATACONSUM,Mar 2015,ROCE,11.62,VALID,EBIT / Capital Employed * 100,profitandloss + balancesheet,AVERAGE,1.0,2026-07-19 11:42:20
TATACONSUM,Mar 2015,ROA,2.89,VALID,PAT / Total Assets * 100,profitandloss + balancesheet,WEAK,1.0,2026-07-19 11:42:20
TATACONSUM,Mar 2016,NPM,-0.56,VALID,Net Profit / Sales * 100,profitandloss,WEAK,1.0,2026-07-19 11:42:20
TATACONSUM,Mar 2016,OPM,5.51,VALID,Operating Profit / Sales * 100,profitandloss,WEAK,1.0,2026-07-19 11:42:20
TATACONSUM,Mar 2016,ROE,-0.59,VALID,PAT / (Equity + Reserves) * 100,profitandloss + balancesheet,WEAK,1.0,2026-07-19 11:42:20
TATACONSUM,Mar 2016,ROCE,4.82,VALID,EBIT / Capital Employed * 100,profitandloss + balancesheet,WEAK,1.0,2026-07-19 11:42:20
TATACONSUM,Mar 2016,ROA,-0.37,VALID,PAT / Total Assets * 100,profitandloss + balancesheet,WEAK,1.0,2026-07-19 11:42:20
TATACONSUM,Mar 2017,NPM,6.71,VALID,Net Profit / Sales * 100,profitandloss,AVERAGE,1.0,2026-07-19 11:42:20
TATACONSUM,Mar 2017,OPM,11.67,VALID,Operating Profit / Sales * 100,profitandloss,AVERAGE,1.0,2026-07-19 11:42:20
TATACONSUM,Mar 2017,ROE,7.26,VALID,PAT / (Equity + Reserves) * 100,profitandloss + balancesheet,WEAK,1.0,2026-07-19 11:42:20
TATACONSUM,Mar 2017,ROCE,11.22,VALID,EBIT / Capital Employed * 100,profitandloss + balancesheet,AVERAGE,1.0,2026-07-19 11:42:20
TATACONSUM,Mar 2017,ROA,4.76,VALID,PAT / Total Assets * 100,profitandloss + balancesheet,WEAK,1.0,2026-07-19 11:42:20
TATACONSUM,Mar 2018,NPM,8.16,VALID,Net Profit / Sales * 100,profitandloss,AVERAGE,1.0,2026-07-19 11:42:20
TATACONSUM,Mar 2018,OPM,12.31,VALID,Operating Profit / Sales * 100,profitandloss,AVERAGE,1.0,2026-07-19 11:42:20
TATACONSUM,Mar 2018,ROE,7.91,VALID,PAT / (Equity + Reserves) * 100,profitandloss + balancesheet,WEAK,1.0,2026-07-19 11:42:20
TATACONSUM,Mar 2018,ROCE,10.36,VALID,EBIT / Capital Employed * 100,profitandloss + balancesheet,AVERAGE,1.0,2026-07-19 11:42:20
TATACONSUM,Mar 2018,ROA,5.31,VALID,PAT / Total Assets * 100,profitandloss + balancesheet,AVERAGE,1.0,2026-07-19 11:42:20
TATACONSUM,Mar 2019,NPM,6.3,VALID,Net Profit / Sales * 100,profitandloss,AVERAGE,1.0,2026-07-19 11:42:20
TATACONSUM,Mar 2019,OPM,10.84,VALID,Operating Profit / Sales * 100,profitandloss,AVERAGE,1.0,2026-07-19 11:42:20
TATACONSUM,Mar 2019,ROE,6.23,VALID,PAT / (Equity + Reserves) * 100,profitandloss + balancesheet,WEAK,1.0,2026-07-19 11:42:20
TATACONSUM,Mar 2019,ROCE,9.28,VALID,EBIT / Capital Employed * 100,profitandloss + balancesheet,WEAK,1.0,2026-07-19 11:42:20
TATACONSUM,Mar 2019,ROA,4.2,VALID,PAT / Total Assets * 100,profitandloss + balancesheet,WEAK,1.0,2026-07-19 11:42:20
TATACONSUM,Mar 2020,NPM,4.77,VALID,Net Profit / Sales * 100,profitandloss,WEAK,1.0,2026-07-19 11:42:20
TATACONSUM,Mar 2020,OPM,13.41,VALID,Operating Profit / Sales * 100,profitandloss,AVERAGE,1.0,2026-07-19 11:42:20
TATACONSUM,Mar 2020,ROE,3.33,VALID,PAT / (Equity + Reserves) * 100,profitandloss + balancesheet,WEAK,1.0,2026-07-19 11:42:20
TATACONSUM,Mar 2020,ROCE,8.39,VALID,EBIT / Capital Employed * 100,profitandloss + balancesheet,WEAK,1.0,2026-07-19 11:42:20
TATACONSUM,Mar 2020,ROA,2.49,VALID,PAT / Total Assets * 100,profitandloss + balancesheet,WEAK,1.0,2026-07-19 11:42:20
TATACONSUM,Mar 2021,NPM,8.02,VALID,Net Profit / Sales * 100,profitandloss,AVERAGE,1.0,2026-07-19 11:42:20
TATACONSUM,Mar 2021,OPM,13.31,VALID,Operating Profit / Sales * 100,profitandloss,AVERAGE,1.0,2026-07-19 11:42:20
TATACONSUM,Mar 2021,ROE,6.4,VALID,PAT / (Equity + Reserves) * 100,profitandloss + balancesheet,WEAK,1.0,2026-07-19 11:42:20
TATACONSUM,Mar 2021,ROCE,9.55,VALID,EBIT / Capital Employed * 100,profitandloss + balancesheet,WEAK,1.0,2026-07-19 11:42:20
TATACONSUM,Mar 2021,ROA,4.6,VALID,PAT / Total Assets * 100,profitandloss + balancesheet,WEAK,1.0,2026-07-19 11:42:20
TATACONSUM,Mar 2022,NPM,8.17,VALID,Net Profit / Sales * 100,profitandloss,AVERAGE,1.0,2026-07-19 11:42:20
TATACONSUM,Mar 2022,OPM,13.84,VALID,Operating Profit / Sales * 100,profitandloss,AVERAGE,1.0,2026-07-19 11:42:20
TATACONSUM,Mar 2022,ROE,6.7,VALID,PAT / (Equity + Reserves) * 100,profitandloss + balancesheet,WEAK,1.0,2026-07-19 11:42:20
TATACONSUM,Mar 2022,ROCE,10.38,VALID,EBIT / Capital Employed * 100,profitandloss + balancesheet,AVERAGE,1.0,2026-07-19 11:42:20
TATACONSUM,Mar 2022,ROA,4.82,VALID,PAT / Total Assets * 100,profitandloss + balancesheet,WEAK,1.0,2026-07-19 11:42:20
TATACONSUM,Mar 2023,NPM,9.58,VALID,Net Profit / Sales * 100,profitandloss,AVERAGE,1.0,2026-07-19 11:42:20
TATACONSUM,Mar 2023,OPM,13.47,VALID,Operating Profit / Sales * 100,profitandloss,AVERAGE,1.0,2026-07-19 11:42:20
TATACONSUM,Mar 2023,ROE,8.11,VALID,PAT / (Equity + Reserves) * 100,profitandloss + balancesheet,WEAK,1.0,2026-07-19 11:42:20
TATACONSUM,Mar 2023,ROCE,10.38,VALID,EBIT / Capital Employed * 100,profitandloss + balancesheet,AVERAGE,1.0,2026-07-19 11:42:20
TATACONSUM,Mar 2023,ROA,5.8,VALID,PAT / Total Assets * 100,profitandloss + balancesheet,AVERAGE,1.0,2026-07-19 11:42:20
TATACONSUM,Mar 2024,NPM,7.99,VALID,Net Profit / Sales * 100,profitandloss,AVERAGE,1.0,2026-07-19 11:42:20
TATACONSUM,Mar 2024,OPM,15.02,VALID,Operating Profit / Sales * 100,profitandloss,GOOD,1.0,2026-07-19 11:42:20
TATACONSUM,Mar 2024,ROE,7.57,VALID,PAT / (Equity + Reserves) * 100,profitandloss + balancesheet,WEAK,1.0,2026-07-19 11:42:20
TATACONSUM,Mar 2024,ROCE,11.69,VALID,EBIT / Capital Employed * 100,profitandloss + balancesheet,AVERAGE,1.0,2026-07-19 11:42:20
TATACONSUM,Mar 2024,ROA,4.36,VALID,PAT / Total Assets * 100,profitandloss + balancesheet,WEAK,1.0,2026-07-19 11:42:20
TATAMOTORS,Mar 2013,NPM,5.28,VALID,Net Profit / Sales * 100,profitandloss,AVERAGE,1.0,2026-07-19 11:42:20
TATAMOTORS,Mar 2013,OPM,13.03,VALID,Operating Profit / Sales * 100,profitandloss,AVERAGE,1.0,2026-07-19 11:42:20
TATAMOTORS,Mar 2013,ROE,26.51,VALID,PAT / (Equity + Reserves) * 100,profitandloss + balancesheet,EXCELLENT,1.0,2026-07-19 11:42:20
TATAMOTORS,Mar 2013,ROCE,26.92,VALID,EBIT / Capital Employed * 100,profitandloss + balancesheet,EXCELLENT,1.0,2026-07-19 11:42:20
TATAMOTORS,Mar 2013,ROA,5.93,VALID,PAT / Total Assets * 100,profitandloss + balancesheet,AVERAGE,1.0,2026-07-19 11:42:20
TATAMOTORS,Mar 2014,NPM,6.03,VALID,Net Profit / Sales * 100,profitandloss,AVERAGE,1.0,2026-07-19 11:42:20
TATAMOTORS,Mar 2014,OPM,14.97,VALID,Operating Profit / Sales * 100,profitandloss,AVERAGE,1.0,2026-07-19 11:42:20
TATAMOTORS,Mar 2014,ROE,21.42,VALID,PAT / (Equity + Reserves) * 100,profitandloss + balancesheet,EXCELLENT,1.0,2026-07-19 11:42:20
TATAMOTORS,Mar 2014,ROCE,27.61,VALID,EBIT / Capital Employed * 100,profitandloss + balancesheet,EXCELLENT,1.0,2026-07-19 11:42:20
TATAMOTORS,Mar 2014,ROA,6.43,VALID,PAT / Total Assets * 100,profitandloss + balancesheet,AVERAGE,1.0,2026-07-19 11:42:20
TATAMOTORS,Mar 2015,NPM,5.35,VALID,Net Profit / Sales * 100,profitandloss,AVERAGE,1.0,2026-07-19 11:42:20
TATAMOTORS,Mar 2015,OPM,14.91,VALID,Operating Profit / Sales * 100,profitandloss,AVERAGE,1.0,2026-07-19 11:42:20
TATAMOTORS,Mar 2015,ROE,25.01,VALID,PAT / (Equity + Reserves) * 100,profitandloss + balancesheet,EXCELLENT,1.0,2026-07-19 11:42:20
TATAMOTORS,Mar 2015,ROCE,30.21,VALID,EBIT / Capital Employed * 100,profitandloss + balancesheet,EXCELLENT,1.0,2026-07-19 11:42:20
TATAMOTORS,Mar 2015,ROA,5.93,VALID,PAT / Total Assets * 100,profitandloss + balancesheet,AVERAGE,1.0,2026-07-19 11:42:20
TATAMOTORS,Mar 2016,NPM,4.28,VALID,Net Profit / Sales * 100,profitandloss,WEAK,1.0,2026-07-19 11:42:20
TATAMOTORS,Mar 2016,OPM,14.06,VALID,Operating Profit / Sales * 100,profitandloss,AVERAGE,1.0,2026-07-19 11:42:20
TATAMOTORS,Mar 2016,ROE,14.79,VALID,PAT / (Equity + Reserves) * 100,profitandloss + balancesheet,AVERAGE,1.0,2026-07-19 11:42:20
TATAMOTORS,Mar 2016,ROCE,25.89,VALID,EBIT / Capital Employed * 100,profitandloss + balancesheet,EXCELLENT,1.0,2026-07-19 11:42:20
TATAMOTORS,Mar 2016,ROA,4.44,VALID,PAT / Total Assets * 100,profitandloss + balancesheet,WEAK,1.0,2026-07-19 11:42:20
TATAMOTORS,Mar 2017,NPM,2.8,VALID,Net Profit / Sales * 100,profitandloss,WEAK,1.0,2026-07-19 11:42:20
TATAMOTORS,Mar 2017,OPM,10.97,VALID,Operating Profit / Sales * 100,profitandloss,AVERAGE,1.0,2026-07-19 11:42:20
TATAMOTORS,Mar 2017,ROE,13.02,VALID,PAT / (Equity + Reserves) * 100,profitandloss + balancesheet,AVERAGE,1.0,2026-07-19 11:42:20
TATAMOTORS,Mar 2017,ROCE,21.65,VALID,EBIT / Capital Employed * 100,profitandloss + balancesheet,EXCELLENT,1.0,2026-07-19 11:42:20
TATAMOTORS,Mar 2017,ROA,2.77,VALID,PAT / Total Assets * 100,profitandloss + balancesheet,WEAK,1.0,2026-07-19 11:42:20
TATAMOTORS,Mar 2018,NPM,3.12,VALID,Net Profit / Sales * 100,profitandloss,WEAK,1.0,2026-07-19 11:42:20
TATAMOTORS,Mar 2018,OPM,10.79,VALID,Operating Profit / Sales * 100,profitandloss,AVERAGE,1.0,2026-07-19 11:42:20
TATAMOTORS,Mar 2018,ROE,9.53,VALID,PAT / (Equity + Reserves) * 100,profitandloss + balancesheet,WEAK,1.0,2026-07-19 11:42:20
TATAMOTORS,Mar 2018,ROCE,17.06,VALID,EBIT / Capital Employed * 100,profitandloss + balancesheet,GOOD,1.0,2026-07-19 11:42:20
TATAMOTORS,Mar 2018,ROA,2.78,VALID,PAT / Total Assets * 100,profitandloss + balancesheet,WEAK,1.0,2026-07-19 11:42:20
TATAMOTORS,Mar 2019,NPM,-9.51,VALID,Net Profit / Sales * 100,profitandloss,WEAK,1.0,2026-07-19 11:42:20
TATAMOTORS,Mar 2019,OPM,8.17,VALID,Operating Profit / Sales * 100,profitandloss,WEAK,1.0,2026-07-19 11:42:20
TATAMOTORS,Mar 2019,ROE,-47.73,VALID,PAT / (Equity + Reserves) * 100,profitandloss + balancesheet,WEAK,1.0,2026-07-19 11:42:20
TATAMOTORS,Mar 2019,ROCE,14.83,VALID,EBIT / Capital Employed * 100,profitandloss + balancesheet,AVERAGE,1.0,2026-07-19 11:42:20
TATAMOTORS,Mar 2019,ROA,-9.4,VALID,PAT / Total Assets * 100,profitandloss + balancesheet,WEAK,1.0,2026-07-19 11:42:20
TATAMOTORS,Mar 2020,NPM,-4.59,VALID,Net Profit / Sales * 100,profitandloss,WEAK,1.0,2026-07-19 11:42:20
TATAMOTORS,Mar 2020,OPM,6.89,VALID,Operating Profit / Sales * 100,profitandloss,WEAK,1.0,2026-07-19 11:42:20
TATAMOTORS,Mar 2020,ROE,-18.98,VALID,PAT / (Equity + Reserves) * 100,profitandloss + balancesheet,WEAK,1.0,2026-07-19 11:42:20
TATAMOTORS,Mar 2020,ROCE,9.57,VALID,EBIT / Capital Employed * 100,profitandloss + balancesheet,WEAK,1.0,2026-07-19 11:42:20
TATAMOTORS,Mar 2020,ROA,-3.74,VALID,PAT / Total Assets * 100,profitandloss + balancesheet,WEAK,1.0,2026-07-19 11:42:20
TATAMOTORS,Mar 2021,NPM,-5.36,VALID,Net Profit / Sales * 100,profitandloss,WEAK,1.0,2026-07-19 11:42:20
TATAMOTORS,Mar 2021,OPM,12.93,VALID,Operating Profit / Sales * 100,profitandloss,AVERAGE,1.0,2026-07-19 11:42:20
TATAMOTORS,Mar 2021,ROE,-24.25,VALID,PAT / (Equity + Reserves) * 100,profitandloss + balancesheet,WEAK,1.0,2026-07-19 11:42:20
TATAMOTORS,Mar 2021,ROCE,16.36,VALID,EBIT / Capital Employed * 100,profitandloss + balancesheet,GOOD,1.0,2026-07-19 11:42:20
TATAMOTORS,Mar 2021,ROA,-3.92,VALID,PAT / Total Assets * 100,profitandloss + balancesheet,WEAK,1.0,2026-07-19 11:42:20
TATAMOTORS,Mar 2022,NPM,-4.06,VALID,Net Profit / Sales * 100,profitandloss,WEAK,1.0,2026-07-19 11:42:20
TATAMOTORS,Mar 2022,OPM,8.88,VALID,Operating Profit / Sales * 100,profitandloss,WEAK,1.0,2026-07-19 11:42:20
TATAMOTORS,Mar 2022,ROE,-25.38,VALID,PAT / (Equity + Reserves) * 100,profitandloss + balancesheet,WEAK,1.0,2026-07-19 11:42:20
TATAMOTORS,Mar 2022,ROCE,12.94,VALID,EBIT / Capital Employed * 100,profitandloss + balancesheet,AVERAGE,1.0,2026-07-19 11:42:20
TATAMOTORS,Mar 2022,ROA,-3.44,VALID,PAT / Total Assets * 100,profitandloss + balancesheet,WEAK,1.0,2026-07-19 11:42:20
TATAMOTORS,Mar 2023,NPM,0.78,VALID,Net Profit / Sales * 100,profitandloss,WEAK,1.0,2026-07-19 11:42:20
TATAMOTORS,Mar 2023,OPM,9.2,VALID,Operating Profit / Sales * 100,profitandloss,WEAK,1.0,2026-07-19 11:42:20
TATAMOTORS,Mar 2023,ROE,5.94,VALID,PAT / (Equity + Reserves) * 100,profitandloss + balancesheet,WEAK,1.0,2026-07-19 11:42:20
TATAMOTORS,Mar 2023,ROCE,17.73,VALID,EBIT / Capital Employed * 100,profitandloss + balancesheet,GOOD,1.0,2026-07-19 11:42:20
TATAMOTORS,Mar 2023,ROA,0.8,VALID,PAT / Total Assets * 100,profitandloss + balancesheet,WEAK,1.0,2026-07-19 11:42:20
TATAMOTORS,Mar 2024,NPM,7.26,VALID,Net Profit / Sales * 100,profitandloss,AVERAGE,1.0,2026-07-19 11:42:20
TATAMOTORS,Mar 2024,OPM,13.6,VALID,Operating Profit / Sales * 100,profitandloss,AVERAGE,1.0,2026-07-19 11:42:20
TATAMOTORS,Mar 2024,ROE,37.46,VALID,PAT / (Equity + Reserves) * 100,profitandloss + balancesheet,EXCELLENT,1.0,2026-07-19 11:42:20
TATAMOTORS,Mar 2024,ROCE,30.98,VALID,EBIT / Capital Employed * 100,profitandloss + balancesheet,EXCELLENT,1.0,2026-07-19 11:42:20
TATAMOTORS,Mar 2024,ROA,8.61,VALID,PAT / Total Assets * 100,profitandloss + balancesheet,AVERAGE,1.0,2026-07-19 11:42:20
TATAPOWER,Mar 2013,NPM,0.37,VALID,Net Profit / Sales * 100,profitandloss,WEAK,1.0,2026-07-19 11:42:20
TATAPOWER,Mar 2013,OPM,16.86,VALID,Operating Profit / Sales * 100,profitandloss,GOOD,1.0,2026-07-19 11:42:20
TATAPOWER,Mar 2013,ROE,1.0,VALID,PAT / (Equity + Reserves) * 100,profitandloss + balancesheet,WEAK,1.0,2026-07-19 11:42:20
TATAPOWER,Mar 2013,ROCE,11.14,VALID,EBIT / Capital Employed * 100,profitandloss + balancesheet,AVERAGE,1.0,2026-07-19 11:42:20
TATAPOWER,Mar 2013,ROA,0.18,VALID,PAT / Total Assets * 100,profitandloss + balancesheet,WEAK,1.0,2026-07-19 11:42:20
TATAPOWER,Mar 2014,NPM,0.03,VALID,Net Profit / Sales * 100,profitandloss,WEAK,1.0,2026-07-19 11:42:20
TATAPOWER,Mar 2014,OPM,19.36,VALID,Operating Profit / Sales * 100,profitandloss,GOOD,1.0,2026-07-19 11:42:20
TATAPOWER,Mar 2014,ROE,0.1,VALID,PAT / (Equity + Reserves) * 100,profitandloss + balancesheet,WEAK,1.0,2026-07-19 11:42:20
TATAPOWER,Mar 2014,ROCE,13.15,VALID,EBIT / Capital Employed * 100,profitandloss + balancesheet,AVERAGE,1.0,2026-07-19 11:42:20
TATAPOWER,Mar 2014,ROA,0.02,VALID,PAT / Total Assets * 100,profitandloss + balancesheet,WEAK,1.0,2026-07-19 11:42:20
TATAPOWER,Mar 2015,NPM,1.36,VALID,Net Profit / Sales * 100,profitandloss,WEAK,1.0,2026-07-19 11:42:20
TATAPOWER,Mar 2015,OPM,18.76,VALID,Operating Profit / Sales * 100,profitandloss,GOOD,1.0,2026-07-19 11:42:20
TATAPOWER,Mar 2015,ROE,3.19,VALID,PAT / (Equity + Reserves) * 100,profitandloss + balancesheet,WEAK,1.0,2026-07-19 11:42:20
TATAPOWER,Mar 2015,ROCE,11.47,VALID,EBIT / Capital Employed * 100,profitandloss + balancesheet,AVERAGE,1.0,2026-07-19 11:42:20
TATAPOWER,Mar 2015,ROA,0.61,VALID,PAT / Total Assets * 100,profitandloss + balancesheet,WEAK,1.0,2026-07-19 11:42:20
TATAPOWER,Mar 2016,NPM,2.66,VALID,Net Profit / Sales * 100,profitandloss,WEAK,1.0,2026-07-19 11:42:20
TATAPOWER,Mar 2016,OPM,7.14,VALID,Operating Profit / Sales * 100,profitandloss,WEAK,1.0,2026-07-19 11:42:20
TATAPOWER,Mar 2016,ROE,6.76,VALID,PAT / (Equity + Reserves) * 100,profitandloss + balancesheet,WEAK,1.0,2026-07-19 11:42:20
TATAPOWER,Mar 2016,ROCE,4.17,VALID,EBIT / Capital Employed * 100,profitandloss + balancesheet,WEAK,1.0,2026-07-19 11:42:20
TATAPOWER,Mar 2016,ROA,1.12,VALID,PAT / Total Assets * 100,profitandloss + balancesheet,WEAK,1.0,2026-07-19 11:42:20
TATAPOWER,Mar 2017,NPM,3.99,VALID,Net Profit / Sales * 100,profitandloss,WEAK,1.0,2026-07-19 11:42:20
TATAPOWER,Mar 2017,OPM,19.84,VALID,Operating Profit / Sales * 100,profitandloss,GOOD,1.0,2026-07-19 11:42:20
TATAPOWER,Mar 2017,ROE,8.32,VALID,PAT / (Equity + Reserves) * 100,profitandloss + balancesheet,WEAK,1.0,2026-07-19 11:42:20
TATAPOWER,Mar 2017,ROCE,8.82,VALID,EBIT / Capital Employed * 100,profitandloss + balancesheet,WEAK,1.0,2026-07-19 11:42:20
TATAPOWER,Mar 2017,ROA,1.33,VALID,PAT / Total Assets * 100,profitandloss + balancesheet,WEAK,1.0,2026-07-19 11:42:20
TATAPOWER,Mar 2018,NPM,9.73,VALID,Net Profit / Sales * 100,profitandloss,AVERAGE,1.0,2026-07-19 11:42:20
TATAPOWER,Mar 2018,OPM,8.55,VALID,Operating Profit / Sales * 100,profitandloss,WEAK,1.0,2026-07-19 11:42:20
TATAPOWER,Mar 2018,ROE,15.92,VALID,PAT / (Equity + Reserves) * 100,profitandloss + balancesheet,GOOD,1.0,2026-07-19 11:42:20
TATAPOWER,Mar 2018,ROCE,3.53,VALID,EBIT / Capital Employed * 100,profitandloss + balancesheet,WEAK,1.0,2026-07-19 11:42:20
TATAPOWER,Mar 2018,ROA,3.19,VALID,PAT / Total Assets * 100,profitandloss + balancesheet,WEAK,1.0,2026-07-19 11:42:20
TATAPOWER,Mar 2019,NPM,8.72,VALID,Net Profit / Sales * 100,profitandloss,AVERAGE,1.0,2026-07-19 11:42:20
TATAPOWER,Mar 2019,OPM,10.27,VALID,Operating Profit / Sales * 100,profitandloss,AVERAGE,1.0,2026-07-19 11:42:20
TATAPOWER,Mar 2019,ROE,14.24,VALID,PAT / (Equity + Reserves) * 100,profitandloss + balancesheet,AVERAGE,1.0,2026-07-19 11:42:20
TATAPOWER,Mar 2019,ROCE,4.6,VALID,EBIT / Capital Employed * 100,profitandloss + balancesheet,WEAK,1.0,2026-07-19 11:42:20
TATAPOWER,Mar 2019,ROA,3.1,VALID,PAT / Total Assets * 100,profitandloss + balancesheet,WEAK,1.0,2026-07-19 11:42:20
TATAPOWER,Mar 2020,NPM,4.52,VALID,Net Profit / Sales * 100,profitandloss,WEAK,1.0,2026-07-19 11:42:20
TATAPOWER,Mar 2020,OPM,23.36,VALID,Operating Profit / Sales * 100,profitandloss,GOOD,1.0,2026-07-19 11:42:20
TATAPOWER,Mar 2020,ROE,6.73,VALID,PAT / (Equity + Reserves) * 100,profitandloss + balancesheet,WEAK,1.0,2026-07-19 11:42:20
TATAPOWER,Mar 2020,ROCE,9.52,VALID,EBIT / Capital Employed * 100,profitandloss + balancesheet,WEAK,1.0,2026-07-19 11:42:20
TATAPOWER,Mar 2020,ROA,1.47,VALID,PAT / Total Assets * 100,profitandloss + balancesheet,WEAK,1.0,2026-07-19 11:42:20
TATAPOWER,Mar 2021,NPM,4.4,VALID,Net Profit / Sales * 100,profitandloss,WEAK,1.0,2026-07-19 11:42:20
TATAPOWER,Mar 2021,OPM,21.16,VALID,Operating Profit / Sales * 100,profitandloss,GOOD,1.0,2026-07-19 11:42:20
TATAPOWER,Mar 2021,ROE,6.45,VALID,PAT / (Equity + Reserves) * 100,profitandloss + balancesheet,WEAK,1.0,2026-07-19 11:42:20
TATAPOWER,Mar 2021,ROCE,10.03,VALID,EBIT / Capital Employed * 100,profitandloss + balancesheet,AVERAGE,1.0,2026-07-19 11:42:20
TATAPOWER,Mar 2021,ROA,1.46,VALID,PAT / Total Assets * 100,profitandloss + balancesheet,WEAK,1.0,2026-07-19 11:42:20
TATAPOWER,Mar 2022,NPM,5.04,VALID,Net Profit / Sales * 100,profitandloss,AVERAGE,1.0,2026-07-19 11:42:20
TATAPOWER,Mar 2022,OPM,16.42,VALID,Operating Profit / Sales * 100,profitandloss,GOOD,1.0,2026-07-19 11:42:20
TATAPOWER,Mar 2022,ROE,9.61,VALID,PAT / (Equity + Reserves) * 100,profitandloss + balancesheet,WEAK,1.0,2026-07-19 11:42:20
TATAPOWER,Mar 2022,ROCE,9.55,VALID,EBIT / Capital Employed * 100,profitandloss + balancesheet,WEAK,1.0,2026-07-19 11:42:20
TATAPOWER,Mar 2022,ROA,1.92,VALID,PAT / Total Assets * 100,profitandloss + balancesheet,WEAK,1.0,2026-07-19 11:42:20
TATAPOWER,Mar 2023,NPM,6.91,VALID,Net Profit / Sales * 100,profitandloss,AVERAGE,1.0,2026-07-19 11:42:20
TATAPOWER,Mar 2023,OPM,14.02,VALID,Operating Profit / Sales * 100,profitandloss,AVERAGE,1.0,2026-07-19 11:42:20
TATAPOWER,Mar 2023,ROE,13.23,VALID,PAT / (Equity + Reserves) * 100,profitandloss + balancesheet,AVERAGE,1.0,2026-07-19 11:42:20
TATAPOWER,Mar 2023,ROCE,9.46,VALID,EBIT / Capital Employed * 100,profitandloss + balancesheet,WEAK,1.0,2026-07-19 11:42:20
TATAPOWER,Mar 2023,ROA,2.97,VALID,PAT / Total Assets * 100,profitandloss + balancesheet,WEAK,1.0,2026-07-19 11:42:20
TATAPOWER,Mar 2024,NPM,6.97,VALID,Net Profit / Sales * 100,profitandloss,AVERAGE,1.0,2026-07-19 11:42:20
TATAPOWER,Mar 2024,OPM,17.47,VALID,Operating Profit / Sales * 100,profitandloss,GOOD,1.0,2026-07-19 11:42:20
TATAPOWER,Mar 2024,ROE,13.23,VALID,PAT / (Equity + Reserves) * 100,profitandloss + balancesheet,AVERAGE,1.0,2026-07-19 11:42:20
TATAPOWER,Mar 2024,ROCE,12.48,VALID,EBIT / Capital Employed * 100,profitandloss + balancesheet,AVERAGE,1.0,2026-07-19 11:42:20
TATAPOWER,Mar 2024,ROA,3.08,VALID,PAT / Total Assets * 100,profitandloss + balancesheet,WEAK,1.0,2026-07-19 11:42:20
TATASTEEL,Mar 2013,NPM,-5.4,VALID,Net Profit / Sales * 100,profitandloss,WEAK,1.0,2026-07-19 11:42:20
TATASTEEL,Mar 2013,OPM,2.94,VALID,Operating Profit / Sales * 100,profitandloss,WEAK,1.0,2026-07-19 11:42:20
TATASTEEL,Mar 2013,ROE,-21.28,VALID,PAT / (Equity + Reserves) * 100,profitandloss + balancesheet,WEAK,1.0,2026-07-19 11:42:20
TATASTEEL,Mar 2013,ROCE,3.86,VALID,EBIT / Capital Employed * 100,profitandloss + balancesheet,WEAK,1.0,2026-07-19 11:42:20
TATASTEEL,Mar 2013,ROA,-4.95,VALID,PAT / Total Assets * 100,profitandloss + balancesheet,WEAK,1.0,2026-07-19 11:42:20
TATASTEEL,Mar 2014,NPM,2.47,VALID,Net Profit / Sales * 100,profitandloss,WEAK,1.0,2026-07-19 11:42:20
TATASTEEL,Mar 2014,OPM,10.89,VALID,Operating Profit / Sales * 100,profitandloss,AVERAGE,1.0,2026-07-19 11:42:20
TATASTEEL,Mar 2014,ROE,9.04,VALID,PAT / (Equity + Reserves) * 100,profitandloss + balancesheet,WEAK,1.0,2026-07-19 11:42:20
TATASTEEL,Mar 2014,ROCE,13.25,VALID,EBIT / Capital Employed * 100,profitandloss + balancesheet,AVERAGE,1.0,2026-07-19 11:42:20
TATASTEEL,Mar 2014,ROA,2.14,VALID,PAT / Total Assets * 100,profitandloss + balancesheet,WEAK,1.0,2026-07-19 11:42:20
TATASTEEL,Mar 2015,NPM,-2.82,VALID,Net Profit / Sales * 100,profitandloss,WEAK,1.0,2026-07-19 11:42:20
TATASTEEL,Mar 2015,OPM,2.44,VALID,Operating Profit / Sales * 100,profitandloss,WEAK,1.0,2026-07-19 11:42:20
TATASTEEL,Mar 2015,ROE,-12.56,VALID,PAT / (Equity + Reserves) * 100,profitandloss + balancesheet,WEAK,1.0,2026-07-19 11:42:20
TATASTEEL,Mar 2015,ROCE,3.04,VALID,EBIT / Capital Employed * 100,profitandloss + balancesheet,WEAK,1.0,2026-07-19 11:42:20
TATASTEEL,Mar 2015,ROA,-2.48,VALID,PAT / Total Assets * 100,profitandloss + balancesheet,WEAK,1.0,2026-07-19 11:42:20
TATASTEEL,Mar 2016,NPM,-0.49,VALID,Net Profit / Sales * 100,profitandloss,WEAK,1.0,2026-07-19 11:42:20
TATASTEEL,Mar 2016,OPM,-0.61,VALID,Operating Profit / Sales * 100,profitandloss,WEAK,1.0,2026-07-19 11:42:20
TATASTEEL,Mar 2016,ROE,-1.14,VALID,PAT / (Equity + Reserves) * 100,profitandloss + balancesheet,WEAK,1.0,2026-07-19 11:42:20
TATASTEEL,Mar 2016,ROCE,-0.5,VALID,EBIT / Capital Employed * 100,profitandloss + balancesheet,WEAK,1.0,2026-07-19 11:42:20
TATASTEEL,Mar 2016,ROA,-0.28,VALID,PAT / Total Assets * 100,profitandloss + balancesheet,WEAK,1.0,2026-07-19 11:42:20
TATASTEEL,Mar 2017,NPM,-3.71,VALID,Net Profit / Sales * 100,profitandloss,WEAK,1.0,2026-07-19 11:42:20
TATASTEEL,Mar 2017,OPM,11.7,VALID,Operating Profit / Sales * 100,profitandloss,AVERAGE,1.0,2026-07-19 11:42:20
TATASTEEL,Mar 2017,ROE,-11.02,VALID,PAT / (Equity + Reserves) * 100,profitandloss + balancesheet,WEAK,1.0,2026-07-19 11:42:20
TATASTEEL,Mar 2017,ROCE,10.88,VALID,EBIT / Capital Employed * 100,profitandloss + balancesheet,AVERAGE,1.0,2026-07-19 11:42:20
TATASTEEL,Mar 2017,ROA,-2.42,VALID,PAT / Total Assets * 100,profitandloss + balancesheet,WEAK,1.0,2026-07-19 11:42:20
TATASTEEL,Mar 2018,NPM,14.4,VALID,Net Profit / Sales * 100,profitandloss,GOOD,1.0,2026-07-19 11:42:20
TATASTEEL,Mar 2018,OPM,17.39,VALID,Operating Profit / Sales * 100,profitandloss,GOOD,1.0,2026-07-19 11:42:20
TATASTEEL,Mar 2018,ROE,29.15,VALID,PAT / (Equity + Reserves) * 100,profitandloss + balancesheet,EXCELLENT,1.0,2026-07-19 11:42:20
TATASTEEL,Mar 2018,ROCE,14.01,VALID,EBIT / Capital Employed * 100,profitandloss + balancesheet,AVERAGE,1.0,2026-07-19 11:42:20
TATASTEEL,Mar 2018,ROA,8.5,VALID,PAT / Total Assets * 100,profitandloss + balancesheet,AVERAGE,1.0,2026-07-19 11:42:20
TATASTEEL,Mar 2019,NPM,5.79,VALID,Net Profit / Sales * 100,profitandloss,AVERAGE,1.0,2026-07-19 11:42:20
TATASTEEL,Mar 2019,OPM,18.59,VALID,Operating Profit / Sales * 100,profitandloss,GOOD,1.0,2026-07-19 11:42:20
TATASTEEL,Mar 2019,ROE,13.23,VALID,PAT / (Equity + Reserves) * 100,profitandloss + balancesheet,AVERAGE,1.0,2026-07-19 11:42:20
TATASTEEL,Mar 2019,ROCE,17.27,VALID,EBIT / Capital Employed * 100,profitandloss + balancesheet,GOOD,1.0,2026-07-19 11:42:20
TATASTEEL,Mar 2019,ROA,3.92,VALID,PAT / Total Assets * 100,profitandloss + balancesheet,WEAK,1.0,2026-07-19 11:42:20
TATASTEEL,Mar 2020,NPM,0.84,VALID,Net Profit / Sales * 100,profitandloss,WEAK,1.0,2026-07-19 11:42:20
TATASTEEL,Mar 2020,OPM,12.49,VALID,Operating Profit / Sales * 100,profitandloss,AVERAGE,1.0,2026-07-19 11:42:20
TATASTEEL,Mar 2020,ROE,1.6,VALID,PAT / (Equity + Reserves) * 100,profitandloss + balancesheet,WEAK,1.0,2026-07-19 11:42:20
TATASTEEL,Mar 2020,ROCE,9.2,VALID,EBIT / Capital Employed * 100,profitandloss + balancesheet,WEAK,1.0,2026-07-19 11:42:20
TATASTEEL,Mar 2020,ROA,0.47,VALID,PAT / Total Assets * 100,profitandloss + balancesheet,WEAK,1.0,2026-07-19 11:42:20
TATASTEEL,Mar 2021,NPM,5.24,VALID,Net Profit / Sales * 100,profitandloss,AVERAGE,1.0,2026-07-19 11:42:20
TATASTEEL,Mar 2021,OPM,19.52,VALID,Operating Profit / Sales * 100,profitandloss,GOOD,1.0,2026-07-19 11:42:20
TATASTEEL,Mar 2021,ROE,11.03,VALID,PAT / (Equity + Reserves) * 100,profitandloss + balancesheet,AVERAGE,1.0,2026-07-19 11:42:20
TATASTEEL,Mar 2021,ROCE,18.74,VALID,EBIT / Capital Employed * 100,profitandloss + balancesheet,GOOD,1.0,2026-07-19 11:42:20
TATASTEEL,Mar 2021,ROA,3.36,VALID,PAT / Total Assets * 100,profitandloss + balancesheet,WEAK,1.0,2026-07-19 11:42:20
TATASTEEL,Mar 2022,NPM,17.11,VALID,Net Profit / Sales * 100,profitandloss,EXCELLENT,1.0,2026-07-19 11:42:20
TATASTEEL,Mar 2022,OPM,26.02,VALID,Operating Profit / Sales * 100,profitandloss,EXCELLENT,1.0,2026-07-19 11:42:20
TATASTEEL,Mar 2022,ROE,36.48,VALID,PAT / (Equity + Reserves) * 100,profitandloss + balancesheet,EXCELLENT,1.0,2026-07-19 11:42:20
TATASTEEL,Mar 2022,ROCE,33.42,VALID,EBIT / Capital Employed * 100,profitandloss + balancesheet,EXCELLENT,1.0,2026-07-19 11:42:20
TATASTEEL,Mar 2022,ROA,14.78,VALID,PAT / Total Assets * 100,profitandloss + balancesheet,GOOD,1.0,2026-07-19 11:42:20
TATASTEEL,Mar 2023,NPM,3.32,VALID,Net Profit / Sales * 100,profitandloss,WEAK,1.0,2026-07-19 11:42:20
TATASTEEL,Mar 2023,OPM,13.27,VALID,Operating Profit / Sales * 100,profitandloss,AVERAGE,1.0,2026-07-19 11:42:20
TATASTEEL,Mar 2023,ROE,7.83,VALID,PAT / (Equity + Reserves) * 100,profitandloss + balancesheet,WEAK,1.0,2026-07-19 11:42:20
TATASTEEL,Mar 2023,ROCE,17.18,VALID,EBIT / Capital Employed * 100,profitandloss + balancesheet,GOOD,1.0,2026-07-19 11:42:20
TATASTEEL,Mar 2023,ROA,2.83,VALID,PAT / Total Assets * 100,profitandloss + balancesheet,WEAK,1.0,2026-07-19 11:42:20
TATASTEEL,Mar 2024,NPM,-2.14,VALID,Net Profit / Sales * 100,profitandloss,WEAK,1.0,2026-07-19 11:42:20
TATASTEEL,Mar 2024,OPM,9.71,VALID,Operating Profit / Sales * 100,profitandloss,WEAK,1.0,2026-07-19 11:42:20
TATASTEEL,Mar 2024,ROE,-5.33,VALID,PAT / (Equity + Reserves) * 100,profitandloss + balancesheet,WEAK,1.0,2026-07-19 11:42:20
TATASTEEL,Mar 2024,ROCE,12.42,VALID,EBIT / Capital Employed * 100,profitandloss + balancesheet,AVERAGE,1.0,2026-07-19 11:42:20
TATASTEEL,Mar 2024,ROA,-1.82,VALID,PAT / Total Assets * 100,profitandloss + balancesheet,WEAK,1.0,2026-07-19 11:42:20
TCS,Mar 2013,NPM,22.35,VALID,Net Profit / Sales * 100,profitandloss,EXCELLENT,1.0,2026-07-19 11:42:20
TCS,Mar 2013,OPM,28.64,VALID,Operating Profit / Sales * 100,profitandloss,EXCELLENT,1.0,2026-07-19 11:42:20
TCS,Mar 2013,ROE,36.52,VALID,PAT / (Equity + Reserves) * 100,profitandloss + balancesheet,EXCELLENT,1.0,2026-07-19 11:42:20
TCS,Mar 2013,ROCE,46.4,VALID,EBIT / Capital Employed * 100,profitandloss + balancesheet,EXCELLENT,1.0,2026-07-19 11:42:20
TCS,Mar 2013,ROA,27.1,VALID,PAT / Total Assets * 100,profitandloss + balancesheet,EXCELLENT,1.0,2026-07-19 11:42:20
TCS,Mar 2014,NPM,23.63,VALID,Net Profit / Sales * 100,profitandloss,EXCELLENT,1.0,2026-07-19 11:42:20
TCS,Mar 2014,OPM,30.75,VALID,Operating Profit / Sales * 100,profitandloss,EXCELLENT,1.0,2026-07-19 11:42:20
TCS,Mar 2014,ROE,39.3,VALID,PAT / (Equity + Reserves) * 100,profitandloss + balancesheet,EXCELLENT,1.0,2026-07-19 11:42:20
TCS,Mar 2014,ROCE,50.82,VALID,EBIT / Capital Employed * 100,profitandloss + balancesheet,EXCELLENT,1.0,2026-07-19 11:42:20
TCS,Mar 2014,ROA,28.93,VALID,PAT / Total Assets * 100,profitandloss + balancesheet,EXCELLENT,1.0,2026-07-19 11:42:20
TCS,Mar 2015,NPM,21.19,VALID,Net Profit / Sales * 100,profitandloss,EXCELLENT,1.0,2026-07-19 11:42:20
TCS,Mar 2015,OPM,25.87,VALID,Operating Profit / Sales * 100,profitandloss,EXCELLENT,1.0,2026-07-19 11:42:20
TCS,Mar 2015,ROE,39.62,VALID,PAT / (Equity + Reserves) * 100,profitandloss + balancesheet,EXCELLENT,1.0,2026-07-19 11:42:20
TCS,Mar 2015,ROCE,48.01,VALID,EBIT / Capital Employed * 100,profitandloss + balancesheet,EXCELLENT,1.0,2026-07-19 11:42:20
TCS,Mar 2015,ROA,27.36,VALID,PAT / Total Assets * 100,profitandloss + balancesheet,EXCELLENT,1.0,2026-07-19 11:42:20
TCS,Mar 2016,NPM,22.4,VALID,Net Profit / Sales * 100,profitandloss,EXCELLENT,1.0,2026-07-19 11:42:20
TCS,Mar 2016,OPM,28.24,VALID,Operating Profit / Sales * 100,profitandloss,EXCELLENT,1.0,2026-07-19 11:42:20
TCS,Mar 2016,ROE,34.24,VALID,PAT / (Equity + Reserves) * 100,profitandloss + balancesheet,EXCELLENT,1.0,2026-07-19 11:42:20
TCS,Mar 2016,ROCE,43.01,VALID,EBIT / Capital Employed * 100,profitandloss + balancesheet,EXCELLENT,1.0,2026-07-19 11:42:20
TCS,Mar 2016,ROA,27.57,VALID,PAT / Total Assets * 100,profitandloss + balancesheet,EXCELLENT,1.0,2026-07-19 11:42:20
TCS,Mar 2017,NPM,22.34,VALID,Net Profit / Sales * 100,profitandloss,EXCELLENT,1.0,2026-07-19 11:42:20
TCS,Mar 2017,OPM,27.39,VALID,Operating Profit / Sales * 100,profitandloss,EXCELLENT,1.0,2026-07-19 11:42:20
TCS,Mar 2017,ROE,30.57,VALID,PAT / (Equity + Reserves) * 100,profitandloss + balancesheet,EXCELLENT,1.0,2026-07-19 11:42:20
TCS,Mar 2017,ROCE,37.35,VALID,EBIT / Capital Employed * 100,profitandloss + balancesheet,EXCELLENT,1.0,2026-07-19 11:42:20
TCS,Mar 2017,ROA,25.76,VALID,PAT / Total Assets * 100,profitandloss + balancesheet,EXCELLENT,1.0,2026-07-19 11:42:20
TCS,Mar 2018,NPM,21.02,VALID,Net Profit / Sales * 100,profitandloss,EXCELLENT,1.0,2026-07-19 11:42:20
TCS,Mar 2018,OPM,26.41,VALID,Operating Profit / Sales * 100,profitandloss,EXCELLENT,1.0,2026-07-19 11:42:20
TCS,Mar 2018,ROE,30.4,VALID,PAT / (Equity + Reserves) * 100,profitandloss + balancesheet,EXCELLENT,1.0,2026-07-19 11:42:20
TCS,Mar 2018,ROCE,38.09,VALID,EBIT / Capital Employed * 100,profitandloss + balancesheet,EXCELLENT,1.0,2026-07-19 11:42:20
TCS,Mar 2018,ROA,24.62,VALID,PAT / Total Assets * 100,profitandloss + balancesheet,EXCELLENT,1.0,2026-07-19 11:42:20
TCS,Mar 2019,NPM,21.55,VALID,Net Profit / Sales * 100,profitandloss,EXCELLENT,1.0,2026-07-19 11:42:20
TCS,Mar 2019,OPM,26.97,VALID,Operating Profit / Sales * 100,profitandloss,EXCELLENT,1.0,2026-07-19 11:42:20
TCS,Mar 2019,ROE,35.29,VALID,PAT / (Equity + Reserves) * 100,profitandloss + balancesheet,EXCELLENT,1.0,2026-07-19 11:42:20
TCS,Mar 2019,ROCE,44.14,VALID,EBIT / Capital Employed * 100,profitandloss + balancesheet,EXCELLENT,1.0,2026-07-19 11:42:20
TCS,Mar 2019,ROA,27.71,VALID,PAT / Total Assets * 100,profitandloss + balancesheet,EXCELLENT,1.0,2026-07-19 11:42:20
TCS,Mar 2020,NPM,20.67,VALID,Net Profit / Sales * 100,profitandloss,EXCELLENT,1.0,2026-07-19 11:42:20
TCS,Mar 2020,OPM,26.83,VALID,Operating Profit / Sales * 100,profitandloss,EXCELLENT,1.0,2026-07-19 11:42:20
TCS,Mar 2020,ROE,38.57,VALID,PAT / (Equity + Reserves) * 100,profitandloss + balancesheet,EXCELLENT,1.0,2026-07-19 11:42:20
TCS,Mar 2020,ROCE,45.62,VALID,EBIT / Capital Employed * 100,profitandloss + balancesheet,EXCELLENT,1.0,2026-07-19 11:42:20
TCS,Mar 2020,ROA,27.01,VALID,PAT / Total Assets * 100,profitandloss + balancesheet,EXCELLENT,1.0,2026-07-19 11:42:20
TCS,Mar 2021,NPM,19.83,VALID,Net Profit / Sales * 100,profitandloss,EXCELLENT,1.0,2026-07-19 11:42:20
TCS,Mar 2021,OPM,28.35,VALID,Operating Profit / Sales * 100,profitandloss,EXCELLENT,1.0,2026-07-19 11:42:20
TCS,Mar 2021,ROE,37.67,VALID,PAT / (Equity + Reserves) * 100,profitandloss + balancesheet,EXCELLENT,1.0,2026-07-19 11:42:20
TCS,Mar 2021,ROCE,49.4,VALID,EBIT / Capital Employed * 100,profitandloss + balancesheet,EXCELLENT,1.0,2026-07-19 11:42:20
TCS,Mar 2021,ROA,25.05,VALID,PAT / Total Assets * 100,profitandloss + balancesheet,EXCELLENT,1.0,2026-07-19 11:42:20
TCS,Mar 2022,NPM,20.05,VALID,Net Profit / Sales * 100,profitandloss,EXCELLENT,1.0,2026-07-19 11:42:20
TCS,Mar 2022,OPM,27.67,VALID,Operating Profit / Sales * 100,profitandloss,EXCELLENT,1.0,2026-07-19 11:42:20
TCS,Mar 2022,ROE,43.13,VALID,PAT / (Equity + Reserves) * 100,profitandloss + balancesheet,EXCELLENT,1.0,2026-07-19 11:42:20
TCS,Mar 2022,ROCE,54.72,VALID,EBIT / Capital Employed * 100,profitandloss + balancesheet,EXCELLENT,1.0,2026-07-19 11:42:20
TCS,Mar 2022,ROA,27.28,VALID,PAT / Total Assets * 100,profitandloss + balancesheet,EXCELLENT,1.0,2026-07-19 11:42:20
TCS,Mar 2023,NPM,18.76,VALID,Net Profit / Sales * 100,profitandloss,EXCELLENT,1.0,2026-07-19 11:42:20
TCS,Mar 2023,OPM,26.28,VALID,Operating Profit / Sales * 100,profitandloss,EXCELLENT,1.0,2026-07-19 11:42:20
TCS,Mar 2023,ROE,46.78,VALID,PAT / (Equity + Reserves) * 100,profitandloss + balancesheet,EXCELLENT,1.0,2026-07-19 11:42:20
TCS,Mar 2023,ROCE,60.4,VALID,EBIT / Capital Employed * 100,profitandloss + balancesheet,EXCELLENT,1.0,2026-07-19 11:42:20
TCS,Mar 2023,ROA,29.61,VALID,PAT / Total Assets * 100,profitandloss + balancesheet,EXCELLENT,1.0,2026-07-19 11:42:20
TCS,Mar 2024,NPM,19.14,VALID,Net Profit / Sales * 100,profitandloss,EXCELLENT,1.0,2026-07-19 11:42:20
TCS,Mar 2024,OPM,26.69,VALID,Operating Profit / Sales * 100,profitandloss,EXCELLENT,1.0,2026-07-19 11:42:20
TCS,Mar 2024,ROE,50.94,VALID,PAT / (Equity + Reserves) * 100,profitandloss + balancesheet,EXCELLENT,1.0,2026-07-19 11:42:20
TCS,Mar 2024,ROCE,65.27,VALID,EBIT / Capital Employed * 100,profitandloss + balancesheet,EXCELLENT,1.0,2026-07-19 11:42:20
TCS,Mar 2024,ROA,31.69,VALID,PAT / Total Assets * 100,profitandloss + balancesheet,EXCELLENT,1.0,2026-07-19 11:42:20
TECHM,Mar 2013,NPM,19.02,VALID,Net Profit / Sales * 100,profitandloss,EXCELLENT,1.0,2026-07-19 11:42:20
TECHM,Mar 2013,OPM,20.69,VALID,Operating Profit / Sales * 100,profitandloss,GOOD,1.0,2026-07-19 11:42:20
TECHM,Mar 2013,ROE,24.09,VALID,PAT / (Equity + Reserves) * 100,profitandloss + balancesheet,EXCELLENT,1.0,2026-07-19 11:42:20
TECHM,Mar 2013,ROCE,20.89,VALID,EBIT / Capital Employed * 100,profitandloss + balancesheet,EXCELLENT,1.0,2026-07-19 11:42:20
TECHM,Mar 2013,ROA,14.55,VALID,PAT / Total Assets * 100,profitandloss + balancesheet,GOOD,1.0,2026-07-19 11:42:20
TECHM,Mar 2014,NPM,16.29,VALID,Net Profit / Sales * 100,profitandloss,EXCELLENT,1.0,2026-07-19 11:42:20
TECHM,Mar 2014,OPM,22.19,VALID,Operating Profit / Sales * 100,profitandloss,GOOD,1.0,2026-07-19 11:42:20
TECHM,Mar 2014,ROE,33.35,VALID,PAT / (Equity + Reserves) * 100,profitandloss + balancesheet,EXCELLENT,1.0,2026-07-19 11:42:20
TECHM,Mar 2014,ROCE,43.71,VALID,EBIT / Capital Employed * 100,profitandloss + balancesheet,EXCELLENT,1.0,2026-07-19 11:42:20
TECHM,Mar 2014,ROA,19.21,VALID,PAT / Total Assets * 100,profitandloss + balancesheet,EXCELLENT,1.0,2026-07-19 11:42:20
TECHM,Mar 2015,NPM,11.75,VALID,Net Profit / Sales * 100,profitandloss,GOOD,1.0,2026-07-19 11:42:20
TECHM,Mar 2015,OPM,18.54,VALID,Operating Profit / Sales * 100,profitandloss,GOOD,1.0,2026-07-19 11:42:20
TECHM,Mar 2015,ROE,21.71,VALID,PAT / (Equity + Reserves) * 100,profitandloss + balancesheet,EXCELLENT,1.0,2026-07-19 11:42:20
TECHM,Mar 2015,ROCE,32.38,VALID,EBIT / Capital Employed * 100,profitandloss + balancesheet,EXCELLENT,1.0,2026-07-19 11:42:20
TECHM,Mar 2015,ROA,13.4,VALID,PAT / Total Assets * 100,profitandloss + balancesheet,GOOD,1.0,2026-07-19 11:42:20
TECHM,Mar 2016,NPM,11.43,VALID,Net Profit / Sales * 100,profitandloss,GOOD,1.0,2026-07-19 11:42:20
TECHM,Mar 2016,OPM,16.08,VALID,Operating Profit / Sales * 100,profitandloss,GOOD,1.0,2026-07-19 11:42:20
TECHM,Mar 2016,ROE,20.75,VALID,PAT / (Equity + Reserves) * 100,profitandloss + balancesheet,EXCELLENT,1.0,2026-07-19 11:42:20
TECHM,Mar 2016,ROCE,27.16,VALID,EBIT / Capital Employed * 100,profitandloss + balancesheet,EXCELLENT,1.0,2026-07-19 11:42:20
TECHM,Mar 2016,ROA,13.44,VALID,PAT / Total Assets * 100,profitandloss + balancesheet,GOOD,1.0,2026-07-19 11:42:20
TECHM,Mar 2017,NPM,9.78,VALID,Net Profit / Sales * 100,profitandloss,AVERAGE,1.0,2026-07-19 11:42:20
TECHM,Mar 2017,OPM,14.36,VALID,Operating Profit / Sales * 100,profitandloss,AVERAGE,1.0,2026-07-19 11:42:20
TECHM,Mar 2017,ROE,17.35,VALID,PAT / (Equity + Reserves) * 100,profitandloss + balancesheet,GOOD,1.0,2026-07-19 11:42:20
TECHM,Mar 2017,ROCE,23.5,VALID,EBIT / Capital Employed * 100,profitandloss + balancesheet,EXCELLENT,1.0,2026-07-19 11:42:20
TECHM,Mar 2017,ROA,10.94,VALID,PAT / Total Assets * 100,profitandloss + balancesheet,GOOD,1.0,2026-07-19 11:42:20
TECHM,Mar 2018,NPM,12.3,VALID,Net Profit / Sales * 100,profitandloss,GOOD,1.0,2026-07-19 11:42:20
TECHM,Mar 2018,OPM,15.31,VALID,Operating Profit / Sales * 100,profitandloss,GOOD,1.0,2026-07-19 11:42:20
TECHM,Mar 2018,ROE,20.09,VALID,PAT / (Equity + Reserves) * 100,profitandloss + balancesheet,EXCELLENT,1.0,2026-07-19 11:42:20
TECHM,Mar 2018,ROCE,22.18,VALID,EBIT / Capital Employed * 100,profitandloss + balancesheet,EXCELLENT,1.0,2026-07-19 11:42:20
TECHM,Mar 2018,ROA,12.44,VALID,PAT / Total Assets * 100,profitandloss + balancesheet,GOOD,1.0,2026-07-19 11:42:20
TECHM,Mar 2019,NPM,12.35,VALID,Net Profit / Sales * 100,profitandloss,GOOD,1.0,2026-07-19 11:42:20
TECHM,Mar 2019,OPM,18.05,VALID,Operating Profit / Sales * 100,profitandloss,GOOD,1.0,2026-07-19 11:42:20
TECHM,Mar 2019,ROE,21.14,VALID,PAT / (Equity + Reserves) * 100,profitandloss + balancesheet,EXCELLENT,1.0,2026-07-19 11:42:20
TECHM,Mar 2019,ROCE,28.15,VALID,EBIT / Capital Employed * 100,profitandloss + balancesheet,EXCELLENT,1.0,2026-07-19 11:42:20
TECHM,Mar 2019,ROA,12.82,VALID,PAT / Total Assets * 100,profitandloss + balancesheet,GOOD,1.0,2026-07-19 11:42:20
TECHM,Mar 2020,NPM,10.57,VALID,Net Profit / Sales * 100,profitandloss,GOOD,1.0,2026-07-19 11:42:20
TECHM,Mar 2020,OPM,14.93,VALID,Operating Profit / Sales * 100,profitandloss,AVERAGE,1.0,2026-07-19 11:42:20
TECHM,Mar 2020,ROE,17.87,VALID,PAT / (Equity + Reserves) * 100,profitandloss + balancesheet,GOOD,1.0,2026-07-19 11:42:20
TECHM,Mar 2020,ROCE,21.59,VALID,EBIT / Capital Employed * 100,profitandloss + balancesheet,EXCELLENT,1.0,2026-07-19 11:42:20
TECHM,Mar 2020,ROA,10.44,VALID,PAT / Total Assets * 100,profitandloss + balancesheet,GOOD,1.0,2026-07-19 11:42:20
TECHM,Mar 2021,NPM,11.5,VALID,Net Profit / Sales * 100,profitandloss,GOOD,1.0,2026-07-19 11:42:20
TECHM,Mar 2021,OPM,17.95,VALID,Operating Profit / Sales * 100,profitandloss,GOOD,1.0,2026-07-19 11:42:20
TECHM,Mar 2021,ROE,17.51,VALID,PAT / (Equity + Reserves) * 100,profitandloss + balancesheet,GOOD,1.0,2026-07-19 11:42:20
TECHM,Mar 2021,ROCE,24.48,VALID,EBIT / Capital Employed * 100,profitandloss + balancesheet,EXCELLENT,1.0,2026-07-19 11:42:20
TECHM,Mar 2021,ROA,10.99,VALID,PAT / Total Assets * 100,profitandloss + balancesheet,GOOD,1.0,2026-07-19 11:42:20
TECHM,Mar 2022,NPM,12.61,VALID,Net Profit / Sales * 100,profitandloss,GOOD,1.0,2026-07-19 11:42:20
TECHM,Mar 2022,OPM,17.96,VALID,Operating Profit / Sales * 100,profitandloss,GOOD,1.0,2026-07-19 11:42:20
TECHM,Mar 2022,ROE,20.94,VALID,PAT / (Equity + Reserves) * 100,profitandloss + balancesheet,EXCELLENT,1.0,2026-07-19 11:42:20
TECHM,Mar 2022,ROCE,27.18,VALID,EBIT / Capital Employed * 100,profitandloss + balancesheet,EXCELLENT,1.0,2026-07-19 11:42:20
TECHM,Mar 2022,ROA,12.68,VALID,PAT / Total Assets * 100,profitandloss + balancesheet,GOOD,1.0,2026-07-19 11:42:20
TECHM,Mar 2023,NPM,9.11,VALID,Net Profit / Sales * 100,profitandloss,AVERAGE,1.0,2026-07-19 11:42:20
TECHM,Mar 2023,OPM,14.57,VALID,Operating Profit / Sales * 100,profitandloss,AVERAGE,1.0,2026-07-19 11:42:20
TECHM,Mar 2023,ROE,17.39,VALID,PAT / (Equity + Reserves) * 100,profitandloss + balancesheet,GOOD,1.0,2026-07-19 11:42:20
TECHM,Mar 2023,ROCE,25.32,VALID,EBIT / Capital Employed * 100,profitandloss + balancesheet,EXCELLENT,1.0,2026-07-19 11:42:20
TECHM,Mar 2023,ROA,10.6,VALID,PAT / Total Assets * 100,profitandloss + balancesheet,GOOD,1.0,2026-07-19 11:42:20
TECHM,Mar 2024,NPM,4.61,VALID,Net Profit / Sales * 100,profitandloss,WEAK,1.0,2026-07-19 11:42:20
TECHM,Mar 2024,OPM,8.67,VALID,Operating Profit / Sales * 100,profitandloss,WEAK,1.0,2026-07-19 11:42:20
TECHM,Mar 2024,ROE,8.99,VALID,PAT / (Equity + Reserves) * 100,profitandloss + balancesheet,WEAK,1.0,2026-07-19 11:42:20
TECHM,Mar 2024,ROCE,15.43,VALID,EBIT / Capital Employed * 100,profitandloss + balancesheet,GOOD,1.0,2026-07-19 11:42:20
TECHM,Mar 2024,ROA,5.56,VALID,PAT / Total Assets * 100,profitandloss + balancesheet,AVERAGE,1.0,2026-07-19 11:42:20
TITAN,Mar 2013,NPM,7.16,VALID,Net Profit / Sales * 100,profitandloss,AVERAGE,1.0,2026-07-19 11:42:20
TITAN,Mar 2013,OPM,10.02,VALID,Operating Profit / Sales * 100,profitandloss,AVERAGE,1.0,2026-07-19 11:42:20
TITAN,Mar 2013,ROE,36.8,VALID,PAT / (Equity + Reserves) * 100,profitandloss + balancesheet,EXCELLENT,1.0,2026-07-19 11:42:20
TITAN,Mar 2013,ROCE,51.47,VALID,EBIT / Capital Employed * 100,profitandloss + balancesheet,EXCELLENT,1.0,2026-07-19 11:42:20
TITAN,Mar 2013,ROA,12.32,VALID,PAT / Total Assets * 100,profitandloss + balancesheet,GOOD,1.0,2026-07-19 11:42:20
TITAN,Mar 2014,NPM,6.73,VALID,Net Profit / Sales * 100,profitandloss,AVERAGE,1.0,2026-07-19 11:42:20
TITAN,Mar 2014,OPM,9.58,VALID,Operating Profit / Sales * 100,profitandloss,WEAK,1.0,2026-07-19 11:42:20
TITAN,Mar 2014,ROE,29.13,VALID,PAT / (Equity + Reserves) * 100,profitandloss + balancesheet,EXCELLENT,1.0,2026-07-19 11:42:20
TITAN,Mar 2014,ROCE,31.44,VALID,EBIT / Capital Employed * 100,profitandloss + balancesheet,EXCELLENT,1.0,2026-07-19 11:42:20
TITAN,Mar 2014,ROA,12.03,VALID,PAT / Total Assets * 100,profitandloss + balancesheet,GOOD,1.0,2026-07-19 11:42:20
TITAN,Mar 2015,NPM,6.85,VALID,Net Profit / Sales * 100,profitandloss,AVERAGE,1.0,2026-07-19 11:42:20
TITAN,Mar 2015,OPM,9.68,VALID,Operating Profit / Sales * 100,profitandloss,WEAK,1.0,2026-07-19 11:42:20
TITAN,Mar 2015,ROE,26.46,VALID,PAT / (Equity + Reserves) * 100,profitandloss + balancesheet,EXCELLENT,1.0,2026-07-19 11:42:20
TITAN,Mar 2015,ROCE,36.21,VALID,EBIT / Capital Employed * 100,profitandloss + balancesheet,EXCELLENT,1.0,2026-07-19 11:42:20
TITAN,Mar 2015,ROA,13.91,VALID,PAT / Total Assets * 100,profitandloss + balancesheet,GOOD,1.0,2026-07-19 11:42:20
TITAN,Mar 2016,NPM,5.99,VALID,Net Profit / Sales * 100,profitandloss,AVERAGE,1.0,2026-07-19 11:42:20
TITAN,Mar 2016,OPM,8.33,VALID,Operating Profit / Sales * 100,profitandloss,WEAK,1.0,2026-07-19 11:42:20
TITAN,Mar 2016,ROE,19.25,VALID,PAT / (Equity + Reserves) * 100,profitandloss + balancesheet,GOOD,1.0,2026-07-19 11:42:20
TITAN,Mar 2016,ROCE,25.94,VALID,EBIT / Capital Employed * 100,profitandloss + balancesheet,EXCELLENT,1.0,2026-07-19 11:42:20
TITAN,Mar 2016,ROA,10.64,VALID,PAT / Total Assets * 100,profitandloss + balancesheet,GOOD,1.0,2026-07-19 11:42:20
TITAN,Mar 2017,NPM,5.26,VALID,Net Profit / Sales * 100,profitandloss,AVERAGE,1.0,2026-07-19 11:42:20
TITAN,Mar 2017,OPM,8.78,VALID,Operating Profit / Sales * 100,profitandloss,WEAK,1.0,2026-07-19 11:42:20
TITAN,Mar 2017,ROE,16.47,VALID,PAT / (Equity + Reserves) * 100,profitandloss + balancesheet,GOOD,1.0,2026-07-19 11:42:20
TITAN,Mar 2017,ROCE,19.04,VALID,EBIT / Capital Employed * 100,profitandloss + balancesheet,GOOD,1.0,2026-07-19 11:42:20
TITAN,Mar 2017,ROA,8.29,VALID,PAT / Total Assets * 100,profitandloss + balancesheet,AVERAGE,1.0,2026-07-19 11:42:20
TITAN,Mar 2018,NPM,6.84,VALID,Net Profit / Sales * 100,profitandloss,AVERAGE,1.0,2026-07-19 11:42:20
TITAN,Mar 2018,OPM,10.2,VALID,Operating Profit / Sales * 100,profitandloss,AVERAGE,1.0,2026-07-19 11:42:20
TITAN,Mar 2018,ROE,21.65,VALID,PAT / (Equity + Reserves) * 100,profitandloss + balancesheet,EXCELLENT,1.0,2026-07-19 11:42:20
TITAN,Mar 2018,ROCE,24.24,VALID,EBIT / Capital Employed * 100,profitandloss + balancesheet,EXCELLENT,1.0,2026-07-19 11:42:20
TITAN,Mar 2018,ROA,11.57,VALID,PAT / Total Assets * 100,profitandloss + balancesheet,GOOD,1.0,2026-07-19 11:42:20
TITAN,Mar 2019,NPM,7.02,VALID,Net Profit / Sales * 100,profitandloss,AVERAGE,1.0,2026-07-19 11:42:20
TITAN,Mar 2019,OPM,10.08,VALID,Operating Profit / Sales * 100,profitandloss,AVERAGE,1.0,2026-07-19 11:42:20
TITAN,Mar 2019,ROE,22.88,VALID,PAT / (Equity + Reserves) * 100,profitandloss + balancesheet,EXCELLENT,1.0,2026-07-19 11:42:20
TITAN,Mar 2019,ROCE,23.56,VALID,EBIT / Capital Employed * 100,profitandloss + balancesheet,EXCELLENT,1.0,2026-07-19 11:42:20
TITAN,Mar 2019,ROA,11.86,VALID,PAT / Total Assets * 100,profitandloss + balancesheet,GOOD,1.0,2026-07-19 11:42:20
TITAN,Mar 2020,NPM,7.09,VALID,Net Profit / Sales * 100,profitandloss,AVERAGE,1.0,2026-07-19 11:42:20
TITAN,Mar 2020,OPM,11.7,VALID,Operating Profit / Sales * 100,profitandloss,AVERAGE,1.0,2026-07-19 11:42:20
TITAN,Mar 2020,ROE,22.39,VALID,PAT / (Equity + Reserves) * 100,profitandloss + balancesheet,EXCELLENT,1.0,2026-07-19 11:42:20
TITAN,Mar 2020,ROCE,24.07,VALID,EBIT / Capital Employed * 100,profitandloss + balancesheet,EXCELLENT,1.0,2026-07-19 11:42:20
TITAN,Mar 2020,ROA,11.02,VALID,PAT / Total Assets * 100,profitandloss + balancesheet,GOOD,1.0,2026-07-19 11:42:20
TITAN,Mar 2021,NPM,4.5,VALID,Net Profit / Sales * 100,profitandloss,WEAK,1.0,2026-07-19 11:42:20
TITAN,Mar 2021,OPM,7.97,VALID,Operating Profit / Sales * 100,profitandloss,WEAK,1.0,2026-07-19 11:42:20
TITAN,Mar 2021,ROE,12.99,VALID,PAT / (Equity + Reserves) * 100,profitandloss + balancesheet,AVERAGE,1.0,2026-07-19 11:42:20
TITAN,Mar 2021,ROCE,13.13,VALID,EBIT / Capital Employed * 100,profitandloss + balancesheet,AVERAGE,1.0,2026-07-19 11:42:20
TITAN,Mar 2021,ROA,5.92,VALID,PAT / Total Assets * 100,profitandloss + balancesheet,AVERAGE,1.0,2026-07-19 11:42:20
TITAN,Mar 2022,NPM,7.63,VALID,Net Profit / Sales * 100,profitandloss,AVERAGE,1.0,2026-07-19 11:42:20
TITAN,Mar 2022,OPM,11.61,VALID,Operating Profit / Sales * 100,profitandloss,AVERAGE,1.0,2026-07-19 11:42:20
TITAN,Mar 2022,ROE,23.63,VALID,PAT / (Equity + Reserves) * 100,profitandloss + balancesheet,EXCELLENT,1.0,2026-07-19 11:42:20
TITAN,Mar 2022,ROCE,20.17,VALID,EBIT / Capital Employed * 100,profitandloss + balancesheet,EXCELLENT,1.0,2026-07-19 11:42:20
TITAN,Mar 2022,ROA,10.37,VALID,PAT / Total Assets * 100,profitandloss + balancesheet,GOOD,1.0,2026-07-19 11:42:20
TITAN,Mar 2023,NPM,8.07,VALID,Net Profit / Sales * 100,profitandloss,AVERAGE,1.0,2026-07-19 11:42:20
TITAN,Mar 2023,OPM,12.03,VALID,Operating Profit / Sales * 100,profitandloss,AVERAGE,1.0,2026-07-19 11:42:20
TITAN,Mar 2023,ROE,27.63,VALID,PAT / (Equity + Reserves) * 100,profitandloss + balancesheet,EXCELLENT,1.0,2026-07-19 11:42:20
TITAN,Mar 2023,ROCE,23.01,VALID,EBIT / Capital Employed * 100,profitandloss + balancesheet,EXCELLENT,1.0,2026-07-19 11:42:20
TITAN,Mar 2023,ROA,12.12,VALID,PAT / Total Assets * 100,profitandloss + balancesheet,GOOD,1.0,2026-07-19 11:42:20
TITAN,Mar 2024,NPM,6.84,VALID,Net Profit / Sales * 100,profitandloss,AVERAGE,1.0,2026-07-19 11:42:20
TITAN,Mar 2024,OPM,10.36,VALID,Operating Profit / Sales * 100,profitandloss,AVERAGE,1.0,2026-07-19 11:42:20
TITAN,Mar 2024,ROE,37.22,VALID,PAT / (Equity + Reserves) * 100,profitandloss + balancesheet,EXCELLENT,1.0,2026-07-19 11:42:20
TITAN,Mar 2024,ROCE,21.24,VALID,EBIT / Capital Employed * 100,profitandloss + balancesheet,EXCELLENT,1.0,2026-07-19 11:42:20
TITAN,Mar 2024,ROA,11.08,VALID,PAT / Total Assets * 100,profitandloss + balancesheet,GOOD,1.0,2026-07-19 11:42:20
TORNTPHARM,Mar 2013,NPM,13.58,VALID,Net Profit / Sales * 100,profitandloss,GOOD,1.0,2026-07-19 11:42:20
TORNTPHARM,Mar 2013,OPM,21.76,VALID,Operating Profit / Sales * 100,profitandloss,GOOD,1.0,2026-07-19 11:42:20
TORNTPHARM,Mar 2013,ROE,30.59,VALID,PAT / (Equity + Reserves) * 100,profitandloss + balancesheet,EXCELLENT,1.0,2026-07-19 11:42:20
TORNTPHARM,Mar 2013,ROCE,32.96,VALID,EBIT / Capital Employed * 100,profitandloss + balancesheet,EXCELLENT,1.0,2026-07-19 11:42:20
TORNTPHARM,Mar 2013,ROA,11.59,VALID,PAT / Total Assets * 100,profitandloss + balancesheet,GOOD,1.0,2026-07-19 11:42:20
TORNTPHARM,Mar 2014,NPM,15.92,VALID,Net Profit / Sales * 100,profitandloss,EXCELLENT,1.0,2026-07-19 11:42:20
TORNTPHARM,Mar 2014,OPM,22.89,VALID,Operating Profit / Sales * 100,profitandloss,GOOD,1.0,2026-07-19 11:42:20
TORNTPHARM,Mar 2014,ROE,34.89,VALID,PAT / (Equity + Reserves) * 100,profitandloss + balancesheet,EXCELLENT,1.0,2026-07-19 11:42:20
TORNTPHARM,Mar 2014,ROCE,31.47,VALID,EBIT / Capital Employed * 100,profitandloss + balancesheet,EXCELLENT,1.0,2026-07-19 11:42:20
TORNTPHARM,Mar 2014,ROA,13.22,VALID,PAT / Total Assets * 100,profitandloss + balancesheet,GOOD,1.0,2026-07-19 11:42:20
TORNTPHARM,Mar 2015,NPM,16.2,VALID,Net Profit / Sales * 100,profitandloss,EXCELLENT,1.0,2026-07-19 11:42:20
TORNTPHARM,Mar 2015,OPM,22.0,VALID,Operating Profit / Sales * 100,profitandloss,GOOD,1.0,2026-07-19 11:42:20
TORNTPHARM,Mar 2015,ROE,30.15,VALID,PAT / (Equity + Reserves) * 100,profitandloss + balancesheet,EXCELLENT,1.0,2026-07-19 11:42:20
TORNTPHARM,Mar 2015,ROCE,19.5,VALID,EBIT / Capital Employed * 100,profitandloss + balancesheet,GOOD,1.0,2026-07-19 11:42:20
TORNTPHARM,Mar 2015,ROA,9.6,VALID,PAT / Total Assets * 100,profitandloss + balancesheet,AVERAGE,1.0,2026-07-19 11:42:20
TORNTPHARM,Mar 2016,NPM,25.92,VALID,Net Profit / Sales * 100,profitandloss,EXCELLENT,1.0,2026-07-19 11:42:20
TORNTPHARM,Mar 2016,OPM,40.87,VALID,Operating Profit / Sales * 100,profitandloss,EXCELLENT,1.0,2026-07-19 11:42:20
TORNTPHARM,Mar 2016,ROE,49.6,VALID,PAT / (Equity + Reserves) * 100,profitandloss + balancesheet,EXCELLENT,1.0,2026-07-19 11:42:20
TORNTPHARM,Mar 2016,ROCE,46.75,VALID,EBIT / Capital Employed * 100,profitandloss + balancesheet,EXCELLENT,1.0,2026-07-19 11:42:20
TORNTPHARM,Mar 2016,ROA,19.5,VALID,PAT / Total Assets * 100,profitandloss + balancesheet,EXCELLENT,1.0,2026-07-19 11:42:20
TORNTPHARM,Mar 2017,NPM,16.06,VALID,Net Profit / Sales * 100,profitandloss,EXCELLENT,1.0,2026-07-19 11:42:20
TORNTPHARM,Mar 2017,OPM,23.68,VALID,Operating Profit / Sales * 100,profitandloss,GOOD,1.0,2026-07-19 11:42:20
TORNTPHARM,Mar 2017,ROE,21.47,VALID,PAT / (Equity + Reserves) * 100,profitandloss + balancesheet,EXCELLENT,1.0,2026-07-19 11:42:20
TORNTPHARM,Mar 2017,ROCE,20.07,VALID,EBIT / Capital Employed * 100,profitandloss + balancesheet,EXCELLENT,1.0,2026-07-19 11:42:20
TORNTPHARM,Mar 2017,ROA,9.73,VALID,PAT / Total Assets * 100,profitandloss + balancesheet,AVERAGE,1.0,2026-07-19 11:42:20
TORNTPHARM,Mar 2018,NPM,11.39,VALID,Net Profit / Sales * 100,profitandloss,GOOD,1.0,2026-07-19 11:42:20
TORNTPHARM,Mar 2018,OPM,22.67,VALID,Operating Profit / Sales * 100,profitandloss,GOOD,1.0,2026-07-19 11:42:20
TORNTPHARM,Mar 2018,ROE,14.67,VALID,PAT / (Equity + Reserves) * 100,profitandloss + balancesheet,AVERAGE,1.0,2026-07-19 11:42:20
TORNTPHARM,Mar 2018,ROCE,12.17,VALID,EBIT / Capital Employed * 100,profitandloss + balancesheet,AVERAGE,1.0,2026-07-19 11:42:20
TORNTPHARM,Mar 2018,ROA,4.76,VALID,PAT / Total Assets * 100,profitandloss + balancesheet,WEAK,1.0,2026-07-19 11:42:20
TORNTPHARM,Mar 2019,NPM,5.68,VALID,Net Profit / Sales * 100,profitandloss,AVERAGE,1.0,2026-07-19 11:42:20
TORNTPHARM,Mar 2019,OPM,25.84,VALID,Operating Profit / Sales * 100,profitandloss,EXCELLENT,1.0,2026-07-19 11:42:20
TORNTPHARM,Mar 2019,ROE,9.23,VALID,PAT / (Equity + Reserves) * 100,profitandloss + balancesheet,WEAK,1.0,2026-07-19 11:42:20
TORNTPHARM,Mar 2019,ROCE,18.42,VALID,EBIT / Capital Employed * 100,profitandloss + balancesheet,GOOD,1.0,2026-07-19 11:42:20
TORNTPHARM,Mar 2019,ROA,3.09,VALID,PAT / Total Assets * 100,profitandloss + balancesheet,WEAK,1.0,2026-07-19 11:42:20
TORNTPHARM,Mar 2020,NPM,12.91,VALID,Net Profit / Sales * 100,profitandloss,GOOD,1.0,2026-07-19 11:42:20
TORNTPHARM,Mar 2020,OPM,27.33,VALID,Operating Profit / Sales * 100,profitandloss,EXCELLENT,1.0,2026-07-19 11:42:20
TORNTPHARM,Mar 2020,ROE,21.25,VALID,PAT / (Equity + Reserves) * 100,profitandloss + balancesheet,EXCELLENT,1.0,2026-07-19 11:42:20
TORNTPHARM,Mar 2020,ROCE,20.46,VALID,EBIT / Capital Employed * 100,profitandloss + balancesheet,EXCELLENT,1.0,2026-07-19 11:42:20
TORNTPHARM,Mar 2020,ROA,7.32,VALID,PAT / Total Assets * 100,profitandloss + balancesheet,AVERAGE,1.0,2026-07-19 11:42:20
TORNTPHARM,Mar 2021,NPM,15.64,VALID,Net Profit / Sales * 100,profitandloss,EXCELLENT,1.0,2026-07-19 11:42:20
TORNTPHARM,Mar 2021,OPM,30.98,VALID,Operating Profit / Sales * 100,profitandloss,EXCELLENT,1.0,2026-07-19 11:42:20
TORNTPHARM,Mar 2021,ROE,21.45,VALID,PAT / (Equity + Reserves) * 100,profitandloss + balancesheet,EXCELLENT,1.0,2026-07-19 11:42:20
TORNTPHARM,Mar 2021,ROCE,23.15,VALID,EBIT / Capital Employed * 100,profitandloss + balancesheet,EXCELLENT,1.0,2026-07-19 11:42:20
TORNTPHARM,Mar 2021,ROA,8.9,VALID,PAT / Total Assets * 100,profitandloss + balancesheet,AVERAGE,1.0,2026-07-19 11:42:20
TORNTPHARM,Mar 2022,NPM,9.13,VALID,Net Profit / Sales * 100,profitandloss,AVERAGE,1.0,2026-07-19 11:42:20
TORNTPHARM,Mar 2022,OPM,28.57,VALID,Operating Profit / Sales * 100,profitandloss,EXCELLENT,1.0,2026-07-19 11:42:20
TORNTPHARM,Mar 2022,ROE,13.05,VALID,PAT / (Equity + Reserves) * 100,profitandloss + balancesheet,AVERAGE,1.0,2026-07-19 11:42:20
TORNTPHARM,Mar 2022,ROCE,24.25,VALID,EBIT / Capital Employed * 100,profitandloss + balancesheet,EXCELLENT,1.0,2026-07-19 11:42:20
TORNTPHARM,Mar 2022,ROA,6.02,VALID,PAT / Total Assets * 100,profitandloss + balancesheet,AVERAGE,1.0,2026-07-19 11:42:20
TORNTPHARM,Mar 2023,NPM,12.94,VALID,Net Profit / Sales * 100,profitandloss,GOOD,1.0,2026-07-19 11:42:20
TORNTPHARM,Mar 2023,OPM,29.54,VALID,Operating Profit / Sales * 100,profitandloss,EXCELLENT,1.0,2026-07-19 11:42:20
TORNTPHARM,Mar 2023,ROE,20.09,VALID,PAT / (Equity + Reserves) * 100,profitandloss + balancesheet,EXCELLENT,1.0,2026-07-19 11:42:20
TORNTPHARM,Mar 2023,ROCE,24.57,VALID,EBIT / Capital Employed * 100,profitandloss + balancesheet,EXCELLENT,1.0,2026-07-19 11:42:20
TORNTPHARM,Mar 2023,ROA,8.52,VALID,PAT / Total Assets * 100,profitandloss + balancesheet,AVERAGE,1.0,2026-07-19 11:42:20
TORNTPHARM,Mar 2024,NPM,15.44,VALID,Net Profit / Sales * 100,profitandloss,EXCELLENT,1.0,2026-07-19 11:42:20
TORNTPHARM,Mar 2024,OPM,31.39,VALID,Operating Profit / Sales * 100,profitandloss,EXCELLENT,1.0,2026-07-19 11:42:20
TORNTPHARM,Mar 2024,ROE,24.15,VALID,PAT / (Equity + Reserves) * 100,profitandloss + balancesheet,EXCELLENT,1.0,2026-07-19 11:42:20
TORNTPHARM,Mar 2024,ROCE,30.96,VALID,EBIT / Capital Employed * 100,profitandloss + balancesheet,EXCELLENT,1.0,2026-07-19 11:42:20
TORNTPHARM,Mar 2024,ROA,11.42,VALID,PAT / Total Assets * 100,profitandloss + balancesheet,GOOD,1.0,2026-07-19 11:42:20
TRENT,Mar 2013,NPM,-1.27,VALID,Net Profit / Sales * 100,profitandloss,WEAK,1.0,2026-07-19 11:42:20
TRENT,Mar 2013,OPM,0.23,VALID,Operating Profit / Sales * 100,profitandloss,WEAK,1.0,2026-07-19 11:42:20
TRENT,Mar 2013,ROE,-2.19,VALID,PAT / (Equity + Reserves) * 100,profitandloss + balancesheet,WEAK,1.0,2026-07-19 11:42:20
TRENT,Mar 2013,ROCE,0.32,VALID,EBIT / Capital Employed * 100,profitandloss + balancesheet,WEAK,1.0,2026-07-19 11:42:20
TRENT,Mar 2013,ROA,-1.22,VALID,PAT / Total Assets * 100,profitandloss + balancesheet,WEAK,1.0,2026-07-19 11:42:20
TRENT,Mar 2014,NPM,-0.81,VALID,Net Profit / Sales * 100,profitandloss,WEAK,1.0,2026-07-19 11:42:20
TRENT,Mar 2014,OPM,-0.43,VALID,Operating Profit / Sales * 100,profitandloss,WEAK,1.0,2026-07-19 11:42:20
TRENT,Mar 2014,ROE,-1.92,VALID,PAT / (Equity + Reserves) * 100,profitandloss + balancesheet,WEAK,1.0,2026-07-19 11:42:20
TRENT,Mar 2014,ROCE,-0.76,VALID,EBIT / Capital Employed * 100,profitandloss + balancesheet,WEAK,1.0,2026-07-19 11:42:20
TRENT,Mar 2014,ROA,-0.98,VALID,PAT / Total Assets * 100,profitandloss + balancesheet,WEAK,1.0,2026-07-19 11:42:20
TRENT,Mar 2015,NPM,5.65,VALID,Net Profit / Sales * 100,profitandloss,AVERAGE,1.0,2026-07-19 11:42:20
TRENT,Mar 2015,OPM,3.85,VALID,Operating Profit / Sales * 100,profitandloss,WEAK,1.0,2026-07-19 11:42:20
TRENT,Mar 2015,ROE,9.07,VALID,PAT / (Equity + Reserves) * 100,profitandloss + balancesheet,WEAK,1.0,2026-07-19 11:42:20
TRENT,Mar 2015,ROCE,5.21,VALID,EBIT / Capital Employed * 100,profitandloss + balancesheet,WEAK,1.0,2026-07-19 11:42:20
TRENT,Mar 2015,ROA,5.85,VALID,PAT / Total Assets * 100,profitandloss + balancesheet,AVERAGE,1.0,2026-07-19 11:42:20
TRENT,Mar 2016,NPM,3.26,VALID,Net Profit / Sales * 100,profitandloss,WEAK,1.0,2026-07-19 11:42:20
TRENT,Mar 2016,OPM,5.34,VALID,Operating Profit / Sales * 100,profitandloss,WEAK,1.0,2026-07-19 11:42:20
TRENT,Mar 2016,ROE,3.76,VALID,PAT / (Equity + Reserves) * 100,profitandloss + balancesheet,WEAK,1.0,2026-07-19 11:42:20
TRENT,Mar 2016,ROCE,4.83,VALID,EBIT / Capital Employed * 100,profitandloss + balancesheet,WEAK,1.0,2026-07-19 11:42:20
TRENT,Mar 2016,ROA,2.55,VALID,PAT / Total Assets * 100,profitandloss + balancesheet,WEAK,1.0,2026-07-19 11:42:20
TRENT,Mar 2017,NPM,4.69,VALID,Net Profit / Sales * 100,profitandloss,WEAK,1.0,2026-07-19 11:42:20
TRENT,Mar 2017,OPM,7.4,VALID,Operating Profit / Sales * 100,profitandloss,WEAK,1.0,2026-07-19 11:42:20
TRENT,Mar 2017,ROE,5.49,VALID,PAT / (Equity + Reserves) * 100,profitandloss + balancesheet,WEAK,1.0,2026-07-19 11:42:20
TRENT,Mar 2017,ROCE,6.91,VALID,EBIT / Capital Employed * 100,profitandloss + balancesheet,WEAK,1.0,2026-07-19 11:42:20
TRENT,Mar 2017,ROA,3.83,VALID,PAT / Total Assets * 100,profitandloss + balancesheet,WEAK,1.0,2026-07-19 11:42:20
TRENT,Mar 2018,NPM,4.03,VALID,Net Profit / Sales * 100,profitandloss,WEAK,1.0,2026-07-19 11:42:20
TRENT,Mar 2018,OPM,9.64,VALID,Operating Profit / Sales * 100,profitandloss,WEAK,1.0,2026-07-19 11:42:20
TRENT,Mar 2018,ROE,5.45,VALID,PAT / (Equity + Reserves) * 100,profitandloss + balancesheet,WEAK,1.0,2026-07-19 11:42:20
TRENT,Mar 2018,ROCE,10.47,VALID,EBIT / Capital Employed * 100,profitandloss + balancesheet,AVERAGE,1.0,2026-07-19 11:42:20
TRENT,Mar 2018,ROA,3.72,VALID,PAT / Total Assets * 100,profitandloss + balancesheet,WEAK,1.0,2026-07-19 11:42:20
TRENT,Mar 2019,NPM,3.61,VALID,Net Profit / Sales * 100,profitandloss,WEAK,1.0,2026-07-19 11:42:20
TRENT,Mar 2019,OPM,9.16,VALID,Operating Profit / Sales * 100,profitandloss,WEAK,1.0,2026-07-19 11:42:20
TRENT,Mar 2019,ROE,5.77,VALID,PAT / (Equity + Reserves) * 100,profitandloss + balancesheet,WEAK,1.0,2026-07-19 11:42:20
TRENT,Mar 2019,ROCE,11.26,VALID,EBIT / Capital Employed * 100,profitandloss + balancesheet,AVERAGE,1.0,2026-07-19 11:42:20
TRENT,Mar 2019,ROA,3.71,VALID,PAT / Total Assets * 100,profitandloss + balancesheet,WEAK,1.0,2026-07-19 11:42:20
TRENT,Mar 2020,NPM,3.04,VALID,Net Profit / Sales * 100,profitandloss,WEAK,1.0,2026-07-19 11:42:20
TRENT,Mar 2020,OPM,15.17,VALID,Operating Profit / Sales * 100,profitandloss,GOOD,1.0,2026-07-19 11:42:20
TRENT,Mar 2020,ROE,4.44,VALID,PAT / (Equity + Reserves) * 100,profitandloss + balancesheet,WEAK,1.0,2026-07-19 11:42:20
TRENT,Mar 2020,ROCE,19.68,VALID,EBIT / Capital Employed * 100,profitandloss + balancesheet,GOOD,1.0,2026-07-19 11:42:20
TRENT,Mar 2020,ROA,1.92,VALID,PAT / Total Assets * 100,profitandloss + balancesheet,WEAK,1.0,2026-07-19 11:42:20
TRENT,Mar 2021,NPM,-6.98,VALID,Net Profit / Sales * 100,profitandloss,WEAK,1.0,2026-07-19 11:42:20
TRENT,Mar 2021,OPM,4.4,VALID,Operating Profit / Sales * 100,profitandloss,WEAK,1.0,2026-07-19 11:42:20
TRENT,Mar 2021,ROE,-7.83,VALID,PAT / (Equity + Reserves) * 100,profitandloss + balancesheet,WEAK,1.0,2026-07-19 11:42:20
TRENT,Mar 2021,ROCE,4.36,VALID,EBIT / Capital Employed * 100,profitandloss + balancesheet,WEAK,1.0,2026-07-19 11:42:20
TRENT,Mar 2021,ROA,-3.16,VALID,PAT / Total Assets * 100,profitandloss + balancesheet,WEAK,1.0,2026-07-19 11:42:20
TRENT,Mar 2022,NPM,0.78,VALID,Net Profit / Sales * 100,profitandloss,WEAK,1.0,2026-07-19 11:42:20
TRENT,Mar 2022,OPM,13.23,VALID,Operating Profit / Sales * 100,profitandloss,AVERAGE,1.0,2026-07-19 11:42:20
TRENT,Mar 2022,ROE,1.48,VALID,PAT / (Equity + Reserves) * 100,profitandloss + balancesheet,WEAK,1.0,2026-07-19 11:42:20
TRENT,Mar 2022,ROCE,8.39,VALID,EBIT / Capital Employed * 100,profitandloss + balancesheet,WEAK,1.0,2026-07-19 11:42:20
TRENT,Mar 2022,ROA,0.45,VALID,PAT / Total Assets * 100,profitandloss + balancesheet,WEAK,1.0,2026-07-19 11:42:20
TRENT,Mar 2023,NPM,4.78,VALID,Net Profit / Sales * 100,profitandloss,WEAK,1.0,2026-07-19 11:42:20
TRENT,Mar 2023,OPM,13.52,VALID,Operating Profit / Sales * 100,profitandloss,AVERAGE,1.0,2026-07-19 11:42:20
TRENT,Mar 2023,ROE,15.18,VALID,PAT / (Equity + Reserves) * 100,profitandloss + balancesheet,GOOD,1.0,2026-07-19 11:42:20
TRENT,Mar 2023,ROCE,15.78,VALID,EBIT / Capital Employed * 100,profitandloss + balancesheet,GOOD,1.0,2026-07-19 11:42:20
TRENT,Mar 2023,ROA,4.88,VALID,PAT / Total Assets * 100,profitandloss + balancesheet,WEAK,1.0,2026-07-19 11:42:20
TRENT,Mar 2024,NPM,11.94,VALID,Net Profit / Sales * 100,profitandloss,GOOD,1.0,2026-07-19 11:42:20
TRENT,Mar 2024,OPM,15.93,VALID,Operating Profit / Sales * 100,profitandloss,GOOD,1.0,2026-07-19 11:42:20
TRENT,Mar 2024,ROE,36.31,VALID,PAT / (Equity + Reserves) * 100,profitandloss + balancesheet,EXCELLENT,1.0,2026-07-19 11:42:20
TRENT,Mar 2024,ROCE,33.86,VALID,EBIT / Capital Employed * 100,profitandloss + balancesheet,EXCELLENT,1.0,2026-07-19 11:42:20
TRENT,Mar 2024,ROA,20.62,VALID,PAT / Total Assets * 100,profitandloss + balancesheet,EXCELLENT,1.0,2026-07-19 11:42:20
TVSMOTOR,Mar 2013,NPM,2.64,VALID,Net Profit / Sales * 100,profitandloss,WEAK,1.0,2026-07-19 11:42:20
TVSMOTOR,Mar 2013,OPM,5.83,VALID,Operating Profit / Sales * 100,profitandloss,WEAK,1.0,2026-07-19 11:42:20
TVSMOTOR,Mar 2013,ROE,22.02,VALID,PAT / (Equity + Reserves) * 100,profitandloss + balancesheet,EXCELLENT,1.0,2026-07-19 11:42:20
TVSMOTOR,Mar 2013,ROCE,22.27,VALID,EBIT / Capital Employed * 100,profitandloss + balancesheet,EXCELLENT,1.0,2026-07-19 11:42:20
TVSMOTOR,Mar 2013,ROA,5.86,VALID,PAT / Total Assets * 100,profitandloss + balancesheet,AVERAGE,1.0,2026-07-19 11:42:20
TVSMOTOR,Mar 2014,NPM,2.23,VALID,Net Profit / Sales * 100,profitandloss,WEAK,1.0,2026-07-19 11:42:20
TVSMOTOR,Mar 2014,OPM,5.87,VALID,Operating Profit / Sales * 100,profitandloss,WEAK,1.0,2026-07-19 11:42:20
TVSMOTOR,Mar 2014,ROE,16.11,VALID,PAT / (Equity + Reserves) * 100,profitandloss + balancesheet,GOOD,1.0,2026-07-19 11:42:20
TVSMOTOR,Mar 2014,ROCE,26.05,VALID,EBIT / Capital Employed * 100,profitandloss + balancesheet,EXCELLENT,1.0,2026-07-19 11:42:20
TVSMOTOR,Mar 2014,ROA,5.15,VALID,PAT / Total Assets * 100,profitandloss + balancesheet,AVERAGE,1.0,2026-07-19 11:42:20
TVSMOTOR,Mar 2015,NPM,3.2,VALID,Net Profit / Sales * 100,profitandloss,WEAK,1.0,2026-07-19 11:42:20
TVSMOTOR,Mar 2015,OPM,5.9,VALID,Operating Profit / Sales * 100,profitandloss,WEAK,1.0,2026-07-19 11:42:20
TVSMOTOR,Mar 2015,ROE,24.75,VALID,PAT / (Equity + Reserves) * 100,profitandloss + balancesheet,EXCELLENT,1.0,2026-07-19 11:42:20
TVSMOTOR,Mar 2015,ROCE,24.75,VALID,EBIT / Capital Employed * 100,profitandloss + balancesheet,EXCELLENT,1.0,2026-07-19 11:42:20
TVSMOTOR,Mar 2015,ROA,7.18,VALID,PAT / Total Assets * 100,profitandloss + balancesheet,AVERAGE,1.0,2026-07-19 11:42:20
TVSMOTOR,Mar 2016,NPM,3.77,VALID,Net Profit / Sales * 100,profitandloss,WEAK,1.0,2026-07-19 11:42:20
TVSMOTOR,Mar 2016,OPM,7.2,VALID,Operating Profit / Sales * 100,profitandloss,WEAK,1.0,2026-07-19 11:42:20
TVSMOTOR,Mar 2016,ROE,23.58,VALID,PAT / (Equity + Reserves) * 100,profitandloss + balancesheet,EXCELLENT,1.0,2026-07-19 11:42:20
TVSMOTOR,Mar 2016,ROCE,28.14,VALID,EBIT / Capital Employed * 100,profitandloss + balancesheet,EXCELLENT,1.0,2026-07-19 11:42:20
TVSMOTOR,Mar 2016,ROA,8.34,VALID,PAT / Total Assets * 100,profitandloss + balancesheet,AVERAGE,1.0,2026-07-19 11:42:20
TVSMOTOR,Mar 2017,NPM,4.08,VALID,Net Profit / Sales * 100,profitandloss,WEAK,1.0,2026-07-19 11:42:20
TVSMOTOR,Mar 2017,OPM,6.99,VALID,Operating Profit / Sales * 100,profitandloss,WEAK,1.0,2026-07-19 11:42:20
TVSMOTOR,Mar 2017,ROE,22.96,VALID,PAT / (Equity + Reserves) * 100,profitandloss + balancesheet,EXCELLENT,1.0,2026-07-19 11:42:20
TVSMOTOR,Mar 2017,ROCE,24.69,VALID,EBIT / Capital Employed * 100,profitandloss + balancesheet,EXCELLENT,1.0,2026-07-19 11:42:20
TVSMOTOR,Mar 2017,ROA,8.31,VALID,PAT / Total Assets * 100,profitandloss + balancesheet,AVERAGE,1.0,2026-07-19 11:42:20
TVSMOTOR,Mar 2018,NPM,4.07,VALID,Net Profit / Sales * 100,profitandloss,WEAK,1.0,2026-07-19 11:42:20
TVSMOTOR,Mar 2018,OPM,9.61,VALID,Operating Profit / Sales * 100,profitandloss,WEAK,1.0,2026-07-19 11:42:20
TVSMOTOR,Mar 2018,ROE,24.83,VALID,PAT / (Equity + Reserves) * 100,profitandloss + balancesheet,EXCELLENT,1.0,2026-07-19 11:42:20
TVSMOTOR,Mar 2018,ROCE,16.35,VALID,EBIT / Capital Employed * 100,profitandloss + balancesheet,GOOD,1.0,2026-07-19 11:42:20
TVSMOTOR,Mar 2018,ROA,5.04,VALID,PAT / Total Assets * 100,profitandloss + balancesheet,AVERAGE,1.0,2026-07-19 11:42:20
TVSMOTOR,Mar 2019,NPM,3.6,VALID,Net Profit / Sales * 100,profitandloss,WEAK,1.0,2026-07-19 11:42:20
TVSMOTOR,Mar 2019,OPM,10.73,VALID,Operating Profit / Sales * 100,profitandloss,AVERAGE,1.0,2026-07-19 11:42:20
TVSMOTOR,Mar 2019,ROE,22.86,VALID,PAT / (Equity + Reserves) * 100,profitandloss + balancesheet,EXCELLENT,1.0,2026-07-19 11:42:20
TVSMOTOR,Mar 2019,ROCE,17.35,VALID,EBIT / Capital Employed * 100,profitandloss + balancesheet,GOOD,1.0,2026-07-19 11:42:20
TVSMOTOR,Mar 2019,ROA,4.34,VALID,PAT / Total Assets * 100,profitandloss + balancesheet,WEAK,1.0,2026-07-19 11:42:20
TVSMOTOR,Mar 2020,NPM,3.43,VALID,Net Profit / Sales * 100,profitandloss,WEAK,1.0,2026-07-19 11:42:20
TVSMOTOR,Mar 2020,OPM,12.01,VALID,Operating Profit / Sales * 100,profitandloss,AVERAGE,1.0,2026-07-19 11:42:20
TVSMOTOR,Mar 2020,ROE,19.71,VALID,PAT / (Equity + Reserves) * 100,profitandloss + balancesheet,GOOD,1.0,2026-07-19 11:42:20
TVSMOTOR,Mar 2020,ROCE,15.22,VALID,EBIT / Capital Employed * 100,profitandloss + balancesheet,GOOD,1.0,2026-07-19 11:42:20
TVSMOTOR,Mar 2020,ROA,3.36,VALID,PAT / Total Assets * 100,profitandloss + balancesheet,WEAK,1.0,2026-07-19 11:42:20
TVSMOTOR,Mar 2021,NPM,3.13,VALID,Net Profit / Sales * 100,profitandloss,WEAK,1.0,2026-07-19 11:42:20
TVSMOTOR,Mar 2021,OPM,11.49,VALID,Operating Profit / Sales * 100,profitandloss,AVERAGE,1.0,2026-07-19 11:42:20
TVSMOTOR,Mar 2021,ROE,15.89,VALID,PAT / (Equity + Reserves) * 100,profitandloss + balancesheet,GOOD,1.0,2026-07-19 11:42:20
TVSMOTOR,Mar 2021,ROCE,13.94,VALID,EBIT / Capital Employed * 100,profitandloss + balancesheet,AVERAGE,1.0,2026-07-19 11:42:20
TVSMOTOR,Mar 2021,ROA,2.78,VALID,PAT / Total Assets * 100,profitandloss + balancesheet,WEAK,1.0,2026-07-19 11:42:20
TVSMOTOR,Mar 2022,NPM,3.0,VALID,Net Profit / Sales * 100,profitandloss,WEAK,1.0,2026-07-19 11:42:20
TVSMOTOR,Mar 2022,OPM,11.31,VALID,Operating Profit / Sales * 100,profitandloss,AVERAGE,1.0,2026-07-19 11:42:20
TVSMOTOR,Mar 2022,ROE,16.61,VALID,PAT / (Equity + Reserves) * 100,profitandloss + balancesheet,GOOD,1.0,2026-07-19 11:42:20
TVSMOTOR,Mar 2022,ROCE,13.62,VALID,EBIT / Capital Employed * 100,profitandloss + balancesheet,AVERAGE,1.0,2026-07-19 11:42:20
TVSMOTOR,Mar 2022,ROA,2.72,VALID,PAT / Total Assets * 100,profitandloss + balancesheet,WEAK,1.0,2026-07-19 11:42:20
TVSMOTOR,Mar 2023,NPM,4.09,VALID,Net Profit / Sales * 100,profitandloss,WEAK,1.0,2026-07-19 11:42:20
TVSMOTOR,Mar 2023,OPM,12.59,VALID,Operating Profit / Sales * 100,profitandloss,AVERAGE,1.0,2026-07-19 11:42:20
TVSMOTOR,Mar 2023,ROE,23.78,VALID,PAT / (Equity + Reserves) * 100,profitandloss + balancesheet,EXCELLENT,1.0,2026-07-19 11:42:20
TVSMOTOR,Mar 2023,ROCE,14.44,VALID,EBIT / Capital Employed * 100,profitandloss + balancesheet,AVERAGE,1.0,2026-07-19 11:42:20
TVSMOTOR,Mar 2023,ROA,3.74,VALID,PAT / Total Assets * 100,profitandloss + balancesheet,WEAK,1.0,2026-07-19 11:42:20
TVSMOTOR,Mar 2024,NPM,4.54,VALID,Net Profit / Sales * 100,profitandloss,WEAK,1.0,2026-07-19 11:42:20
TVSMOTOR,Mar 2024,OPM,14.05,VALID,Operating Profit / Sales * 100,profitandloss,AVERAGE,1.0,2026-07-19 11:42:20
TVSMOTOR,Mar 2024,ROE,26.22,VALID,PAT / (Equity + Reserves) * 100,profitandloss + balancesheet,EXCELLENT,1.0,2026-07-19 11:42:20
TVSMOTOR,Mar 2024,ROCE,16.77,VALID,EBIT / Capital Employed * 100,profitandloss + balancesheet,GOOD,1.0,2026-07-19 11:42:20
TVSMOTOR,Mar 2024,ROA,4.23,VALID,PAT / Total Assets * 100,profitandloss + balancesheet,WEAK,1.0,2026-07-19 11:42:20
INDIGO,Mar 2013,NPM,8.55,VALID,Net Profit / Sales * 100,profitandloss,AVERAGE,1.0,2026-07-19 11:42:20
INDIGO,Mar 2013,OPM,90.71,OPM_MISMATCH,Operating Profit / Sales * 100,profitandloss,EXCELLENT,1.0,2026-07-19 11:42:20
INDIGO,Mar 2013,ROE,17886.36,VALID,PAT / (Equity + Reserves) * 100,profitandloss + balancesheet,EXCELLENT,1.0,2026-07-19 11:42:20
INDIGO,Mar 2013,ROCE,54207.79,VALID,EBIT / Capital Employed * 100,profitandloss + balancesheet,EXCELLENT,1.0,2026-07-19 11:42:20
INDIGO,Mar 2013,ROA,3026.92,VALID,PAT / Total Assets * 100,profitandloss + balancesheet,EXCELLENT,1.0,2026-07-19 11:42:20
INDIGO,Mar 2014,NPM,4.26,VALID,Net Profit / Sales * 100,profitandloss,WEAK,1.0,2026-07-19 11:42:20
INDIGO,Mar 2014,OPM,96.11,OPM_MISMATCH,Operating Profit / Sales * 100,profitandloss,EXCELLENT,1.0,2026-07-19 11:42:20
INDIGO,Mar 2014,ROE,10772.73,VALID,PAT / (Equity + Reserves) * 100,profitandloss + balancesheet,EXCELLENT,1.0,2026-07-19 11:42:20
INDIGO,Mar 2014,ROCE,58065.22,VALID,EBIT / Capital Employed * 100,profitandloss + balancesheet,EXCELLENT,1.0,2026-07-19 11:42:20
INDIGO,Mar 2014,ROA,1354.29,VALID,PAT / Total Assets * 100,profitandloss + balancesheet,EXCELLENT,1.0,2026-07-19 11:42:20
INDIGO,Mar 2015,NPM,9.36,VALID,Net Profit / Sales * 100,profitandloss,AVERAGE,1.0,2026-07-19 11:42:20
INDIGO,Mar 2015,OPM,86.33,OPM_MISMATCH,Operating Profit / Sales * 100,profitandloss,EXCELLENT,1.0,2026-07-19 11:42:20
INDIGO,Mar 2015,ROE,4939.39,VALID,PAT / (Equity + Reserves) * 100,profitandloss + balancesheet,EXCELLENT,1.0,2026-07-19 11:42:20
INDIGO,Mar 2015,ROCE,39546.05,VALID,EBIT / Capital Employed * 100,profitandloss + balancesheet,EXCELLENT,1.0,2026-07-19 11:42:20
INDIGO,Mar 2015,ROA,2137.7,VALID,PAT / Total Assets * 100,profitandloss + balancesheet,EXCELLENT,1.0,2026-07-19 11:42:20
INDIGO,Mar 2016,NPM,12.3,VALID,Net Profit / Sales * 100,profitandloss,GOOD,1.0,2026-07-19 11:42:20
INDIGO,Mar 2016,OPM,80.4,OPM_MISMATCH,Operating Profit / Sales * 100,profitandloss,EXCELLENT,1.0,2026-07-19 11:42:20
INDIGO,Mar 2016,ROE,1534.78,VALID,PAT / (Equity + Reserves) * 100,profitandloss + balancesheet,EXCELLENT,1.0,2026-07-19 11:42:20
INDIGO,Mar 2016,ROCE,9443.96,VALID,EBIT / Capital Employed * 100,profitandloss + balancesheet,EXCELLENT,1.0,2026-07-19 11:42:20
INDIGO,Mar 2016,ROA,1013.27,VALID,PAT / Total Assets * 100,profitandloss + balancesheet,EXCELLENT,1.0,2026-07-19 11:42:20
INDIGO,Mar 2017,NPM,8.93,VALID,Net Profit / Sales * 100,profitandloss,AVERAGE,1.0,2026-07-19 11:42:20
INDIGO,Mar 2017,OPM,88.06,OPM_MISMATCH,Operating Profit / Sales * 100,profitandloss,EXCELLENT,1.0,2026-07-19 11:42:20
INDIGO,Mar 2017,ROE,1692.86,VALID,PAT / (Equity + Reserves) * 100,profitandloss + balancesheet,EXCELLENT,1.0,2026-07-19 11:42:20
INDIGO,Mar 2017,ROCE,10908.0,VALID,EBIT / Capital Employed * 100,profitandloss + balancesheet,EXCELLENT,1.0,2026-07-19 11:42:20
INDIGO,Mar 2017,ROA,674.39,VALID,PAT / Total Assets * 100,profitandloss + balancesheet,EXCELLENT,1.0,2026-07-19 11:42:20
INDIGO,Mar 2018,NPM,9.74,VALID,Net Profit / Sales * 100,profitandloss,AVERAGE,1.0,2026-07-19 11:42:20
INDIGO,Mar 2018,OPM,86.84,OPM_MISMATCH,Operating Profit / Sales * 100,profitandloss,EXCELLENT,1.0,2026-07-19 11:42:20
INDIGO,Mar 2018,ROE,2242.0,VALID,PAT / (Equity + Reserves) * 100,profitandloss + balancesheet,EXCELLENT,1.0,2026-07-19 11:42:20
INDIGO,Mar 2018,ROCE,12981.17,VALID,EBIT / Capital Employed * 100,profitandloss + balancesheet,EXCELLENT,1.0,2026-07-19 11:42:20
INDIGO,Mar 2018,ROA,803.58,VALID,PAT / Total Assets * 100,profitandloss + balancesheet,EXCELLENT,1.0,2026-07-19 11:42:20
INDIGO,Mar 2019,NPM,0.55,VALID,Net Profit / Sales * 100,profitandloss,WEAK,1.0,2026-07-19 11:42:20
INDIGO,Mar 2019,OPM,100.53,OPM_MISMATCH,Operating Profit / Sales * 100,profitandloss,EXCELLENT,1.0,2026-07-19 11:42:20
INDIGO,Mar 2019,ROE,120.93,VALID,PAT / (Equity + Reserves) * 100,profitandloss + balancesheet,EXCELLENT,1.0,2026-07-19 11:42:20
INDIGO,Mar 2019,ROCE,13201.84,VALID,EBIT / Capital Employed * 100,profitandloss + balancesheet,EXCELLENT,1.0,2026-07-19 11:42:20
INDIGO,Mar 2019,ROA,41.82,VALID,PAT / Total Assets * 100,profitandloss + balancesheet,EXCELLENT,1.0,2026-07-19 11:42:20
INDIGO,Mar 2020,NPM,-0.69,VALID,Net Profit / Sales * 100,profitandloss,WEAK,1.0,2026-07-19 11:42:20
INDIGO,Mar 2020,OPM,88.62,OPM_MISMATCH,Operating Profit / Sales * 100,profitandloss,EXCELLENT,1.0,2026-07-19 11:42:20
INDIGO,Mar 2020,ROE,-138.55,VALID,PAT / (Equity + Reserves) * 100,profitandloss + balancesheet,WEAK,1.0,2026-07-19 11:42:20
INDIGO,Mar 2020,ROCE,12475.2,VALID,EBIT / Capital Employed * 100,profitandloss + balancesheet,EXCELLENT,1.0,2026-07-19 11:42:20
INDIGO,Mar 2020,ROA,-58.77,VALID,PAT / Total Assets * 100,profitandloss + balancesheet,WEAK,1.0,2026-07-19 11:42:20
INDIGO,Mar 2021,NPM,-42.15,VALID,Net Profit / Sales * 100,profitandloss,WEAK,1.0,2026-07-19 11:42:20
INDIGO,Mar 2021,OPM,99.98,OPM_MISMATCH,Operating Profit / Sales * 100,profitandloss,EXCELLENT,1.0,2026-07-19 11:42:20
INDIGO,Mar 2021,ROE,-1094.15,VALID,PAT / (Equity + Reserves) * 100,profitandloss + balancesheet,WEAK,1.0,2026-07-19 11:42:20
INDIGO,Mar 2021,ROCE,2554.62,VALID,EBIT / Capital Employed * 100,profitandloss + balancesheet,EXCELLENT,1.0,2026-07-19 11:42:20
INDIGO,Mar 2021,ROA,-760.91,VALID,PAT / Total Assets * 100,profitandloss + balancesheet,WEAK,1.0,2026-07-19 11:42:20
INDIGO,Mar 2022,NPM,-1.22,VALID,Net Profit / Sales * 100,profitandloss,WEAK,1.0,2026-07-19 11:42:20
INDIGO,Mar 2022,OPM,97.85,OPM_MISMATCH,Operating Profit / Sales * 100,profitandloss,EXCELLENT,1.0,2026-07-19 11:42:20
INDIGO,Mar 2022,ROE,-48.77,VALID,PAT / (Equity + Reserves) * 100,profitandloss + balancesheet,WEAK,1.0,2026-07-19 11:42:20
INDIGO,Mar 2022,ROCE,3832.78,VALID,EBIT / Capital Employed * 100,profitandloss + balancesheet,EXCELLENT,1.0,2026-07-19 11:42:20
INDIGO,Mar 2022,ROA,-34.46,VALID,PAT / Total Assets * 100,profitandloss + balancesheet,WEAK,1.0,2026-07-19 11:42:20
INDIGO,Mar 2023,NPM,-0.58,VALID,Net Profit / Sales * 100,profitandloss,WEAK,1.0,2026-07-19 11:42:20
INDIGO,Mar 2023,OPM,88.02,OPM_MISMATCH,Operating Profit / Sales * 100,profitandloss,EXCELLENT,1.0,2026-07-19 11:42:20
INDIGO,Mar 2023,ROE,-40.8,VALID,PAT / (Equity + Reserves) * 100,profitandloss + balancesheet,WEAK,1.0,2026-07-19 11:42:20
INDIGO,Mar 2023,ROCE,6074.27,VALID,EBIT / Capital Employed * 100,profitandloss + balancesheet,EXCELLENT,1.0,2026-07-19 11:42:20
INDIGO,Mar 2023,ROA,-29.85,VALID,PAT / Total Assets * 100,profitandloss + balancesheet,WEAK,1.0,2026-07-19 11:42:20
INDIGO,Mar 2024,NPM,11.85,VALID,Net Profit / Sales * 100,profitandloss,GOOD,1.0,2026-07-19 11:42:20
INDIGO,Mar 2024,OPM,76.3,OPM_MISMATCH,Operating Profit / Sales * 100,profitandloss,EXCELLENT,1.0,2026-07-19 11:42:20
INDIGO,Mar 2024,ROE,892.57,VALID,PAT / (Equity + Reserves) * 100,profitandloss + balancesheet,EXCELLENT,1.0,2026-07-19 11:42:20
INDIGO,Mar 2024,ROCE,5640.88,VALID,EBIT / Capital Employed * 100,profitandloss + balancesheet,EXCELLENT,1.0,2026-07-19 11:42:20
INDIGO,Mar 2024,ROA,668.33,VALID,PAT / Total Assets * 100,profitandloss + balancesheet,EXCELLENT,1.0,2026-07-19 11:42:20
